49.058,-122.2526,Abbotsford,BC
45.6501,-72.5658,Acton Vale,QC
46.0501,-71.0824,Adstock,QC
49.233,-121.7693,Agassiz,BC
51.3001,-114.0353,Airdrie,AB
43.8501,-79.0329,Ajax,ON
48.8832,-72.4487,Albanel,QC
46.8169,-64.0654,Alberton,PE
48.5501,-71.6491,Alma,QC
49.1047,-97.5596,Altona,MB
45.8334,-64.1987,Amherst,NS
42.1168,-83.0499,Amherstburg,ON
48.5669,-78.1162,Amos,QC
44.3168,-79.8829,Angus,ON
49.3164,-122.8526,Anmore,BC
45.6168,-61.9986,Antigonish,NS
50.4498,-119.2023,Armstrong,BC
45.4334,-76.3494,Arnprior,ON
45.7668,-71.9324,Asbestos,QC
50.7237,-121.2821,Ashcroft,BC
49.6334,-105.9845,Assiniboia,SK
54.7169,-113.2854,Athabasca,AB
48.7567,-91.6241,Atikokan,ON
42.7668,-80.983,Aylmer,ON
49.2168,-68.1489,Baie-Comeau,QC
45.414,-73.9159,Baie-D'Urfe,QC
45.0575,-77.857,Bancroft,ON
51.1762,-115.5698,Banff,AB
48.4335,-77.6328,Barraute,QC
54.1335,-114.4021,Barrhead,AB
44.4001,-79.6663,Barrie,ON
50.7834,-112.4685,Bassano,AB
47.5999,-53.2648,Bay Roberts,NL
45.4334,-73.8659,Beaconsfield,QC
45.3134,-73.8725,Beauharnois,QC
53.3501,-113.4187,Beaumont,AB
50.0622,-96.5167,Beausejour,MB
55.2166,-119.436,Beaverlodge,AB
46.3334,-72.4324,Becancour,QC
45.1168,-72.9824,Bedford,QC
46.0834,-62.882,Belfast,PE
44.1668,-77.3828,Belleville,ON
45.3159,-75.8301,Bells Corners,ON
45.5668,-73.1992,Beloeil,QC
46.0834,-73.1825,Berthierville,QC
45.0502,-64.7321,Berwick,NS
52.0668,-108.0014,Biggar,SK
50.7001,-114.2353,Black Diamond,AB
52.3834,-113.7853,Blackfalds,AB
45.6668,-73.8825,Blainville,QC
43.4668,-81.5998,Bluewater,ON
45.6168,-73.8325,Boisbriand,QC
45.6668,-73.7492,Bois-des-Filion,QC
49.2306,-100.0559,Boissevain,MB
53.8334,-113.4187,Bon Accord,AB
48.6499,-53.1147,Bonavista,NL
54.2668,-110.7351,Bonnyville,AB
49.1499,-55.3482,Botwood,NL
45.591,-73.436,Boucherville,QC
46.4684,-64.7391,Bouctouche,NB
45.4334,-75.1493,Bourget,ON
49.3847,-123.3362,Bowen Island,BC
49.8668,-111.3684,Bow Island,AB
45.0334,-79.3163,Bracebridge,ON
44.1168,-79.6163,Bradford West Gwillimbury,ON
43.6834,-79.7663,Brampton,ON
49.8469,-99.9531,Brandon,MB
43.1334,-80.3497,Brant,ON
43.1334,-80.2664,Brantford,ON
44.3835,-64.5155,Bridgewater,NS
44.5913,-75.687,Brockville,ON
45.3168,-72.6491,Bromont,QC
50.5834,-111.8851,Brooks,AB
45.4501,-73.4658,Brossard,QC
45.6834,-74.4159,Brownsburg-Chatham,QC
47.6167,-57.6152,Burgeo,NL
43.3862,-79.8371,Burlington,ON
49.2664,-122.9526,Burnaby,BC
54.2331,-125.7533,Burns Lake,BC
50.8101,-121.3246,Cache Creek,BC
51.0501,-114.0853,Calgary,AB
53.2668,-113.8187,Calmar,AB
43.3601,-80.3127,Cambridge,ON
43.036,-82.1616,Camlachie,ON
50.0163,-125.2446,Campbell River,BC
53.0168,-112.8353,Camrose,AB
45.3834,-73.5159,Candiac,QC
51.0834,-115.3521,Canmore,AB
51.6333,-102.4343,Canora,SK
49.1001,-66.6821,Cap-Chat,QC
49.8689,-99.3602,Carberry,MB
47.7332,-53.2148,Carbonear,NL
49.2,-113.3019,Cardston,AB
45.4501,-73.2992,Carignan,QC
45.1334,-76.1494,Carleton Place,ON
49.6333,-102.2677,Carlyle,SK
49.4992,-98.0016,Carman,MB
51.5668,-114.102,Carstairs,AB
45.3168,-75.0826,Casselman,ON
49.2998,-117.6689,Castlegar,BC
48.5166,-53.0814,Catalina,NL
45.4501,-73.2825,Chambly,QC
47.5702,-59.1367,Channel-Port aux Basques,NL
49.7834,-74.8492,Chapais,QC
45.7168,-73.4825,Charlemagne,QC
46.2353,-63.1267,Charlottetown,PE
50.8165,-119.6857,Chase,BC
45.3834,-73.7492,Chateauguay,QC
44.5423,-64.2389,Chester,NS
51.0334,-113.8187,Chestermere,AB
55.6999,-121.6363,Chetwynd,BC
49.9168,-74.3659,Chibougamau,QC
49.1664,-121.9526,Chilliwack,BC
49.1168,-68.399,Chute-aux-Outardes,QC
45.5501,-75.291,Clarence-Rockland,ON
48.1805,-53.9698,Clarenville-Shoal Harbour,NL
50.0333,-113.5852,Claresholm,AB
70.4692,-68.5914,Clyde River,NU
49.7167,-112.6185,Coaldale,AB
49.7464,-112.9325,Coalhurst,AB
45.1334,-71.7991,Coaticook,QC
43.9598,-78.1651,Cobourg,ON
51.1834,-114.4687,Cochrane,AB
54.4652,-110.1815,Cold Lake,AB
44.4834,-80.2164,Collingwood,ON
48.4329,-123.4859,Colwood,BC
47.4999,-52.9981,Conception Bay South,NL
43.8001,-79.4829,Concord,ON
45.8501,-73.2325,Contrecoeur,QC
45.4168,-71.6324,Cookshire-Eaton,QC
49.283,-122.7526,Coquitlam,BC
48.95,-57.952,Corner Brook,NL
46.2265,-63.2181,Cornwall,PE
45.0181,-74.7281,Cornwall,ON
45.4654,-73.6659,Cote-Saint-Luc,QC
49.6866,-124.9936,Courtenay,BC
45.2001,-72.7491,Cowansville,QC
45.9668,-73.4659,Crabtree,QC
49.4999,-115.7688,Cranbrook,BC
49.0999,-116.5021,Creston,BC
51.4334,-114.0353,Crossfield,AB
49.6163,-125.0361,Cumberland,BC
52.3334,-106.7679,Dalmeny,SK
45.7834,-72.0158,Danville,QC
44.6713,-63.5772,Dartmouth,NS
51.1494,-100.0502,Dauphin,MB
46.2001,-72.1324,Daveluyville,QC
55.7598,-120.2403,Dawson Creek,BC
46.1001,-77.4995,Deep River,ON
49.1667,-57.4316,Deer Lake,NL
42.9168,-81.4165,Delaware,ON
49.1908,-100.4948,Deloraine,MB
45.3668,-73.5492,Delson,QC
49.144,-122.9068,Delta,BC
44.2001,-77.0494,Deseronto,ON
45.5346,-73.9017,Deux-Montagnes,QC
53.3668,-113.7353,Devon,AB
51.6668,-114.1353,Didsbury,AB
46.0784,-64.6873,Dieppe,NB
44.6219,-65.7586,Digby,NS
48.8786,-72.2314,Dolbeau-Mistassini,QC
45.4945,-73.8242,Dollard-Des Ormeaux,QC
42.9834,-81.0664,Dorchester,ON
45.4473,-73.7533,Dorval,QC
53.2168,-114.9854,Drayton Valley,AB
45.8834,-72.4824,Drummondville,QC
49.7833,-92.7503,Dryden,ON
48.7829,-123.7027,Duncan,BC
50.6395,-93.2353,Ear Falls,ON
45.4834,-71.6658,East Angus,QC
53.5501,-113.4687,Edmonton,AB
53.5834,-116.4356,Edson,AB
50.0501,-114.8854,Elkford,BC
53.9002,-110.9017,Elk Point,AB
46.3834,-82.6332,Elliot Lake,ON
50.5498,-119.1523,Enderby,BC
47.8169,-79.8664,Englehart,ON
46.2584,-81.7665,Espanola,ON
50.65,-102.0843,Esterhazy,SK
49.1334,-102.9842,Estevan,SK
43.6542,-79.5671,Etobicoke,ON
56.0667,-118.3861,Fairview,AB
55.7334,-117.2026,Falher,AB
45.2834,-72.9824,Farnham,QC
46.7001,-75.4493,Ferme-Neuve,QC
52.7835,-67.082,Fermont,QC
49.5,-115.0687,Fernie,BC
54.7682,-101.865,Flin Flon,MB
51.65,-103.5343,Foam Lake,SK
45.8501,-76.7327,Fort-Coulonge,QC
42.9001,-78.9329,Fort Erie,ON
48.5999,-93.4003,Fort Frances,ON
49.7167,-113.4186,Fort Macleod,AB
56.7268,-111.381,Fort McMurray,AB
67.4386,-134.8854,Fort McPherson,NT
58.8053,-122.7002,Fort Nelson,BC
53.7168,-113.2187,Fort Saskatchewan,AB
60.0003,-111.8854,Fort Smith,NT
56.2499,-120.8529,Fort St. John,BC
54.4001,-116.8024,Fox Creek,AB
45.9454,-66.6656,Fredericton,NB
49.1165,-117.5522,Fruitvale,BC
48.7832,-54.2148,Gambo,NL
44.3334,-76.1661,Gananoque,ON
48.8334,-64.4819,Gaspe,QC
45.4772,-75.7016,Gatineau,QC
53.8334,-113.3353,Gibbons,AB
49.3954,-123.5055,Gibsons,BC
50.6336,-96.9907,Gimli,MB
68.626,-95.8784,Gjoa Haven,NU
46.197,-59.957,Glace Bay,NS
43.7501,-81.7165,Goderich,ON
51.3,-116.9689,Golden,BC
45.4001,-72.7324,Granby,QC
47.0999,-55.765,Grand Bank,NL
53.8834,-119.1359,Grande Cache,AB
55.1667,-118.8027,Grande Prairie,AB
48.9332,-55.6649,Grand Falls-Windsor,NL
49.0331,-118.4356,Grand Forks,BC
46.49,-80.99,Greater Sudbury,ON
49.8834,-106.5512,Gravelbourg,SK
44.9168,-79.3663,Gravenhurst,ON
44.2501,-76.9494,Greater Napanee,ON
49.7334,-87.1667,Greenstone,ON
44.9834,-64.8988,Greenwood,NS
56.1834,-117.6027,Grimshaw,AB
43.5459,-80.256,Guelph,ON
60.7522,-137.5108,Haines Junction,YT
43.2501,-79.8496,Hamilton,ON
45.4806,-73.6631,Hampstead,QC
45.5288,-65.8535,Hampton,NB
51.9192,-123.0446,Hanceville,BC
51.6334,-111.9018,Hanna,AB
44.1501,-81.033,Hanover,ON
45.0669,-64.1654,Hantsport,NS
53.3169,-60.3315,Happy Valley-Goose Bay,NL
47.4832,-55.7983,Harbour Breton,NL
50.2434,-63.6026,Havre-Saint-Pierre,QC
45.6001,-74.6159,Hawkesbury,ON
60.8156,-115.7999,Hay River,NT
49.8753,-97.409,Headingley,MB
49.6835,-83.6665,Hearst,ON
58.5169,-117.136,High Level,AB
55.4334,-116.4858,High Prairie,AB
50.5834,-113.8687,High River,AB
53.4001,-117.5857,Hinton,AB
49.383,-121.4414,Hope,BC
49.2145,-84.7762,Hornepayne,ON
54.3998,-126.6701,Houston,BC
45.4501,-74.1492,Hudson,QC
52.85,-102.3842,Hudson Bay,SK
52.2,-105.1255,Humboldt,SK
45.0834,-74.1659,Huntingdon,QC
45.3334,-79.2163,Huntsville,ON
43.6168,-81.2998,Huron East,ON
50.5334,-103.6677,Indian Head,SK
43.0334,-80.883,Ingersoll,ON
44.3001,-79.6496,Innisfil,ON
68.3499,-133.7218,Inuvik,NT
50.5167,-116.0354,Invermere,BC
63.747,-68.5173,Iqaluit,NU
48.7669,-80.6831,Iroquois Falls,ON
51.3237,-113.6047,Irricana,AB
52.8863,-118.0563,Jasper Park Lodge,AB
46.0168,-73.4492,Joliette,QC
50.6665,-120.3192,Kamloops,BC
51.5667,-101.9009,Kamsack,SK
49.4169,-82.4331,Kapuskasing,ON
49.8831,-119.4857,Kelowna,BC
46.4334,-63.6487,Kensington,PE
45.0771,-64.496,Kentville,NS
51.9168,-109.1348,Kerrobert,SK
44.2501,-79.4663,Keswick,ON
52.7834,-111.8517,Killam,AB
49.1833,-99.6636,Killarney,MB
49.6707,-115.9776,Kimberley,BC
51.4668,-109.1682,Kindersley,SK
45.8501,-72.0658,Kingsey Falls,QC
44.2298,-76.481,Kingston,ON
45.4501,-73.8659,Kirkland,QC
48.1446,-80.0377,Kirkland Lake,ON
43.4254,-80.5112,Kitchener,ON
54.0524,-128.6534,Kitimat,BC
67.8274,-115.0965,Kugluktuk,NU
46.2834,-74.7326,Labelle,QC
52.9463,-66.9114,Labrador City,NL
49.5169,-96.5003,La Broquerie,MB
45.2168,-72.5158,Lac-Brome,QC
50.2536,-96.0612,Lac du Bonnet,MB
45.6501,-74.3325,Lachute,QC
54.7669,-111.9686,Lac La Biche,AB
45.5834,-70.8823,Lac-Megantic,QC
45.0834,-73.3658,Lacolle,QC
52.4668,-113.7353,Lacombe,AB
48.9902,-123.817,Ladysmith,BC
48.825,-124.0546,Lake Cowichan,BC
43.1668,-81.9331,Lambton Shores,ON
53.7669,-112.802,Lamont,AB
50.85,-101.7176,Langenburg,SK
48.4496,-123.5026,Langford,BC
52.3668,-106.9679,Langham,SK
49.1011,-122.6588,Langley,BC
49.083,-122.5859,Langley,BC
51.8501,-105.0344,Lanigan,SK
45.4168,-73.4992,La Prairie,QC
55.1001,-105.2842,La Ronge,SK
48.8002,-79.1996,La Sarre,QC
45.8232,-73.4294,L'Assomption,QC
47.4334,-72.7824,La Tuque,QC
45.5699,-73.692,Laval,QC
45.8834,-73.2824,Lavaltrie,QC
49.0502,-76.9827,Lebel-sur-Quevillon,QC
53.2668,-113.552,Leduc,AB
45.8501,-73.4825,L'Epiphanie,QC
45.3001,-74.0492,Les Cedres,QC
45.2834,-74.2325,Les Coteaux,QC
49.7,-112.8186,Lethbridge,AB
49.2499,-55.0482,Lewisporte,NL
45.3834,-73.9492,L'Ile-Perrot,QC
49.4522,-123.2376,Lions Bay,BC
45.9793,-81.9248,Little Current,ON
53.2835,-110.0016,Lloydminster,SK
50.4998,-120.8025,Logan Lake,BC
42.9834,-81.233,London,ON
45.5312,-73.5181,Longueuil,QC
45.6834,-73.7825,Lorraine,QC
46.2559,-72.9415,Louiseville,QC
50.2498,-118.969,Lumby,BC
50.6501,-104.8678,Lumsden,SK
44.3785,-64.3166,Lunenburg,NS
48.7502,-78.9996,Macamic,QC
52.3334,-109.9348,Macklin,SK
45.2668,-72.1491,Magog,QC
49.4167,-112.8686,Magrath,AB
48.1335,-78.1328,Malartic,QC
46.3834,-75.966,Maniwaki,QC
56.9168,-117.6195,Manning,AB
49.9168,-109.4848,Maple Creek,SK
49.2194,-122.6019,Maple Ridge,BC
48.7501,-86.4332,Marathon,ON
45.4334,-73.1659,Marieville,QC
43.8668,-79.2663,Markham,ON
52.2834,-106.6679,Martensville,SK
47.1666,-55.1483,Marystown,NL
45.7497,-73.5996,Mascouche,QC
46.2286,-73.0192,Maskinonge,QC
49.7502,-77.6328,Matagami,QC
46.3168,-78.6996,Mattawa,ON
53.9502,-115.1355,Mayerthorpe,AB
54.1335,-108.4347,Meadow Lake,SK
50.0501,-110.6683,Medicine Hat,AB
52.8667,-104.6177,Melfort,SK
49.2681,-100.9967,Melita,MB
50.9167,-102.801,Melville,SK
45.3168,-73.7492,Mercier,QC
50.1123,-120.7942,Merritt,BC
48.3829,-123.5359,Metchosin,BC
44.9428,-65.0702,Middleton,NS
44.7501,-79.883,Midland,ON
53.1001,-113.4687,Millet,AB
43.5168,-79.8829,Milton,ON
50.2453,-99.8436,Minnedosa,MB
45.6501,-74.0825,Mirabel,QC
47.029,-65.5019,Miramichi,NB
43.5789,-79.6583,Mississauga,ON
46.1159,-64.8019,Moncton,NB
46.1668,-62.6487,Montague,PE
46.5501,-75.4993,Mont-Laurier,QC
45.5088,-73.5878,Montreal,QC
45.632,-73.5075,Montreal-Est,QC
45.4529,-73.6492,Montreal-Ouest,QC
45.5168,-73.6492,Mont-Royal,QC
45.5668,-73.1992,Mont-Saint-Hilaire,QC
46.2127,-74.5844,Mont-Tremblant,QC
50.4001,-105.5345,Moose Jaw,SK
50.1333,-101.6677,Moosomin,SK
49.1919,-98.1014,Morden,MB
53.8001,-113.652,Morinville,AB
49.355,-97.3657,Morris,MB
47.5166,-52.7814,Mount Pearl,NL
45.9967,-67.2403,Nackawic,NB
50.2499,-117.8023,Nakusp,BC
49.1664,-123.94,Nanaimo,BC
50.3501,-113.7687,Nanton,AB
45.1865,-73.4047,Napierville,QC
48.1668,-89.4168,Neebing,ON
50.2289,-99.4664,Neepawa,MB
49.4999,-117.2855,Nelson,BC
45.5834,-62.6486,New Glasgow,NS
44.0501,-79.4663,Newmarket,ON
49.2068,-122.9109,New Westminster,BC
43.1001,-79.0663,Niagara Falls,ON
46.2168,-72.6158,Nicolet,QC
53.3668,-104.0009,Nipawin,SK
49.6056,-97.0423,Niverville,MB
42.8334,-80.383,Norfolk County,ON
48.8333,-72.5321,Normandin,QC
65.282,-126.8329,Norman Wells,NT
52.7797,-108.2967,North Battleford,SK
46.3168,-79.4663,North Bay,ON
48.8413,-123.686,North Cowichan,BC
43.7251,-80.9672,North Perth,ON
48.6663,-123.4193,North Saanich,BC
49.3164,-123.0693,North Vancouver,BC
43.7668,-79.4163,North York,ON
45.3668,-73.9325,Notre-Dame-de-l'Ile-Perrot,QC
46.0501,-73.4325,Notre-Dame-des-Prairies,QC
48.4496,-123.3026,Oak Bay,BC
43.4501,-79.6829,Oakville,ON
45.4649,-74.0889,Oka,QC
50.7289,-113.9828,Okotoks,AB
51.7834,-114.102,Olds,AB
49.1831,-119.5524,Oliver,BC
43.9168,-80.0997,Orangeville,ON
44.6087,-79.4207,Orillia,ON
45.1334,-73.9992,Ormstown,QC
45.8351,-66.4792,Oromocto,NB
43.9001,-78.8496,Oshawa,ON
49.0331,-119.4524,Osoyoos,BC
45.4112,-75.6981,Ottawa,ON
45.5334,-73.2159,Otterburn Park,QC
51.5001,-107.0513,Outlook,SK
44.5672,-80.9435,Owen Sound,ON
49.2334,-102.1676,Oxbow,SK
45.7334,-63.8654,Oxford,NS
66.1451,-65.7125,Pangnirtung,NU
45.6168,-75.016,Papineauville,QC
49.3195,-124.3157,Parksville,BC
45.4057,-64.3259,Parrsboro,NS
45.3473,-80.0353,Parry Sound,ON
49.0167,-57.5984,Pasadena,NL
56.2501,-117.286,Peace River,AB
49.7665,-119.7357,Peachland,BC
50.3164,-122.8027,Pemberton,BC
45.8168,-77.1162,Pembroke,ON
52.1334,-113.8687,Penhold,AB
49.4806,-119.5858,Penticton,BC
44.9001,-76.2494,Perth,ON
45.8945,-77.2801,Petawawa,ON
44.3001,-78.3162,Peterborough,ON
42.8668,-82.1498,Petrolia,ON
43.9001,-79.1329,Pickering,ON
44.0001,-77.1328,Picton,ON
45.6788,-62.7094,Pictou,NS
49.8833,-112.7852,Picture Butte,AB
46.0703,-72.8113,Pierreville,QC
50.4668,-104.4178,Pilot Butte,SK
49.4833,-113.9519,Pincher Creek,AB
45.3834,-73.9825,Pincourt,QC
49.2212,-122.6897,Pitt Meadows,BC
45.4487,-73.8167,Pointe-Claire,QC
52.6768,-113.5815,Ponoka,AB
48.8833,-72.0825,Pont Rouge,QC
49.9728,-98.2926,Portage la Prairie,MB
49.2413,-124.8028,Port Alberni,BC
50.0334,-66.8654,Port-Cartier,QC
42.9001,-79.2329,Port Colborne,ON
45.6168,-61.3485,Port Hawkesbury,NS
49.283,-122.8526,Port Moody,BC
46.0334,-79.3496,Powassan,ON
49.8702,-124.5493,Powell River,BC
51.95,-102.6677,Preeceville,SK
44.7168,-75.516,Prescott,ON
45.8668,-74.0825,Prevost,QC
53.2001,-105.7677,Prince Albert,SK
44.0001,-77.2495,Prince Edward,ON
53.9166,-122.753,Prince George,BC
54.3151,-130.321,Prince Rupert,BC
49.458,-120.5108,Princeton,BC
45.7668,-61.2985,Princeville,NS
52.3501,-110.2683,Provost,AB
52.9784,-122.4931,Quesnel,BC
44.1834,-77.5662,Quinte West,ON
62.8173,-92.0832,Rankin Inlet,NU
46.0501,-73.7159,Rawdon,QC
49.45,-112.6518,Raymond,AB
46.6087,-81.2076,Rayside-Balfour,ON
52.2668,-113.802,Red Deer,AB
51.0168,-93.8337,Red Lake,ON
50.4501,-104.6178,Regina,SK
45.4668,-76.6827,Renfrew,ON
45.7422,-73.4501,Repentigny,QC
50.9832,-118.2023,Revelstoke,BC
45.4434,-73.246,Richelieu,QC
46.6807,-64.8804,Richibucto,NB
45.6668,-72.1491,Richmond,QC
49.17,-123.1368,Richmond,BC
43.8711,-79.4373,Richmond Hill,ON
45.4793,-74.3024,Rigaud,QC
52.6334,-114.2353,Rimbey,AB
50.0308,-100.2403,Rivers,MB
46.4168,-74.866,Riviere-Rouge,QC
48.5168,-72.2324,Roberval,QC
51.23,-101.3565,Roblin,MB
52.3668,-114.9188,Rocky Mountain House,AB
45.6334,-73.7992,Rosemere,QC
51.5501,-108.0014,Rosetown,SK
49.0831,-117.8022,Rossland,BC
52.6668,-106.3345,Rosthern,SK
45.4334,-73.0491,Rougemont,QC
48.2366,-79.0231,Rouyn-Noranda,QC
45.9188,-64.3846,Sackville,NB
48.4168,-71.0657,Saguenay,QC
48.5501,-71.3324,Saint-Ambroise,QC
45.7168,-75.066,Saint-Andre-Avellin,QC
45.0737,-67.0531,Saint Andrews,NB
51.226,-58.6502,Saint-Augustin,QC
45.5334,-73.2825,Saint-Basile-le-Grand,QC
48.4668,-71.6491,Saint-Bruno,QC
47.4669,-79.433,Saint-Bruno-de-Guigues,QC
45.5334,-73.3492,Saint-Bruno-de-Montarville,QC
45.4168,-72.9991,Saint-Cesaire,QC
45.7334,-74.1325,Saint-Colomban,QC
46.0668,-70.5157,Saint-Come--Liniere,QC
45.3668,-73.5659,Saint-Constant,QC
45.9334,-72.4324,Saint-Cyrille-de-Wendover,QC
45.5334,-72.9991,Saint-Damase,QC
45.7834,-73.1492,Saint-Denis-sur-Richelieu,QC
45.9501,-74.1325,Sainte-Adele,QC
46.0501,-74.2825,Sainte-Agathe-des-Monts,QC
45.4062,-73.9456,Sainte-Anne-de-Bellevue,QC
49.124,-66.4924,Sainte-Anne-des-Monts,QC
45.7647,-73.8116,Sainte-Anne-des-Plaines,QC
46.3184,-72.5663,Sainte-Catherine,QC
45.5834,-73.3325,Sainte-Julie,QC
45.9668,-73.7159,Sainte-Julienne,QC
45.5334,-73.9325,Sainte-Marthe-sur-le-Lac,QC
45.2501,-73.7992,Sainte-Martine,QC
45.8168,-73.8992,Sainte-Sophie,QC
46.8168,-72.4991,Sainte-Thecle,QC
45.6392,-73.8276,Sainte-Therese,QC
45.565,-73.9055,Saint-Eustache,QC
48.6501,-72.4491,Saint-Felicien,QC
46.1668,-73.4325,Saint-Felix-de-Valois,QC
46.3001,-73.3825,Saint-Gabriel,QC
48.5001,-71.7658,Saint-Gedeon,QC
45.8334,-72.5658,Saint-Germain-de-Grantham,QC
45.6308,-72.957,Saint-Hyacinthe,QC
45.9501,-73.5659,Saint-Jacques,QC
45.3071,-73.2626,Saint-Jean-sur-Richelieu,QC
45.7804,-74.0036,Saint-Jerome,QC
45.2727,-66.0677,Saint John,NB
45.9668,-71.3658,Saint-Joseph-de-Coleraine,QC
45.5001,-73.6659,Saint-Laurent,QC
45.4001,-74.1326,Saint-Lazare,QC
45.5877,-73.595,Saint-Leonard,QC
45.8501,-73.7659,Saint-Lin-Laurentides,QC
46.6833,-72.0491,Saint-Marc-des-Carrieres,QC
46.6834,-73.9159,Saint-Michel-des-Saints,QC
45.5032,-72.9085,Saint-Pie,QC
45.467,-73.6095,Saint-Raymond,QC
45.2668,-73.6159,Saint-Remi,QC
45.8869,-74.1794,Saint-Sauveur,QC
46.7334,-72.5658,Saint-Tite,QC
45.2501,-74.1325,Salaberry-de-Valleyfield,QC
46.0391,-65.0463,Salisbury,NB
49.1999,-117.2689,Salmo,BC
50.6998,-119.3024,Salmon Arm,BC
42.9787,-82.4041,Sarnia,ON
52.1168,-106.6345,Saskatoon,SK
46.5168,-84.3333,Sault Ste. Marie,ON
49.4751,-123.759,Sechelt,BC
50.1436,-96.8845,Selkirk,MB
48.393,-77.2395,Senneterre,QC
50.2001,-66.3821,Sept-Iles,QC
55.35,-118.786,Sexsmith,AB
49.6501,-108.4181,Shaunavon,SK
46.5667,-72.7491,Shawinigan,QC
45.6001,-76.4827,Shawville,QC
46.2198,-64.5411,Shediac,NB
43.7632,-65.3235,Shelburne,NS
44.0787,-80.2041,Shelburne,ON
53.2168,-106.4011,Shellbrook,SK
45.4001,-71.8991,Sherbrooke,QC
53.5168,-113.3187,Sherwood Park,AB
50.8331,-118.9857,Sicamous,BC
55.2834,-114.769,Slave Lake,AB
54.7804,-127.1743,Smithers,BC
44.9045,-76.0233,Smiths Falls,ON
54.1169,-112.4686,Smoky Lake,AB
48.3746,-123.7276,Sooke,BC
46.0334,-73.1158,Sorel-Tracy,QC
46.3501,-62.2486,Souris,PE
49.6172,-100.2612,Souris,MB
43.3168,-81.5165,South Huron,ON
45.8334,-79.3829,South River,ON
49.7333,-114.8853,Sparwood,BC
55.7833,-118.8361,Spirit River,AB
45.6501,-64.0487,Springhill,NS
53.5334,-113.9187,Spruce Grove,AB
53.6334,-113.6353,St. Albert,AB
43.1713,-79.2427,St. Catharines,ON
49.5258,-96.6845,Steinbach,MB
48.55,-58.5818,Stephenville,NL
48.5,-58.4318,Stephenville Crossing,NL
52.3168,-112.7186,Stettler,AB
50.1344,-97.3268,Stonewall,MB
53.5334,-114.002,Stony Plain,AB
43.3668,-80.9497,Stratford,ON
51.0501,-113.3852,Strathmore,AB
42.7736,-81.1804,St. Thomas,ON
49.5998,-119.6691,Summerland,BC
46.3959,-63.7876,Summerside,PE
51.8001,-114.6353,Sundre,AB
49.1063,-122.8251,Surrey,BC
45.7227,-65.5066,Sussex,NB
45.1001,-72.6158,Sutton,QC
54.7168,-115.4023,Swan Hills,AB
52.1058,-101.2676,Swan River,MB
50.2834,-107.8013,Swift Current,SK
52.3168,-114.0853,Sylvan Lake,AB
49.787,-112.146,Taber,AB
46.7212,-79.0971,Temiscaming,QC
47.4938,-79.7153,Temiskaming Shores,ON
54.5163,-128.6035,Terrace,BC
45.7,-73.6473,Terrebonne,QC
53.8251,-101.2541,The Pas,MB
46.2501,-83.5666,Thessalon,ON
55.7435,-97.8558,Thompson,MB
43.1168,-79.1996,Thorold,ON
51.7001,-113.2686,Three Hills,AB
48.382,-89.2502,Thunder Bay,ON
45.6001,-75.2493,Thurso,QC
48.4669,-81.3331,Timmins,ON
52.85,-104.051,Tisdale,SK
45.2501,-81.6665,Tobermory,ON
53.3668,-112.6686,Tofield,AB
47.6666,-52.7313,Torbay,NL
43.7001,-79.4163,Toronto,ON
49.0998,-117.7022,Trail,BC
46.3451,-72.5477,Trois-Rivieres,QC
45.3668,-63.2654,Truro,NS
55.1303,-120.9942,Tumbler Ridge,BC
53.7169,-111.7518,Two Hills,AB
48.9415,-125.5464,Ucluelet,BC
52.4501,-109.1682,Unity,SK
44.1001,-79.1163,Uxbridge,ON
45.5001,-72.3158,Valcourt,QC
46.0334,-74.2159,Val-David,QC
45.6501,-75.666,Val-des-Monts,QC
48.1002,-77.7828,Val-d'Or,QC
55.0667,-117.2858,Valleyview,AB
49.2497,-123.1193,Vancouver,BC
54.0166,-124.0198,Vanderhoof,BC
45.6834,-73.4325,Varennes,QC
45.4001,-74.0325,Vaudreuil-Dorion,QC
43.8361,-79.4983,Vaughan,ON
53.5001,-112.0518,Vegreville,AB
45.7834,-73.3492,Vercheres,QC
53.3541,-110.8585,Vermilion,AB
50.2673,-119.2734,Vernon,BC
48.4329,-123.3693,Victoria,BC
46.0501,-71.9658,Victoriaville,QC
53.1001,-111.7684,Viking,AB
47.3334,-79.433,Ville-Marie,QC
49.8508,-100.9326,Virden,MB
50.4001,-113.2519,Vulcan,AB
47.6332,-52.9481,Wabana,NL
51.95,-103.801,Wadena,SK
52.839,-110.8572,Wainwright,AB
45.6668,-75.8327,Wakefield,QC
42.6152,-82.514,Walpole Island,ON
52.3168,-106.5679,Warman,SK
45.9501,-71.9824,Warwick,QC
44.5168,-80.0164,Wasaga Beach,ON
45.3501,-72.5158,Waterloo,QC
43.4668,-80.5164,Waterloo,ON
51.6668,-105.4679,Watrous,SK
60.0635,-128.7089,Watson Lake,YT
42.9834,-79.2496,Welland,ON
55.1499,-119.136,Wembley,AB
49.2833,-123.1333,West End,BC
54.1502,-113.8688,Westlock,AB
45.4834,-73.5992,Westmount,QC
52.9668,-113.3687,Wetaskiwin,AB
49.6668,-103.8511,Weyburn,SK
50.1164,-122.9695,Whistler,BC
50.4334,-104.3678,White City,SK
54.1501,-115.6855,Whitecourt,AB
60.7161,-135.0538,Whitehorse,YT
49.0164,-122.8026,White Rock,BC
52.4168,-108.7014,Wilkie,SK
52.1415,-122.1445,Williams Lake,BC
44.9834,-64.132,Windsor,NS
45.5668,-71.9991,Windsor,QC
42.3001,-83.0165,Windsor,ON
43.8879,-81.3114,Wingham,ON
49.1817,-97.941,Winkler,MB
49.8844,-97.147,Winnipeg,MB
45.0834,-64.3655,Wolfville,NS
43.1334,-80.7497,Woodstock,ON
51.7667,-104.1844,Wynyard,SK
46.2668,-72.8324,Yamachiche,QC
43.8334,-66.1156,Yarmouth,NS
62.456,-114.3525,Yellowknife,NT
51.2167,-102.4677,Yorkton,SK
46.2178,-70.7787,Beauceville,QC
44.6453,-63.5724,Halifax,NS
47.5649,-52.7093,St. John's,NL
47.0443,-70.8953,Beaupre,QC
46.9603,-71.0322,Chateau-Richer,QC
46.8123,-71.2145,Quebec,QC
46.8033,-71.1779,Levis,QC
46.9804,-70.5549,Montmagny,QC
46.6982,-71.5828,Neuville,QC
48.4488,-68.524,Rimouski,QC
47.827,-69.5424,Riviere-du-Loup,QC
46.1351,-60.1831,Sydney,NS
49.1531,-125.9074,Tofino,BC
46.7939,-71.3519,L'Ancienne-Lorette,QC
47.3737,-68.3251,Edmundston,NB
46.8524,-71.6206,Sainte Catherine de la Jacques Cartier,QC
47.4411,-70.4986,Baie-Saint-Paul,QC
48.1075,-66.128,Carleton-sur-Mer,QC
48.0075,-66.6727,Campbellton,NB
47.6181,-65.6511,Bathurst,NB
48.8286,-67.522,Matane,QC
43.2,-80.3833,Paris,ON
48.4638,-67.4313,Amqui,QC
64.0601,-139.4333,Dawson City,YT
48.3494,-64.6793,Chandler,QC
48.0457,-65.4926,Bonaventure,QC
48.1606,-65.8582,New-Richmond,QC
46.0937,-71.3054,Thetford-Mines,QC
47.6806,-68.8781,Cabano,QC
48.7381,-69.0848,Forestville,QC
48.5839,-68.1921,Mont-Joli,QC
50.6856,-121.942,Lillooet,BC
47.654,-70.1527,La Malbaie,QC
46.434,-71.0117,Sainte-Marie,QC
46.2186,-71.762,Plessisville,QC
43.7722,-79.2567,Scarborough,ON
46.8766,-71.6154,Fossambault-sur-lac,QC
44.6724,-63.4751,Cole Harbour,NS
50.3639,-119.35,Okanagan,BC
49.8625,-119.5833,West Kelowna,BC
47.5144,-64.9181,Tracadie-Sheila,NB
46.6667,-70.7167,Bellechasse Regional County Municipality,QC
51.4044,-116.2848,Lake Louise,AB
46.2367,-60.2177,Sydney Mines,NS
48.4165,-71.2488,Jonquiere,QC
46.6716,-71.7881,Cap-Sante,QC
46.7406,-71.4513,Saint-Augustin-de-Desmaures,QC
46.6804,-71.7239,Donnacona,QC
47.3484,-70.0619,La Pocatiere,QC
46.3,-70.8667,Saint-Joseph-de-Beauce,QC
48.41,-71.78,Metabetchouan-Lac-a-la-Croix,QC
49.0894,-123.0824,Ladner,BC
49.1647,-122.6404,Walnut Grove,BC
49.058,-122.4709,Aldergrove,BC
47.1632,-67.9246,Saint-Leonard,NB
47.213,-67.9285,Harrison Brook,NB
44.299,-78.5599,Omemee,ON
44.2483,-76.9507,Napanee Downtown,ON
44.2512,-76.9442,Skatepark,ON
46.6804,-71.2233,Breakeyville,QC
46.6635,-71.5734,Saint-Antoine-de-Tilly,QC
43.2181,-79.9872,Ancaster,ON
46.8803,-71.5146,Shannon,QC
46.6931,-71.0693,Saint-Henri,QC
46.5862,-71.2089,Saint-Lambert-de-Lauzon,QC
47.4631,-69.2267,Pohenegamook,QC
46.7547,-71.6957,Pont-Rouge,QC
46.1716,-71.8746,Princeville,QC
49.3667,-123.1665,West Vancouver,BC
43.7667,-79.3991,Willowdale,ON
46.4435,-67.6154,Florenceville-Bristol,NB
47.7607,-69.4775,Saint-Antonin,QC
22.5441,-98.1507,Cuauhtemoc,Tamaulipas
22.3428,-98.7064,Santa Martha,San Luis Pot
22.8694,-98.7589,Gustavo A. Madero,Tamaulipas
22.9962,-98.9422,Xicotencatl,Tamaulipas
24.8475,-98.1483,San Fernando,Tamaulipas
25.9587,-97.8128,El Control,Tamaulipas
26.2316,-98.5956,Gustavo Diaz Ordaz,Tamaulipas
21.9134,-98.8578,Nueva Primavera,San Luis Pot
21.6014,-99.0108,Tamcuime,San Luis Pot
21.6364,-99.0255,Tampate,San Luis Pot
19.7967,-99.0995,Zumpango,Mexico
17.6532,-99.5261,Zumpango del Rio,Guerrero
18.9164,-99.5657,Zumpahuacan,Mexico
20.1405,-97.5757,Zozocolco de Hidalgo,Puebla
20.009,-97.5961,Zoquiopan,Puebla
19.9785,-97.727,Zongozotla,Puebla
18.6667,-96.9971,Zongolica,Veracruz
19.4173,-99.4933,Santa Maria Zolotepec,Mexico
17.6905,-99.1864,Zitlala,Guerrero
16.7607,-92.7238,Zinacantan,Chiapas
16.8694,-96.7844,Zimatlan de Alvarez,Oaxaca
20.7381,-99.3818,Zimapan,Hidalgo
19.9159,-98.666,Zempoala,Hidalgo
19.4452,-96.4075,Zempoala,Veracruz
21.2797,-97.7206,Zaragoza,Veracruz
19.771,-97.5551,Zaragoza,Puebla
19.1483,-99.644,Zaragoza de Guadalupe,Morelos
19.9771,-98.8642,Zapotlan de Juarez,Hidalgo
17.8896,-97.8185,Zapotitlan Palmas,Oaxaca
20.65,-98.6563,Zacualtipan,Hidalgo
18.7159,-99.7806,Zacualpan,Mexico
19.9337,-97.9612,Zacatlan,Puebla
19.2663,-97.5328,Zacatepec,Puebla
18.6539,-99.1905,Zacatepec,Morelos
19.8727,-97.589,Zacapoaxtla,Puebla
18.5941,-98.0658,Zacapala,Puebla
21.2476,-97.7215,Zacamixtle,Veracruz
16.951,-96.7494,Villa de Zaachila,Oaxaca
17.4324,-97.611,San Pedro Martir Yucuxaco,Oaxaca
16.4613,-96.7879,Santiago Yogana,Oaxaca
17.3847,-97.3553,Magdalena Yodocono de Porfirio Diaz,Oaxaca
17.082,-96.6658,San Agustin Yatareni,Oaxaca
18.795,-97.6625,Yehualtepec,Puebla
19.8661,-96.7784,Yecuatla,Veracruz
18.8833,-98.865,Yecapixtla,Morelos
21.0614,-89.4193,Yaxkukul,Yucatan
16.726,-96.4719,Yaxe,Oaxaca
20.5485,-88.8271,Yaxcaba,Yucatan
18.8819,-99.0671,Yautepec,Morelos
19.8708,-97.4659,Yaonahuac,Puebla
18.8332,-96.7982,Yanga,Veracruz
17.1728,-92.3332,Yajalon,Chiapas
20.8757,-98.4239,Xoxolpa,Hidalgo
18.685,-99.2461,Xoxocotla,Morelos
18.5047,-97.0794,Xopilapa,Veracruz
19.4051,-99.5281,Xonacatlan,Morelos
19.6425,-98.8826,Xometla,Morelos
19.0151,-97.1009,Xocotla,Veracruz
18.7039,-97.7761,Xochitlan Todos Santos,Puebla
18.7812,-99.2305,Xochitepec,Morelos
16.7891,-98.2417,Xochistlahuaca,Guerrero
19.2579,-99.1051,Xochimilco,Mexico City
17.9062,-98.4882,Xochihuehuetlan,Guerrero
21.3868,-98.9901,Xilitla,San Luis Pot
20.2761,-97.9611,Xicotepec de Juarez,Puebla
19.4218,-97.0082,Xico,Veracruz
19.2702,-98.9359,San Miguel Xico Viejo,Mexico
18.2371,-97.9752,Xayacatlan de Bravo,Puebla
16.362,-95.0183,Santa Maria Xadani,Oaxaca
17.0987,-99.7153,Xaltianguis,Guerrero
20.1755,-97.9721,Xaltepuxtla,Puebla
18.8758,-97.612,Xaltepec,Puebla
17.4707,-98.6068,Xalpatlahuac,Guerrero
19.4078,-98.046,Xaloztoc,Tlaxcala
19.2121,-98.3795,Santa Ana Xalmimilulco,Puebla
19.5167,-99.2167,Vista Hermosa,Mexico
19.4099,-97.637,San Antonio Virreyes,Puebla
19.4369,-99.9959,Villa Victoria,Mexico
19.0217,-96.6151,Camaron de Tejeda,Veracruz
19.3587,-99.2033,Alvaro Obregon,Mexico City
17.9869,-92.9303,Villahermosa,Tabasco
19.4902,-99.1098,Gustavo A. Madero,Mexico City
18.9625,-99.6412,Villa Guerrero,Mexico
17.9232,-91.1705,El Triunfo,Tabasco
22.1844,-97.8347,Villa Cuauhtemoc,Veracruz
19.4168,-99.5587,Villa Cuauhtemoc Otzolotepec,Mexico
16.1851,-93.2688,Villa Corzo,Chiapas
15.2145,-92.5773,Villa Comaltitlan,Chiapas
18.1375,-95.6583,Tesechoacan,Veracruz
19.6486,-97.2233,Villa Aldama,Veracruz
19.1809,-96.1429,Veracruz,Veracruz
16.3394,-92.5629,Venustiano Carranza,Chiapas
14.9776,-92.2654,Veinte de Noviembre,Chiapas
20.0282,-96.6475,Vega de Alatorre,Veracruz
25.6718,-97.8118,Valle Hermoso,Tamaulipas
20.6881,-88.1994,Valladolid,Yucatan
19.4045,-96.3596,Ursulo Galvan,Veracruz
16.4723,-94.8295,Union Hidalgo,Oaxaca
20.8821,-89.7465,Uman,Yucatan
21.0313,-89.7447,Ucu,Yucatan
20.7178,-88.3169,Uayma,Yucatan
20.0724,-89.0502,Tzucacab,Yucatan
19.3722,-98.087,San Salvador Tzompantepec,Tlaxcala
20.0294,-97.5405,Tzinacapan,Puebla
16.2667,-92.2667,Tzimol,Chiapas
20.0657,-97.5752,Tuzamapan de Galeana,Puebla
19.4025,-96.8636,Tuzamapan,Veracruz
16.7597,-93.1131,Tuxtla Gutierrez,Chiapas
14.938,-92.168,Tuxtla Chico,Chiapas
20.0004,-97.6553,Tuxtla,Puebla
20.9577,-97.408,Tuxpan de Rodriguez Cano,Veracruz
20.9029,-88.7517,Tunkas,Yucatan
20.2117,-87.4633,Tulum,Quintana Roo
19.6476,-99.168,Tultitlan,Mexico
19.685,-99.1281,Tultepec,Mexico
18.0437,-98.4407,Tulcingo de Valle,Puebla
20.0836,-98.3633,Tulancingo,Hidalgo
20.0516,-99.344,Tula de Allende,Hidalgo
22.9964,-99.7117,Tula,Tamaulipas
16.9214,-96.7638,Trinidad Zaachila,Oaxaca
15.8821,-93.5287,Tres Picos,Chiapas
19.5431,-96.7411,Trapiche del Rosario,Veracruz
19.2117,-96.9612,Totutla,Veracruz
17.2568,-96.0279,Totontepec Villa de Morelos,Oaxaca
18.2256,-97.8551,Totoltepec de Guerrero,Puebla
18.9849,-98.9207,Totolapan,Morelos
16.5436,-92.6802,Totolapa,Chiapas
19.2311,-99.5912,San Miguel Totocuitlapilco,Morelos
17.0612,-96.6228,Santo Domingo Tomaltepec,Oaxaca
18.7819,-97.0597,Tonalixco,Veracruz
19.031,-97.0099,Tomatlan,Veracruz
19.2879,-99.6532,Toluca,Mexico
19.2667,-96.3947,Tolome,Veracruz
19.9581,-98.9194,Tolcayuca,Morelos
18.95,-97.0167,Tocuila,Veracruz
18.8399,-97.8242,Tochtepec,Puebla
18.9,-98.5667,Tochimilco,Puebla
19.3886,-98.0274,Tocatlan,Tlaxcala
18.9556,-98.9811,Tlayacapan,Morelos
19.6144,-98.12,Tlaxco,Tlaxcala
20.0916,-99.2204,Tlaxcoapan,Hidalgo
20.4234,-98.0292,Tlaxco,Puebla
19.0286,-98.2833,Tlazcalancingo,Puebla
19.8477,-97.4972,Tlatlauquitepec,Puebla
18.5964,-99.1864,Tlatenchi,Morelos
18.6369,-99.1621,Tlaquiltenango,Morelos
17.5404,-98.5795,Tlapa de Comonfort,Guerrero
19.9627,-97.2114,Tlapacoyan,Veracruz
18.8649,-97.8866,Santa Isabel Tlanepantla,Puebla
20.9919,-98.6572,Tlanchinol,Hidalgo
19.8187,-98.604,Tlanalapa,Hidalgo
19.2508,-97.276,Tlanalapan,Puebla
17.5031,-99.2258,Tlamixtlahuacan,Guerrero
18.4968,-99.5019,Tlamacazapa,Guerrero
18.6859,-99.1198,Tlaltizapan,Morelos
19.1716,-98.3427,Tlaltenango,Puebla
19.2971,-99.1679,Tlalpan,Mexico City
19.5401,-99.1954,Tlalnepantla,Mexico
19.0092,-98.9972,Tlalnepantla,Morelos
19.2081,-98.8014,Tlalmanalco de Velazquez,Mexico
17.0711,-96.6471,Tlalixtac de Cabrera,Oaxaca
18.8022,-96.0606,Tlalixcoyan,Veracruz
18.9669,-98.8078,San Andres Tlalamac,Mexico
20.6508,-98.5752,Tlahuelompa (San Francisco Tlahuelompa),Hidalgo
20.1308,-99.2314,Tlahuelilpan,Hidalgo
19.2835,-99.0032,Tlahuac,Mexico City
20.3257,-98.0687,Tlacuilotepec,Puebla
18.9858,-98.8061,San Jose Tlacotitlan,Mexico
20.0603,-97.8492,Tlacotepec (San Mateo),Puebla
19.1895,-96.838,Tlacotepec de Mejia,Veracruz
18.8022,-98.7497,Tlacotepec,Morelos
17.7898,-99.9796,Tlacotepec,Guerrero
18.6133,-95.6589,Tlacotalpan,Veracruz
16.9547,-96.4759,Tlacolula de Matamoros,Oaxaca
18.231,-95.9468,Tlacojalpan,Veracruz
17.0087,-96.5828,San Jeronimo Tlacochahuaya,Oaxaca
16.8104,-98.3008,Tlacoachistlahuaca,Guerrero
19.1149,-97.4192,Tlachichuca,Puebla
21.1428,-88.1512,Tizimin,Yucatan
19.8372,-98.9761,Tizayuca,Morelos
17.5673,-99.398,Tixtla de Guerrero,Guerrero
20.9774,-89.442,Tixpehual,Yucatan
21.0022,-89.3948,Tixkokob,Yucatan
20.4932,-88.9164,Tixcacaltuyub,Yucatan
20.7678,-88.3916,Tinum,Yucatan
20.8102,-89.5138,Timucuy,Yucatan
18.4899,-99.2755,Tilzapotla,Morelos
17.4609,-97.3202,Santiago Tillo,Oaxaca
16.8601,-96.6949,San Martin Tilcajete,Oaxaca
17.3005,-92.4273,Tila,Chiapas
20.703,-88.1127,Tikuch,Yucatan
20.7145,-97.5333,Tihuatlan,Veracruz
20.3323,-88.6896,Tiholop,Yucatan
17.1647,-99.5271,Tierra Colorada,Guerrero
20.3983,-89.5354,Ticul,Yucatan
19.1802,-99.4664,Santiago Tianguistenco,Mexico
20.1907,-99.2743,Tezontepec de Aldama,Hidalgo
19.8806,-98.8197,Tezontepec,Hidalgo
17.6539,-97.8107,Tezoatlan de Segura y Luna,Oaxaca
19.8173,-97.3599,Teziutlan,Puebla
17.8952,-94.817,Texistepec,Veracruz
18.6223,-97.0403,Texhuacan,Veracruz
19.5119,-98.8829,Texcoco de Mora,Mexico
19.1325,-99.5016,Texcalyacac,Morelos
18.9358,-98.9289,San Juan Texcalpan,Morelos
18.9344,-98.7947,Texcala,Morelos
18.7572,-97.7031,Tetzoyocan,Puebla
20.9632,-89.9338,Tetiz,Yucatan
18.6478,-99.6478,Tetipac,Guerrero
20.1017,-99.1511,Tetepango,Hidalgo
19.0514,-97.1446,Teteltzingo,Veracruz
19.8575,-97.457,Teteles de Avila Castillo,Puebla
19.8162,-97.8076,Tetela de Ocampo,Puebla
18.8931,-98.7297,Tetela del Volcan,Morelos
18.7301,-99.3993,Tetecala,Morelos
20.7226,-88.1546,Tesoco,Yucatan
19.4738,-97.9249,Terrenate,Tlaxcala
19.9094,-99.1447,Tequixquiac,Mexico
20.5225,-99.8917,Tequisquiapan,Queretaro
18.73,-97.0699,Tequila,Veracruz
19.0581,-99.9467,San Martin Tequesquipan (Tequesquipan),Mexico
19.1164,-97.9879,Tepulco,Puebla
19.6439,-99.216,Cuautitlan Izcalli,Mexico
18.986,-99.0991,Tepoztlan,Morelos
19.7198,-99.2237,Tepotzotlan,Mexico
18.5811,-97.9261,Tepexi de Rodriguez,Puebla
21.1641,-97.8524,Tepetzintla,Veracruz
19.5744,-98.8183,Tepetlaoxtoc de Hidalgo,Morelos
18.641,-97.6928,Tepetlacolco,Puebla
19.6531,-99.8867,Barrio Tepetitlan Emilio Portes Gil,Mexico
19.1925,-97.4339,Santa Cecilia Tepetitlan,Puebla
19.2653,-98.3765,Tepetitla,Puebla
20.1344,-98.1713,Tepepa,Hidalgo
18.7261,-98.4454,San Cristobal Tepeojuma,Puebla
19.9063,-99.343,Tepeji de Ocampo,Hidalgo
18.2772,-99.4704,Tepecoacuilco de Trujano,Guerrero
19.7884,-98.5527,Tepeapulco,Hidalgo
18.9692,-97.9007,Tepeaca,Puebla
19.0675,-97.966,Tepatlaxco de Hidalgo,Puebla
19.0693,-96.8448,Tepatlaxco,Veracruz
20.2457,-99.0898,Tepatepec,Hidalgo
20.0031,-97.7965,Tepango,Puebla
18.5958,-98.843,Tepalcingo,Morelos
21.0488,-89.0387,Tepakan,Yucatan
17.0297,-96.5193,Teotitlan del Valle,Oaxaca
16.5434,-92.476,Teopisca,Chiapas
18.7122,-98.2634,Teopantlan,Puebla
19.7458,-99.1786,Teoloyucan,Mexico
19.3856,-96.9737,Teocelo,Veracruz
17.4729,-91.4236,Tenosique de Pino Suarez,Tabasco
17.3762,-96.3011,Tanetze de Zaragoza,Oaxaca
19.1577,-98.8569,Tenango del Aire,Mexico
20.3383,-98.228,Tenango de Doria,Hidalgo
19.1045,-99.5898,Tenango de Arista,Morelos
18.6628,-98.1739,San Sebastian Tenango,Puebla
16.9667,-92.4167,Tenango,Chiapas
18.9615,-99.5934,Tenancingo de Degollado,Mexico
20.1704,-97.405,Tenampulco,Puebla
19.2488,-96.8839,Tenampa,Veracruz
20.0398,-90.2257,Tenabo,Campeche
21.52,-98.3883,Tempoal de Sanchez,Veracruz
20.8039,-88.2015,Temozon,Yucatan
19.4675,-99.5941,Temoaya,Morelos
18.7722,-98.7775,Temoac,Morelos
18.8553,-99.2307,Temixco,Morelos
21.1511,-88.9404,Temax,Yucatan
19.9164,-100.0037,Temascalcingo de Jose Maria Velazco,Mexico
19.8277,-98.9017,Temascalapa,Hidalgo
21.0661,-97.6421,Temapache,Veracruz
19.2031,-98.8692,Temamatla,Mexico
18.3674,-99.8678,Teloloapan,Guerrero
18.5612,-98.7763,Telixtac,Morelos
21.3412,-89.2633,Telchac Puerto,Yucatan
21.2031,-89.2695,Telchac Pueblo,Yucatan
20.5346,-89.3332,Tekit,Yucatan
20.2052,-89.2852,Tecax,Yucatan
21.0097,-89.1072,Tekanto,Yucatan
17.1113,-96.8542,San Felipe Tejalapam,Oaxaca
16.928,-96.6062,San Juan Teitipac,Oaxaca
18.5598,-99.2708,Tehuixtla,Morelos
21.0534,-98.5085,Tehuetlan,Hidalgo
18.4615,-97.3928,Tehuacan,Puebla
17.1368,-93.3113,Tecpatan,Chiapas
20.5336,-99.6345,Tecozautla,Hidalgo
18.9815,-98.7604,San Marcos Tecomaxusco,Mexico
20.4805,-97.0131,Tecolutla,Veracruz
18.2834,-93.334,Villa Tecolutilla,Tabasco
20.7436,-89.4741,Tekoh,Yucatan
16.5086,-98.7322,Barra de Tecoanapa,Guerrero
19.1136,-99.5242,San Pedro Techuchulco,Morelos
18.8818,-97.7313,Tecamachalco,Puebla
18.9029,-97.9742,Tecali de Herrera,Puebla
18.7981,-98.815,Tecajec,Morelos
17.5497,-92.9521,Teapa,Tabasco
20.4006,-89.2832,Teabo,Yucatan
18.5563,-99.6049,Taxco de Alarcon,Guerrero
18.2462,-94.7612,Tatahuicapan,Veracruz
20.5484,-99.3135,Tasquillo,Hidalgo
17.2495,-93.0167,Tapilula,Chiapas
14.907,-92.2618,Tapachula,Chiapas
21.3506,-98.2257,Tantoyuca,Veracruz
21.6524,-99.0376,Tanute,San Luis Pot
21.6059,-98.6628,Tanquian de Escobedo,San Luis Pot
18.1617,-92.7835,Tamulte de las Sabanas,Tabasco
22.0055,-98.7797,Tamuin,San Luis Pot
22.2782,-97.8677,Tampico,Tamaulipas
21.2788,-97.4462,Tamiahua,Veracruz
21.2599,-98.7893,Tamazunchale,San Luis Pot
21.9243,-99.3936,Tamasopo,San Luis Pot
21.5665,-99.0776,Tamapatz,San Luis Pot
21.3394,-97.8119,Tamalin,Veracruz
20.8736,-89.2547,Tahmek,Yucatan
19.9361,-97.5508,San Juan Tahitic,Puebla
17.5964,-92.826,Tacotalpa,Tabasco
18.8586,-99.9659,Sultepec de Pedro Ascencio de Alquisiras,Mexico
21.1564,-88.3135,Sucila,Yucatan
14.5359,-92.2241,Brisas Barra de Suchiate,Chiapas
16.6256,-93.1007,Suchiapa,Chiapas
20.0149,-99.5302,San Francisco Soyaniquilpan,Mexico
16.8913,-92.9243,Soyalo,Chiapas
20.5968,-89.0082,Sotuta,Yucatan
23.7695,-98.2044,Soto la Marina,Tamaulipas
18.2339,-94.873,Soteapan,Veracruz
19.1211,-97.7086,Soltepec,Puebla
19.0464,-96.4214,Soledad de Doblado,Veracruz
17.9633,-94.881,Soconusco,Veracruz
16.245,-92.3509,Socoltenango,Chiapas
19.1929,-96.9399,Sochiapa,Veracruz
16.8038,-96.7205,Santiago Apostol,Oaxaca
21.167,-90.0253,Sisal,Yucatan
19.9687,-98.5194,Singuilucan,Hidalgo
17.2,-92.6333,Simojovel de Allende,Chiapas
21.1252,-89.7302,Sierra Papacal,Yucatan
20.8357,-89.3717,Seye,Yucatan
19.6368,-90.6699,Seybaplaya,Campeche
17.6778,-98.0219,San Sebastian del Monte,Oaxaca
17.8808,-94.9601,Sayula de Aleman,Veracruz
19.2679,-98.214,Xiloxoxtla,Tlaxcala
21.7189,-98.5877,San Vicente Tancuayalab,Veracruz
16.3885,-96.8439,San Vicente Coatlan,Oaxaca
16.8447,-96.6706,Santo Tomas Jalieza,Oaxaca
18.89,-97.8671,Santo Tomas Hueyotlipan,Puebla
18.9657,-98.1529,Santo Tomas Chautla,Puebla
19.1717,-98.7799,Santo Tomas Atzingo,Mexico
17.4378,-97.9385,Santos Reyes Tepejillo,Oaxaca
16.4831,-94.3475,Santo Domingo Zanatepec,Oaxaca
17.4078,-97.3458,Santo Domingo Tlatayapam,Oaxaca
16.9558,-96.0582,Santo Domingo Tepuxtepec,Oaxaca
16.3246,-95.241,Santo Domingo Tehuantepec,Oaxaca
19.8452,-99.9017,Santo Domingo Shomege (Shomege),Mexico
18.7394,-98.1644,Santo Domingo Huehuetlan,Puebla
18.9044,-98.3731,Santo Domingo Atoyatempan,Puebla
19.5931,-99.7797,Santo Domingo de Guzman,Mexico
15.0311,-92.1044,Santo Domingo,Chiapas
16.2263,-97.2695,Santiago Yaitepec,Oaxaca
18.4658,-95.3006,Santiago Tuxtla,Veracruz
18.9303,-99.9387,Texcaltitlan,Mexico
19.4328,-98.1041,Seccion Primera Santiago Tetla,Tlaxcala
17.2532,-96.8782,Santiago Suchilquitongo,Oaxaca
16.3385,-98.0553,Santiago Pinotepa Nacional,Oaxaca
17.0145,-97.7666,Santiago Nuyoo,Oaxaca
17.3314,-97.6739,Santiago Nundiche,Oaxaca
17.4198,-97.3741,Santiago Nejapilla,Oaxaca
17.9846,-97.6901,Santiago Miltepec,Oaxaca
18.5452,-97.4375,Santiago Miahuatlan,Puebla
16.8647,-96.3826,Santiago Matatlan,Oaxaca
17.4179,-96.2489,Santiago Lalopa,Oaxaca
17.3346,-98.0115,Santiago Juxtlahuaca,Oaxaca
16.2837,-97.8239,Santiago Jamiltepec,Oaxaca
17.4518,-97.0728,Santiago Huauclilla,Oaxaca
17.8278,-97.7327,Santiago Huajolotitlan,Oaxaca
20.956,-97.3358,Santiago de la Pena,Veracruz
17.5655,-96.5487,Santiago Comaltepec,Oaxaca
17.3608,-95.9222,Santiago Choapam,Oaxaca
18.1901,-97.6798,Santiago Chazumba,Oaxaca
17.9331,-97.9577,Santiago Ayuquililla,Oaxaca
18.8247,-98.5817,Santiago Atzitzihuacan,Puebla
15.9878,-95.6757,Santiago Astata,Oaxaca
18.8437,-97.704,Santiago Alseseca,Puebla
19.7721,-99.6776,Santiago Acutzilapan,Mexico
18.9833,-97.9167,Santiago Acatlan,Puebla
20.0357,-98.3564,Santiago Tulantepec,Hidalgo
18.0885,-93.3581,Santa Rosalia,Tabasco
19.3321,-98.5769,Santa Rita Tlahuapan,Puebla
24.2168,-98.4843,Santander Jimenez,Tamaulipas
16.5589,-96.3533,Santa Maria Zoquitlan,Oaxaca
16.7637,-97.9903,Santa Maria Zacatepec,Oaxaca
17.2353,-96.4306,Santa Maria Yavesia,Oaxaca
19.0894,-98.1036,Santa Maria Xonacatepec,Puebla
15.9482,-96.0736,Santa Maria Xadani,Oaxaca
15.748,-96.547,Santa Maria Tonameca,Oaxaca
16.9966,-96.0088,Santa Maria Tepantlali,Oaxaca
19.1481,-99.5797,Santa Maria Rayon,Mexico
16.8206,-95.1191,Santa Maria Petapa,Oaxaca
19.7783,-98.7105,Nopaltepec,Morelos
17.41,-97.4932,Santa Maria Nduayaco,Oaxaca
19.5808,-99.6092,Santa Maria Nativitas,Mexico
19.2497,-98.4047,Moyotzingo,Puebla
19.5153,-99.3869,Santa Maria Mazatla,Mexico
19.6301,-99.4118,Santa Maria Magdalena Cahuacan,Mexico
18.5997,-97.6583,Santa Maria la Alta,Puebla
18.1072,-96.8192,Santa Maria la Asuncion,Oaxaca
16.3792,-98.0433,Santa Maria Jicaltepec,Oaxaca
19.1825,-97.8136,Santa Maria Ixtiyucan,Puebla
16.3041,-97.9135,Santa Maria Huazolotitlan,Oaxaca
15.8327,-96.3206,Santa Maria Huatulco,Oaxaca
16.285,-95.88,Santa Maria Ecatepec,Oaxaca
17.0471,-96.6357,Santa Maria del Tule,Oaxaca
19.2897,-99.8235,Santa Maria del Monte,Mexico
19.1221,-98.3067,Santa Maria Coronango,Puebla
15.8974,-96.9395,Santa Maria Colotepec,Oaxaca
19.4215,-98.9504,Santa Maria Chimalhuacan,Mexico
17.5167,-97.6833,Santa Maria Chilapa de Diaz,Oaxaca
17.8969,-97.692,Santa Maria Camotlan,Oaxaca
16.6837,-96.8429,Ayoquezco de Aldama,Oaxaca
17.2692,-97.6805,Heroica Ciudad de Tlaxiaco,Oaxaca
19.9769,-99.0447,Santa Maria Ajoloapan,Mexico
19.037,-98.3849,Acuexcomac,Puebla
20.5464,-90.1637,Santa Maria Acu,Yucatan
19.7251,-99.1691,Santa Maria Huecatitla,Mexico
16.1317,-91.975,Santa Rita,Chiapas
18.9967,-98.3794,Santa Isabel Cholula,Puebla
16.9239,-96.8624,Santa Ines del Monte,Oaxaca
18.4098,-98.0225,Santa Ines Ahuatempan,Puebla
16.0644,-95.3931,El Carrizal,Oaxaca
19.7333,-99.3667,Santa Gertrudis,Mexico
16.7858,-96.8002,Santa Gertrudis,Oaxaca
24.0155,-99.2007,Guillermo Zuniga,Tamaulipas
20.3289,-89.6436,Santa Elena,Yucatan
17.0296,-96.7352,Santa Cruz Xoxocotlan,Oaxaca
16.3232,-96.6737,Santa Cruz Xitla,Oaxaca
19.5692,-99.7036,Manzana Tercera de Santa Cruz Tepexpan,Mexico
19.7129,-98.969,Tecamac de Felipe Villanueva,Morelos
17.3572,-97.5684,Santa Cruz Tayata,Oaxaca
17.1711,-97.7238,Santa Cruz Nundaco,Oaxaca
16.7928,-96.8807,Santa Cruz Mixtepec,Oaxaca
19.3547,-98.1508,Santa Cruz Tlaxcala,Tlaxcala
19.2491,-99.7294,Santa Cruz Cuauhtenco,Mexico
18.9762,-98.3014,Santa Clara,Puebla
18.6154,-98.0808,Santa Catarina Tlaltempan,Puebla
17.3471,-97.5582,Santa Catarina Tayata,Oaxaca
16.8825,-96.7407,Santa Catarina Quiane,Oaxaca
17.0056,-92.4716,Pantelho,Chiapas
18.577,-97.266,Santa Catarina Otzolotepec,Puebla
16.7797,-96.6154,Santa Catarina Minas,Oaxaca
16.3371,-97.8369,Santa Catarina Mechoacan,Oaxaca
16.0686,-96.7539,Santa Catarina Loxicha,Oaxaca
16.2382,-97.2916,Santa Catarina Juquila,Oaxaca
16.3062,-96.6424,Santa Catarina Cuixtla,Oaxaca
19.2095,-98.9299,Santa Catarina Ayotzingo,Mexico
18.9697,-99.1403,Santa Catarina,Morelos
16.7434,-96.8369,Santa Ana Tlapacoyan,Oaxaca
19.7441,-99.07,Nextlalpan,Mexico
19.5415,-99.3945,Santa Ana Jilotzingo,Mexico
19.3884,-98.1436,Santa Anita Huiloac,Tlaxcala
20.1748,-98.3121,Santa Ana Hueytlalpan,Hidalgo
16.9949,-96.4711,Santa Ana del Valle,Oaxaca
18.8367,-98.4347,Santa Ana Coatepec,Puebla
19.3063,-98.2177,Chiautempan,Tlaxcala
18.9556,-98.3831,Santa Ana Acozautla,Puebla
18.9706,-99.6236,Santa Ana Ixtlahuatzingo (Santa Ana),Mexico
17.0545,-95.0851,Santa Ana,Oaxaca
16.3414,-96.717,Santa Ana,Oaxaca
18.9914,-99.54,San Simonito,Mexico
16.4066,-96.7193,San Simon Almolongas,Oaxaca
18.3359,-97.2439,San Sebastian Zinacatepec,Puebla
19.0601,-97.7196,San Sebastian Villanueva,Puebla
17.7049,-97.6402,Santa Maria Tutla,Oaxaca
16.9519,-96.6143,San Sebastian Teitipac,Oaxaca
16.2021,-96.8264,San Sebastian Coatlan,Oaxaca
16.9943,-96.587,San Sebastian Abasolo,Oaxaca
19.27,-98.5165,San Salvador el Verde,Puebla
19.1333,-97.6417,San Salvador El Seco,Puebla
19.5517,-98.9187,San Salvador Atenco,Mexico
20.2858,-99.0146,San Salvador,Hidalgo
16.9716,-96.757,San Raymundo Jalpam,Oaxaca
20.1886,-96.8674,San Rafael,Veracruz
18.0611,-97.7182,San Pedro y San Pablo Tequistepec,Puebla
17.2062,-96.7989,Villa de Etla,Oaxaca
17.5891,-96.5524,San Pedro Yolox,Oaxaca
17.4363,-97.344,San Pedro Topiltepec,Oaxaca
19.0626,-99.6524,San Pedro Tlanixco,Veracruz
17.3412,-97.3724,San Pedro Tidaa,Oaxaca
18.2597,-97.3231,San Pedro Tetitlan,Puebla
16.6386,-96.5369,San Pedro Taviche,Oaxaca
16.3711,-94.1931,San Pedro Tapanatepec,Oaxaca
16.7829,-96.0309,San Pedro Quiatoni,Oaxaca
15.7459,-96.466,San Pedro Pochutla,Oaxaca
16.2706,-96.2841,San Pedro Mixtepec,Oaxaca
15.9821,-97.0798,San Pedro Mixtepec,Oaxaca
16.4152,-96.2445,San Pedro Martir Quiechapa,Oaxaca
19.6254,-99.8217,San Pedro Los Banos,Mexico
16.4518,-98.0137,San Pedro Jicayan,Oaxaca
18.1456,-96.5101,San Pedro Ixcatlan,Oaxaca
16.027,-95.6673,San Pedro Huamelula,Oaxaca
19.9106,-99.9636,San Pedro el Alto,Mexico
19.5843,-99.8805,San Pedro el Alto,Mexico
16.0833,-93.1167,San Pedro Buenavista,Chiapas
16.737,-96.7247,San Pedro Apostol,Oaxaca
16.9228,-96.3599,San Pablo Villa de Mitla,Oaxaca
20.859,-99.8986,San Pablo Toliman,Queretaro
19.6731,-98.9584,San Pablo Tecalco,Morelos
17.5335,-96.5521,San Pablo Macuiltianguis,Oaxaca
16.8195,-96.7813,San Pablo Huixtepec,Oaxaca
17.2771,-96.8866,San Pablo Huitzo,Oaxaca
18.9956,-97.7097,San Pablo de las Tunas,Puebla
19.6667,-99.0953,San Pablo de las Salinas,Mexico
16.2243,-96.7838,San Pablo Coatlan,Oaxaca
19.3564,-99.6572,San Pablo Autopan,Morelos
19.2169,-98.9092,San Pablo Atlazalpan,Mexico
19.3362,-98.1791,Apetatitlan Antonio Carbajal,Tlaxcala
19.0706,-98.4855,San Nicolas de los Ranchos,Puebla
19.1649,-97.5513,San Nicolas Buenos Aires,Puebla
19.1374,-99.4295,San Nicolas Coatepec,Morelos
20.4777,-99.9382,San Nicolas,Queretaro
18.755,-97.6543,San Miguel Zozutla,Puebla
19.2843,-99.7339,San Miguel Zinacantepec,Mexico
19.1682,-98.3082,San Miguel Xoxtla,Puebla
19.9811,-97.8394,Tonalixco,Puebla
19.3611,-98.1325,San Miguel Contla,Tlaxcala
16.7822,-96.5816,San Miguel Tilquiapam,Oaxaca
19.7097,-97.5977,San Miguel Tenextatiloyan,Puebla
16.2666,-95.5953,San Miguel Tenango,Oaxaca
17.3598,-96.2495,Villa Talea de Castro,Oaxaca
16.9738,-95.7605,San Miguel Quetzaltepec,Oaxaca
16.2484,-97.3843,San Miguel Panixtlahuaca,Oaxaca
19.1508,-99.886,San Miguel Oxtotilpan,Mexico
18.0008,-97.7748,San Miguel Ixitlan,Puebla
18.1011,-96.797,Huautepec,Oaxaca
16.5805,-96.739,San Miguel Ejutla,Oaxaca
15.9217,-96.175,San Miguel del Puerto,Oaxaca
19.45,-98.8727,Coatlinchan,Mexico
16.197,-96.6946,San Miguel Coatlan,Oaxaca
19.2022,-99.5618,Chapultepec,Morelos
19.1519,-98.1031,San Miguel Canoa,Puebla
19.1094,-99.6517,San Miguel Balderas,Morelos
17.4114,-96.6915,San Miguel Aloapam,Oaxaca
17.309,-97.4839,San Miguel Achiutla,Oaxaca
19.7603,-99.9225,San Miguel Tenochtitlan,Mexico
19.3254,-98.4986,San Matias Tlalancaleca,Puebla
19.7072,-99.251,San Mateo Xoloc,Mexico
18.9138,-97.7385,San Mateo Tlaixpan,Puebla
19.1667,-99.4667,San Mateo Texcalyacac,Mexico
18.9914,-97.8617,San Mateo Parra,Puebla
17.6561,-98.4169,San Mateo Nejapam,Oaxaca
19.2113,-99.5847,San Mateo Mexicaltzingo,Mexico
19.699,-99.1711,San Mateo Ixtacalco,Mexico
16.2105,-94.9822,San Mateo del Mar,Oaxaca
19.2676,-99.5321,San Mateo Atenco,Morelos
19.4215,-98.2175,San Martin Xaltocan,Tlaxcala
18.9667,-98.4589,San Martin Tlapala,Puebla
19.2843,-98.4389,San Martin Texmelucan de Labastida,Puebla
19.0653,-97.8381,San Pedro la Joya,Puebla
16.6565,-96.7278,San Martin de los Canseco,Oaxaca
19.7058,-98.8355,San Martin de las Piramides,Morelos
18.6731,-97.6032,San Marcos Tlacoyalco,Puebla
20.1854,-96.9488,Vega de San Marcos,Veracruz
20.0667,-99.3333,San Marcos,Hidalgo
16.7977,-99.3892,San Marcos,Guerrero
19.2433,-98.1908,Teolocholco,Tlaxcala
16.3865,-96.4982,San Luis Amatlan,Oaxaca
16.8956,-96.4681,San Lucas Quiavini,Oaxaca
18.0615,-96.3982,San Lucas Ojitlan,Oaxaca
19.5092,-99.7628,San Lorenzo Toxico,Mexico
19.4336,-99.5776,San Lorenzo Oyamel,Morelos
19.2028,-98.4651,San Lorenzo Chiautzingo,Puebla
19.1424,-98.2375,Almecatla,Puebla
16.3939,-97.8741,San Lorenzo,Oaxaca
17.4018,-96.1688,San Juan Yatzona,Oaxaca
17.43,-96.2836,San Juan Yaee,Oaxaca
19.7956,-97.3258,San Juan Xiutetelco,Puebla
20.0496,-98.6661,San Juan Tizahuapan,Hidalgo
18.95,-98.4333,San Juan Tianguismanalco,Puebla
20.2158,-99.0659,San Juan Tepa,Hidalgo
19.6878,-98.8621,Teotihuacan de Arista,Morelos
18.8992,-98.4047,San Juan Tejaluca,Puebla
17.6016,-96.5873,San Juan Quiotepec,Oaxaca
17.3054,-97.8316,San Juan Mixtepec,Oaxaca
16.2771,-96.3006,San Juan Mixtepec,Oaxaca
16.5895,-96.5505,San Juan Lachigalla,Oaxaca
17.3537,-96.3038,San Juan Juquila Vijanos,Oaxaca
18.4602,-97.8311,San Juan Ixcaquixtla,Puebla
16.9623,-95.0942,San Juan Guichicovi,Oaxaca
16.9551,-96.5436,San Juan Guelavia,Oaxaca
17.887,-95.1385,San Juan Evangelista,Veracruz
17.286,-97.3701,San Juan Diuxi,Oaxaca
20.3878,-99.996,San Juan del Rio,Queretaro
18.5178,-95.4489,San Juan de los Reyes (Luis Valenzuela),Veracruz
17.2743,-96.7991,San Juan del Estado,Oaxaca
19.2476,-99.7583,San Juan de las Huertas,Mexico
18.2444,-96.957,San Juan Cuautla,Puebla
16.8304,-96.6692,San Juan Chilateca,Oaxaca
16.6153,-98.155,San Juan Cacahuatepec,Oaxaca
17.7755,-96.3026,San Juan Bautista Valle Nacional,Oaxaca
18.0883,-96.1253,Tuxtepec,Oaxaca
17.8027,-96.9594,Cuicatlan,Oaxaca
16.9909,-96.7132,Animas Trujano,Oaxaca
18.745,-98.0245,San Juan Atzompa,Puebla
18.8346,-98.6589,San Juan Amecac,Puebla
17.3502,-97.508,San Juan Achiutla,Oaxaca
18.2917,-97.2877,San Jose Miahuatlan,Puebla
16.3778,-96.3359,San Jose Lachiguiri,Oaxaca
17.948,-96.1701,San Jose Chiltepec,Oaxaca
19.2396,-97.7682,San Jose Chiapa,Puebla
17.9422,-97.9686,San Jose Ayuquila,Oaxaca
20.1307,-97.21,San Jose Acateno,Puebla
18.2203,-97.9129,San Jeronimo Xayacatlan,Puebla
16.7147,-96.5936,San Jeronimo Taviche,Oaxaca
17.3668,-97.0329,San Jeronimo Sosola,Oaxaca
17.8102,-97.8449,San Jeronimo Silacayoapilla,Oaxaca
19.0319,-97.9674,San Jeronimo Ocotitlan,Puebla
16.2321,-96.8705,San Jeronimo Coatlan,Oaxaca
18.2783,-97.2628,San Jeronimo Axochitlan,Puebla
15.8095,-96.3586,San Isidro Apango,Oaxaca
18.8911,-97.1258,San Isidro,Veracruz
17.3383,-96.1523,San Ildefonso Villa Alta,Oaxaca
16.3339,-96.4912,San Ildefonso Amatlan,Oaxaca
19.5611,-99.7858,San Ildefonso,Mexico
18.9417,-97.8735,San Hipolito Xochiltenango,Puebla
19.0229,-98.3474,San Gregorio Atzompa,Puebla
18.8067,-99.6692,San Gaspar Tonatico,Mexico
16.0959,-97.0824,San Gabriel Mixtepec,Oaxaca
18.326,-97.3478,San Gabriel Chilac,Puebla
18.1517,-97.1377,San Gabriel Casa Blanca,Oaxaca
18.6142,-99.3469,San Gabriel las Palmas,Morelos
19.9288,-98.9828,San Francisco Zacacalco,Morelos
19.2947,-99.7677,San Francisco Tlalcilalcalpan,Mexico
19.0604,-99.5478,San Francisco Tepexoxica,Mexico
17.2968,-96.9053,San Francisco Telixtlahuaca,Oaxaca
16.5158,-96.9749,San Francisco Sola,Oaxaca
17.0162,-96.5995,San Francisco Lachigolo,Oaxaca
16.2319,-94.633,San Francisco del Mar Viejo,Oaxaca
17.4281,-97.3127,San Francisco Chindua,Oaxaca
19.4688,-98.1472,Atexcatzingo,Tlaxcala
19.3432,-98.8556,San Francisco Acuautla,Mexico
20.5525,-98.0021,San Francisco,Veracruz
18.3313,-93.2524,Occidente (San Francisco),Tabasco
17.9254,-99.339,San Francisco Ozomatlan,Guerrero
16.8715,-93.2076,San Fernando,Chiapas
17.8864,-96.5262,San Felipe Usila,Oaxaca
19.2334,-98.5018,Teotlaltzingo,Puebla
18.0716,-96.5352,San Felipe Jalapa de Diaz,Oaxaca
19.3266,-98.3775,Villa Mariano Matamoros,Tlaxcala
19.6943,-99.9573,San Felipe del Progreso,Mexico
17.0672,-97.6784,San Esteban Atatlahuca,Oaxaca
20.5445,-98.06,San Esteban,Hidalgo
19.407,-98.1823,Yauhquemehcan,Tlaxcala
16.8046,-96.3933,San Dionisio Ocotepec,Oaxaca
16.3237,-94.7583,San Dionisio del Mar,Oaxaca
19.4894,-98.8229,San Dieguito Xochimanca,Mexico
19.0921,-98.7639,San Diego Huehuecalco,Mexico
19.4933,-98.4716,Sanctorum,Tlaxcala
19.0992,-98.2542,Sanctorum,Puebla
17.3358,-96.165,San Cristobal Lachirioag,Oaxaca
16.7318,-92.6413,San Cristobal de las Casas,Chiapas
17.2843,-97.5722,San Cristobal Amoltepec,Oaxaca
16.3171,-96.4078,San Cristobal Amatlan,Oaxaca
21.6518,-99.8191,San Ciro de Acosta,San Luis Pot
16.497,-96.1065,San Carlos Yautepec,Oaxaca
17.5522,-91.1541,San Carlos,Tabasco
19.266,-99.6733,San Buenaventura,Mexico
16.8258,-96.8991,San Bernardo Mixtepec,Oaxaca
19.3466,-98.1706,Amaxac de Guerrero,Tlaxcala
16.4293,-95.9744,San Bartolo Yautepec,Oaxaca
20.3984,-98.2008,San Bartolo Tutotepec,Hidalgo
18.4892,-97.526,San Bartolo Teontepec,Puebla
15.9698,-96.7096,San Bartolome Loxicha,Oaxaca
18.0324,-96.67,San Bartolome Ayautla,Oaxaca
19.5998,-99.7038,San Bartolo del Llano,Mexico
19.8151,-99.0104,San Bartolo Cuautlalpan,Mexico
16.0767,-96.7874,San Baltazar Loxicha,Oaxaca
16.7615,-96.4897,San Baltazar Chichicapam,Oaxaca
19.9414,-97.8636,Xochitlaxco (San Baltazar),Puebla
18.9869,-98.4811,San Baltazar Atlimeyaya,Puebla
19.3526,-98.0967,Coaxomulco,Tlaxcala
19.1644,-99.5669,San Antonio la Isla,Morelos
17.2929,-96.1538,San Andres Yaa,Oaxaca
18.4487,-95.2133,San Andres Tuxtla,Veracruz
18.8983,-99.9197,San Andres Tepetitlan,Mexico
17.2725,-96.2361,San Andres Solaga,Oaxaca
17.4693,-97.283,San Andres Sinaxtla,Oaxaca
17.1026,-96.6656,San Andres Huayapam,Oaxaca
16.3297,-97.9167,San Andres Huaxpaltepec,Oaxaca
19.1039,-98.458,San Andres Calpan,Puebla
18.5828,-97.5849,San Andres Cacaloapan,Puebla
20.116,-98.8856,San Agustin Tlaxiaca,Hidalgo
17.9525,-99.4381,San Agustin Oapan,Guerrero
16.0169,-96.6162,San Agustin Loxicha,Oaxaca
18.9178,-98.3969,San Agustin Huixaxtla,Puebla
16.5109,-96.7892,San Agustin Amatengo,Oaxaca
17.5543,-92.3394,Salto de Agua,Chiapas
19.2964,-97.2966,Saltillo,Puebla
18.5912,-95.5323,Saltabarranca,Veracruz
19.4333,-99.85,Salitrillo,Mexico
16.184,-95.2014,Salina Cruz,Oaxaca
20.7917,-89.1814,Sahcaba,Yucatan
20.4975,-89.5904,Sacalum,Yucatan
18.971,-91.1788,Sabancuy,Campeche
20.0345,-88.5389,Saban,Quintana Roo
21.9303,-99.9917,Rio Verde,San Luis Pot
21.5967,-88.1577,Rio Lagartos,Yucatan
19.3523,-98.6705,Rio Frio de Juarez,Mexico
25.9873,-98.0941,Rio Bravo,Tamaulipas
18.8394,-97.1283,Rio Blanco,Veracruz
16.8868,-95.0473,Colonia Rincon Viejo,Oaxaca
19.355,-96.5676,Rinconada,Veracruz
26.0768,-98.2975,Reynosa,Tamaulipas
21.8433,-99.6431,Rayon,San Luis Pot
17.2014,-93.0111,Rayon,Chiapas
19.5931,-96.9902,Rafael Lucio,Veracruz
19.2294,-97.7984,Rafael Lara Grajales,Puebla
19.2541,-97.1831,Rafael J. Garcia,Puebla
18.8055,-97.0275,Rafael Delgado,Veracruz
15.9201,-91.9037,Rodulfo Figueroa,Chiapas
20.8695,-88.6315,Quintana Roo,Yucatan
16.3214,-96.2662,Santa Catalina Quieri,Oaxaca
16.277,-96.0527,Santa Maria Quiegolani,Oaxaca
17.4122,-99.2432,Quechultenango,Guerrero
18.9542,-97.6604,Quecholac,Puebla
18.5238,-98.7905,Quebrantadero,Morelos
17.0263,-97.9285,Putla Villa de Guerrero,Oaxaca
14.7208,-92.4215,Puerto Madero,Chiapas
15.8704,-97.0773,Puerto Escondido,Oaxaca
18.6147,-99.3181,Puente de Ixtla,Morelos
17.1603,-92.8998,Pueblo Nuevo Jolistahuacan,Chiapas
19.676,-99.6109,Pueblo Nuevo,Mexico
19.0433,-98.2019,Puebla,Puebla
20.2493,-99.1899,Progreso de Alvaro Obregon,Hidalgo
21.2855,-89.6474,Progreso de Castro,Yucatan
19.6368,-99.3569,Progreso Industrial,Mexico
19.0693,-96.9721,Presidio,Veracruz
20.5331,-97.4595,Poza Rica de Hidalgo,Veracruz
21.0797,-97.7281,Potrero del Llano,Veracruz
20.4869,-99.3061,Portezuelo,Hidalgo
20.1373,-90.1749,Pomuch,Campeche
19.6089,-88.5615,Polyuc,Quintana Roo
19.4167,-99.2,Polanco,Mexico City
15.9271,-96.4185,Pluma Hidalgo,Oaxaca
17.8303,-95.8136,Playa Vicente,Veracruz
20.6274,-87.0799,Playa del Carmen,Quintana Roo
21.2718,-98.3746,Platon Sanchez,Veracruz
19.7596,-96.6759,Plan de las Hayas,Veracruz
20.6997,-88.5889,Piste,Yucatan
16.4274,-97.9766,Pinotepa de Don Luis,Oaxaca
21.1345,-99.6259,Pinal de Amoles,Queretaro
15.6862,-93.2094,Pijijiapan,Chiapas
18.7703,-96.1718,Piedras Negras,Veracruz
16.332,-90.7656,Zamora Pico de Oro,Chiapas
17.51,-93.1159,Pichucalco,Chiapas
20.1278,-88.9228,Peto,Yucatan
18.0846,-97.9175,Petlalcingo,Puebla
17.4864,-99.4563,Petaquillas,Guerrero
17.2272,-92.4151,Petalcingo,Chiapas
19.5633,-97.2423,Perote,Veracruz
20.0458,-97.0514,Colonias Pedernales,Veracruz
20.0528,-98.4314,Paxtepec,Hidalgo
19.285,-96.44,Paso de Ovejas,Veracruz
19.035,-96.1355,Paso del Toro,Veracruz
18.9719,-96.7245,Paso del Macho,Veracruz
18.4012,-93.2141,Paraiso,Tabasco
20.4465,-97.325,Papantla de Olarte,Veracruz
16.9563,-96.5831,Santa Cruz Papalutla,Oaxaca
19.5634,-98.8568,Papalotla,Morelos
22.0537,-98.185,Panuco,Veracruz
19.3162,-98.2701,Panotla,Tlaxcala
20.4697,-99.2667,Panales,Hidalgo
21.296,-88.2698,Panaba,Yucatan
17.1383,-95.0627,Palomares,Oaxaca
18.8989,-97.6389,Palmarito Tochapan,Puebla
18.8356,-97.5477,Palmar de Bravo,Puebla
18.255,-92.0911,Palizada,Campeche
17.5095,-91.9825,Palenque,Chiapas
18.2627,-94.6917,Pajapan,Veracruz
20.278,-98.15,Pahuatlan de Valle,Puebla
20.0719,-98.6962,Pachuquilla,Hidalgo
20.117,-98.7333,Pachuca de Soto,Hidalgo
18.4086,-99.7876,San Martin Pachivia (Pachivia),Guerrero
19.0369,-98.7952,Ozumba de Alzate,Mexico
21.6604,-97.8505,Ozuluama,Veracruz
20.3073,-89.4181,Oxkutzkab,Yucatan
16.7859,-92.3445,Oxchuc,Chiapas
22.0448,-98.4004,Oviedo,Veracruz
19.6999,-98.7564,Otumba de Gomez Farias,Morelos
18.0023,-94.6676,Oteapan,Veracruz
18.1771,-96.0335,El Santuario,Veracruz
17.4066,-93.3364,Ostuacan,Chiapas
21.1711,-98.6074,San Felipe Orizatlan,Hidalgo
18.851,-97.1008,Orizaba,Veracruz
19.3761,-97.6205,Oriental,Puebla
20.5517,-89.8571,Opichen,Yucatan
16.6901,-98.408,Ometepec,Guerrero
18.7473,-96.7852,Omealca,Veracruz
17.9288,-94.8962,Oluta,Veracruz
17.7786,-98.7394,Olinala,Guerrero
18.1904,-92.9611,Olcuatitan,Tabasco
18.8786,-98.773,Ocuituco,Morelos
16.7623,-93.3748,Ocozocoautla de Espinosa,Chiapas
19.2713,-99.4579,Ocoyoacac,Morelos
16.7915,-96.6745,Ocotlan de Morelos,Oaxaca
19.1354,-98.2827,Ocotlan,Puebla
18.3239,-97.0967,Ocotlamanic,Puebla
19.2371,-99.6242,Santa Maria Magdalena Ocotitlan,Morelos
17.2262,-93.1644,Ocotepec,Chiapas
16.9064,-92.0937,Ocosingo,Chiapas
22.8469,-99.3387,Ocampo,Tamaulipas
18.9058,-98.9807,Oaxtepec,Morelos
17.0654,-96.7237,Oaxaca de Juarez,Oaxaca
20.4005,-90.148,Nunkini,Campeche
16.9361,-93.0903,Osumacinta,Chiapas
23.1761,-97.95,Nuevo Progreso,Tamaulipas
24.0478,-98.9009,Nuevo Padilla,Tamaulipas
27.4763,-99.5164,Nuevo Laredo,Tamaulipas
15.8071,-92.7514,Nueva Palestina,Chiapas
26.5622,-99.2286,Nueva Ciudad Guerrero,Tamaulipas
19.2157,-97.8226,Nopalucan de la Granja,Puebla
18.8314,-97.156,Nogales,Veracruz
16.564,-94.6137,Niltepec,Oaxaca
16.4396,-92.5823,Nicolas Ruiz,Chiapas
19.6366,-99.3068,Nicolas Romero,Mexico
18.4591,-88.928,Nicolas Bravo,Quintana Roo
18.9803,-98.8408,Nepantla de Sor Juana Ines de la Cruz,Mexico
20.2127,-98.0119,Necaxa,Puebla
19.0495,-98.4265,Nealtican,Puebla
20.208,-96.773,Nautla,Veracruz
20.2263,-98.1205,Naupan,Hidalgo
19.4785,-99.2396,Naucalpan de Juarez,Mexico
19.2333,-98.3147,Nativitas,Tlaxcala
21.3509,-97.6866,Naranjos,Veracruz
19.6547,-96.8732,Naolinco de Victoria,Veracruz
18.0712,-94.4076,Villa Nanchital,Veracruz
19.4924,-98.5353,Ciudad de Nanacamilpa,Tlaxcala
18.1697,-93.0184,Nacajuca,Tabasco
20.4879,-89.7139,Muna,Yucatan
18.6425,-96.7295,Motzorongo,Veracruz
21.0957,-89.2833,Motul,Yucatan
15.3664,-92.2481,Motozintla de Mendoza,Chiapas
18.7368,-97.4191,Morelos Canada,Puebla
22.2255,-97.9121,Moralillo,Veracruz
15.6527,-92.051,Monte Redondo,Chiapas
25.1891,-99.8286,Montemorelos,Nuevo Leon
19.4571,-98.9083,Montecillo,Mexico
18.9833,-96.0781,La Laguna y Monte del Castillo,Veracruz
18.9659,-97.0166,Monte Blanco,Veracruz
19.0736,-98.2669,Santiago Momoxpan,Puebla
20.7869,-98.7288,Molango,Hidalgo
17.235,-99.5161,Mohoneras,Guerrero
21.1062,-89.4522,Mococha,Yucatan
16.375,-95.2603,Santa Maria Mixtequilla,Oaxaca
20.2303,-99.214,Mixquiahuala de Juarez,Hidalgo
19.9299,-96.8519,Misantla,Veracruz
22.3209,-97.8595,Miramar,Tamaulipas
23.5768,-99.7538,Miquihuana,Tamaulipas
20.1396,-98.6742,Mineral del Monte,Hidalgo
17.9992,-94.5544,Minatitlan,Veracruz
19.1925,-99.0232,Milpa Alta,Mexico City
26.4297,-99.1521,Mier,Tamaulipas
16.3328,-96.5956,Miahuatlan de Porfirio Diaz,Oaxaca
18.7707,-99.3604,Miacatlan,Morelos
17.9324,-99.6026,Mezcala,Guerrero
20.5331,-98.6375,Mezquititlan,Hidalgo
20.7356,-97.8519,Metlaltoyuca,Puebla
20.2376,-98.3212,Metepec,Hidalgo
19.2593,-99.6017,Metepec,Morelos
14.8359,-92.193,Metapa de Dominguez,Chiapas
20.9754,-89.617,Merida,Yucatan
18.22,-94.8379,Mecayapan,Veracruz
17.4362,-99.4648,Mazatlan,Guerrero
18.7206,-99.3613,Mazatepec,Morelos
14.8632,-92.4503,Mazatan,Chiapas
15.387,-92.1905,Mazapa de Madero,Chiapas
18.1729,-99.4326,Mayanalan,Guerrero
20.5846,-90.001,Maxcanu,Yucatan
16.879,-95.0394,Matias Romero,Oaxaca
18.7219,-96.6629,Mata Tenatito (Casco Hacienda),Veracruz
25.8797,-97.5042,Heroica Matamoros,Tamaulipas
20.0708,-97.0608,Martinez de la Torre,Veracruz
22.3717,-99.2931,Maitinez,San Luis Pot
18.9133,-97.13,Mariano Escobedo,Veracruz
15.4336,-92.9004,Mapastepec,Chiapas
14.9714,-92.1877,Manuel Lazos,Chiapas
19.115,-96.8594,Colonia Manuel Gonzalez,Veracruz
22.7278,-98.3219,Ursulo Galvan,Tamaulipas
19.0942,-96.3335,Manlio Fabio Altamirano,Veracruz
20.3877,-89.3919,Mani,Yucatan
20.4786,-89.365,Mama,Yucatan
18.8103,-97.2767,Maltrata,Veracruz
17.245,-98.6709,Malinaltepec,Guerrero
18.9459,-99.5027,Malinalco,Mexico
18.9415,-98.3022,Santa Maria Malacatepec,Puebla
16.3993,-95.602,Magdalena Tequisistlan,Oaxaca
16.9039,-96.5584,Magdalena Teitipac,Oaxaca
16.8966,-96.9062,Magdalena Mixtepec,Oaxaca
17.3232,-97.2212,Magdalena Jaltepec,Oaxaca
18.5497,-97.4847,Magdalena Cuayucatepec,Puebla
19.3321,-99.2112,Magdalena Contreras,Mexico City
17.7615,-92.5965,Macuspana,Tabasco
18.1503,-92.8609,Macultepec,Tabasco
17.877,-93.0727,Luis Gil Perez,Tabasco
19.7755,-98.9808,Reyes Acozac,Morelos
20.1553,-98.1642,Los Reyes,Hidalgo
19.3636,-98.9771,Los Reyes La Paz,Mexico
21.5098,-97.7571,Los Altos,Veracruz
17.8075,-94.9175,Almagres,Veracruz
18.9225,-97.2308,Loma Grande,Veracruz
18.219,-94.9737,Loma de Sogotegoyo,Veracruz
21.3883,-88.1457,Loche,Yucatan
23.3177,-99.0261,Llera de Canales,Tamaulipas
20.7833,-98.0136,Llano de Enmedio,Veracruz
24.858,-99.5677,Linares,Nuevo Leon
19.4579,-97.7144,Libres,Puebla
19.2888,-99.5116,Lerma de Villada,Morelos
18.6294,-95.5197,Lerdo de Tejada,Veracruz
19.6403,-98.4717,Lazaro Cardenas,Hidalgo
15.7184,-92.2553,Lazaro Cardenas,Chiapas
16.1227,-92.0552,La Trinitaria,Chiapas
19.6373,-97.0983,Las Vigas,Veracruz
20.9448,-97.8327,Vegas de la Soledad y Soledad Dos,Veracruz
16.3127,-91.9811,Las Margaritas,Chiapas
19.4474,-96.9061,Las Lomas,Veracruz
17.9333,-94.0833,Las Choapas,Veracruz
16.3667,-94.6167,Las Amilpas,Oaxaca
24.6979,-99.5415,La Reforma,Nuevo Leon
18.9281,-97.1337,La Perla,Veracruz
22.3935,-97.8821,La Pedrera,Tamaulipas
23.8033,-99.1702,La Mision,Tamaulipas
18.9108,-98.5894,La Magdalena Yancuitlalpan,Puebla
14.5917,-92.1932,La Libertad,Chiapas
19.6094,-97.0259,La Joya,Veracruz
18.6667,-99.4667,La Joya,Morelos
18.6,-96.15,La Isla,Veracruz
18.5431,-96.7331,Laguna Chica (Pueblo Nuevo),Veracruz
16.6888,-98.2622,La Guadalupe,Guerrero
20.1051,-96.9608,La Defensa,Veracruz
19.2292,-98.3194,Santo Tomas la Concordia,Tlaxcala
16.1177,-92.6902,La Concordia,Chiapas
19.6332,-99.8442,La Concepcion de los Banos,Mexico
19.1819,-99.5683,La Concepcion Coatipac (La Conchita),Mexico
20.7529,-97.9084,La Ceiba,Veracruz
21.1034,-89.6624,Komchen,Yucatan
20.9152,-89.9483,Kinchil,Yucatan
20.7965,-89.0354,Kantunil,Yucatan
20.9348,-89.5587,Kanasin,Yucatan
19.1022,-98.8799,Juchitepec de Mariano Riva Palacio,Mexico
16.436,-95.0198,Juchitan de Zaragoza,Oaxaca
19.8398,-96.6946,Juchique de Ferrer,Veracruz
16.2097,-95.0272,Colonia Juarez,Oaxaca
19.7292,-97.1967,Juan Marcos (San Jose Buenavista),Veracruz
19.0503,-99.5337,Joquicingo de Leon Guzman,Morelos
18.0898,-92.1381,Jonuta,Tabasco
20.0303,-97.5753,Jonotla,Puebla
18.6831,-98.803,Jonacatepec de Leandro Valle,Morelos
18.6147,-99.1803,Jojutla,Morelos
19.7107,-99.7883,Jocotitlan,Mexico
18.8814,-99.1778,Jiutepec,Morelos
17.0672,-92.8611,Jitotol de Zaragoza,Chiapas
19.5571,-99.6077,Jiquipilco,Mexico
16.6681,-93.6467,Jiquipilas,Chiapas
19.8689,-99.0619,Jilotzingo,Mexico
19.9519,-99.5328,Jilotepec de Molina Enriquez,Mexico
19.6118,-96.9517,Jilotepec,Veracruz
19.1209,-99.9879,Jesus del Monte,Mexico
17.4353,-95.0264,Jesus Carranza,Veracruz
17.4244,-96.8231,San Juan Bautista Jayacatlan,Oaxaca
23.4062,-99.3807,Jaumave,Tamaulipas
18.7169,-98.7763,Jantetelco,Morelos
19.0418,-96.2414,Jamapa,Veracruz
21.1328,-98.539,Jaltocan,Hidalgo
19.7296,-98.6346,Jaltepec,Morelos
19.754,-99.0937,Jaltenco,Morelos
21.218,-99.4715,Jalpan,Queretaro
18.1763,-93.063,Jalpa de Mendez,Tabasco
19.3318,-96.7625,Jalcomulco,Veracruz
19.1831,-99.4184,Xalatlaco,Mexico
18.8246,-97.0881,Jalapilla,Veracruz
19.5312,-96.9159,Xalapa de Enriquez,Veracruz
16.5,-95.4667,Jalapa,Oaxaca
19.8033,-97.3083,Jalacingo,Puebla
21.0095,-99.1913,Jacala,Hidalgo
18.6015,-98.465,Izucar de Matamoros,Puebla
14.9208,-92.1708,1ra. Seccion de Izapa,Chiapas
20.9354,-89.018,Izamal,Yucatan
19.5689,-99.7669,Ixtlahuaca de Rayon,Mexico
16.5785,-95.1022,San Jeronimo Ixtepec,Oaxaca
18.8437,-99.6767,Ixtapan de la Sal,Mexico
19.3156,-98.8828,Ixtapaluca,Mexico
19.3574,-99.0671,Iztapalapa,Mexico City
16.8037,-92.9063,Ixtapa,Chiapas
18.855,-97.0609,Ixtac Zoquitlan,Veracruz
17.4309,-93.097,Ixtacomitan,Chiapas
19.3953,-99.0978,Iztacalco,Mexico City
20.4784,-99.217,Ixmiquilpan,Hidalgo
21.1523,-89.4818,Ixil,Yucatan
19.0512,-96.9839,Ixhuatlan del Cafe,Veracruz
18.8973,-97.148,Ixhuatlancillo,Veracruz
16.3511,-94.484,San Francisco Ixhuatan,Oaxaca
21.0813,-98.5347,Ixcatlan,Hidalgo
21.237,-98.0069,Ixcatepec,Veracruz
18.5014,-99.7914,Ixcateopan de Cuauhtemoc,Guerrero
21.2311,-86.731,Isla Mujeres,Quintana Roo
18.7871,-91.4928,Isla Aguada,Campeche
17.2934,-93.0083,Ixhuatan,Chiapas
18.3493,-99.5394,Iguala de la Independencia,Guerrero
18.7258,-95.987,Mixtequilla,Veracruz
20.9164,-89.6982,Itzincab Palomeque,Yucatan
21.0172,-89.8755,Hunucma,Yucatan
15.1402,-92.4659,Huixtla,Chiapas
16.7106,-92.4532,Huixtan,Chiapas
19.3603,-99.3498,Huixquilucan de Degollado,Mexico
18.3067,-99.3354,Huitzuco de los Figueroa,Guerrero
17.7563,-99.4801,Huitziltepec,Guerrero
19.0298,-99.2679,Huitzilac,Morelos
17.1717,-92.6858,Huitiupan,Chiapas
16.6536,-98.3046,Huixtepec,Guerrero
17.8339,-93.392,Huimanguillo,Tabasco
18.8172,-97.1544,Huiloapan de Cuauhtemoc,Veracruz
18.75,-97.3167,Huiloapan,Veracruz
20.3759,-99.6487,Huichapan,Hidalgo
20.726,-89.1607,Huhi,Yucatan
19.9403,-97.2885,Hueytamalco,Puebla
19.913,-99.0738,Hueypoxtla,Morelos
19.4709,-98.3478,Hueyotlipan,Tlaxcala
18.1448,-95.1487,Hueyapan de Ocampo,Veracruz
18.8859,-98.6895,Hueyapan,Morelos
18.9089,-98.75,Huepalcalco (San Miguel),Morelos
21.14,-98.4194,Huejutla de Reyes,Hidalgo
19.1594,-98.4073,Huejotzingo,Puebla
19.8357,-99.2013,Huehuetoca,Mexico
20.4605,-98.0763,Huehuetla,Hidalgo
20.1058,-97.6252,Huehuetla,Puebla
15.0198,-92.3825,Huehuetan,Chiapas
18.1567,-94.7931,Huazuntlan,Veracruz
18.7531,-98.7755,Huazulco,Morelos
18.1315,-96.8409,Huautla de Jimenez,Puebla
21.0311,-98.2869,Huautla,Hidalgo
20.1738,-98.0549,Huauchinango,Puebla
19.1488,-96.9676,Huatusco de Chicuellar,Veracruz
18.6815,-98.0504,Huatlatlauca,Puebla
18.7667,-98.55,Huaquechula,Puebla
17.8029,-98.5642,Huamuxtitlan,Guerrero
24.8857,-99.6744,Hualahuises,Nuevo Leon
17.8079,-97.7796,Ciudad de Huajuapam de Leon,Oaxaca
18.8311,-98.9967,Ex-Hacienda el Hospital,Morelos
19.4608,-96.4211,Hornitos,Veracruz
19.7467,-89.8444,Hopelchen,Campeche
20.7392,-89.2849,Homun,Yucatan
20.8651,-89.2013,Hoctun,Yucatan
20.8162,-89.2463,Hocaba,Yucatan
17.7713,-94.6471,Hidalgotitlan,Veracruz
26.05,-98.2,Hidalgo,Tamaulipas
19.9666,-96.88,Santa Cruz Hidalgo,Veracruz
20.1774,-90.1336,Hecelchakan,Campeche
20.4777,-90.081,Halacho,Yucatan
20.4535,-97.0859,Gutierrez Zamora,Veracruz
17.4272,-93.3722,Nuevo Juan del Grijalva,Chiapas
23.9257,-99.2961,Graciano Sanchez,Tamaulipas
25.2586,-99.6837,General Teran,Nuevo Leon
21.5979,-98.9677,Tancanhuitz de Santos,San Luis Pot
25.7917,-99.1808,General Bravo,Nuevo Leon
14.778,-92.1782,Frontera Hidalgo,Chiapas
15.6605,-92.1428,Frontera Comalapa,Chiapas
18.5433,-92.6453,Frontera,Tabasco
15.071,-92.5455,Francisco I. Madero,Chiapas
18.9081,-97.0,Fortin de las Flores,Veracruz
20.4886,-98.8731,Fontezuelas,Hidalgo
16.1289,-90.4511,Flor de Cacao,Chiapas
20.2,-97.7039,Filomeno Mata,Puebla
19.5775,-88.0453,Felipe Carrillo Puerto,Quintana Roo
20.6646,-99.897,Ezequiel Montes,Queretaro
20.1892,-96.9069,Puntilla Aldama,Veracruz
21.0101,-88.3069,Espita,Yucatan
16.4853,-95.04,El Espinal,Oaxaca
18.8628,-97.4063,San Jose Esperanza,Puebla
19.4629,-98.4243,Espanita,Tlaxcala
15.3194,-92.6583,Escuintla,Chiapas
18.6089,-90.7454,Escarcega,Campeche
19.9702,-96.6116,Villa Emilio Carranza,Veracruz
19.6549,-98.545,Emiliano Zapata,Hidalgo
18.8368,-99.1821,Emiliano Zapata,Morelos
17.7406,-91.7664,Emiliano Zapata,Chiapas
16.6117,-92.7181,San Lucas,Chiapas
19.0743,-96.161,El Tejar,Veracruz
20.7411,-99.7847,El Rincon,Queretaro
15.4581,-92.2806,El Porvenir de Velasco Suarez,Chiapas
20.0253,-97.8719,San Marcos Eloxochitlan,Puebla
17.2462,-99.5165,El Ocotito,Guerrero
16.9118,-92.8452,El Nopal,Chiapas
22.743,-98.9739,Ciudad Mante,Tamaulipas
20.0654,-99.3198,El Llano,Hidalgo
16.9703,-91.3782,El Limonar,Chiapas
21.7671,-98.4519,El Higo,Veracruz
16.3686,-94.1045,El Espinal,Chiapas
20.3022,-99.8707,El Cazadero,Queretaro
19.5466,-96.8642,El Castillo,Veracruz
19.2297,-98.2194,El Carmen Aztama,Tlaxcala
17.0627,-92.7215,El Bosque,Chiapas
20.2214,-98.9122,El Arenal,Hidalgo
16.5662,-96.7312,Ejutla de Crespo,Oaxaca
18.9551,-98.752,Ecatzingo de Hidalgo,Mexico
19.6172,-99.066,Ecatepec,Mexico
20.6472,-88.2445,Dzitnup,Yucatan
20.3186,-90.0561,Dzitbalche,Campeche
20.8409,-88.5291,Dzitas,Yucatan
21.281,-88.9296,Dzilam Gonzalez,Yucatan
21.3919,-88.8941,Dzilam de Bravo,Yucatan
21.249,-89.0421,Dzidzantun,Yucatan
19.4585,-89.7311,Dzibalchen,Campeche
21.2104,-89.3096,Dzemul,Yucatan
20.3889,-89.4685,Dzan,Yucatan
19.9291,-99.5577,Doxhicho,Mexico
20.0917,-99.2436,Doxey,Hidalgo
19.4842,-96.7994,Dos Rios,Veracruz
19.1406,-98.4575,Domingo Arenas,Puebla
16.9958,-96.4323,Villa Diaz Ordaz,Oaxaca
20.742,-89.3173,Cuzama,Yucatan
18.0656,-93.173,Cunduacan,Tabasco
18.8138,-96.7239,Cuitlahuac,Veracruz
16.9776,-96.7808,Cuilapan de Guerrero,Oaxaca
18.7722,-96.8698,Cuichapa,Veracruz
20.0177,-97.5228,Ciudad de Cuetzalan,Puebla
18.1347,-99.8319,Cuetzala del Progreso,Guerrero
18.9261,-99.2308,Cuernavaca,Morelos
18.8764,-97.0217,Cuautlapan,Veracruz
19.0891,-98.2714,Cuautlancingo,Puebla
18.8046,-98.9455,Cuautla Morelos,Morelos
19.6849,-99.2861,Santiago Cuautlalpan,Mexico
19.6703,-99.1787,Cuautitlan,Mexico
20.0356,-98.3101,Cuautepec de Hinojosa,Hidalgo
16.75,-99.0024,Cuautepec,Guerrero
18.6639,-99.3758,Cuauchichinola,Morelos
18.9146,-97.8203,Cuapiaxtla de Madero,Puebla
19.2968,-97.7692,Cuapiaxtla,Tlaxcala
19.109,-98.3285,Cuanala,Puebla
16.4735,-98.4139,Cuajinicuilapa de Santa Maria,Guerrero
19.3599,-99.2939,Cuajimalpa,Mexico City
18.817,-97.5102,Cuacnopalan,Puebla
16.7224,-99.1236,Cruz Grande,Guerrero
17.9083,-95.0108,Cruz del Milagro,Veracruz
22.1083,-99.2044,Nuevo Crucitas,San Luis Pot
16.35,-93.5333,Cristobal Obregon,Chiapas
20.501,-86.946,San Miguel de Cozumel,Quintana Roo
20.2472,-97.6582,Coyutla,Veracruz
19.7772,-99.213,Coyotepec,Morelos
19.3467,-99.1617,Coyoacan,Mexico City
20.184,-97.5857,Coxquihui,Puebla
18.2668,-97.15,Coxcatlan,Puebla
17.9979,-94.6354,Cosoleacaque,Veracruz
18.6005,-96.6852,Cosolapa,Veracruz
19.0727,-97.0469,Heroica Coscomatepec de Bravo,Veracruz
19.332,-96.9903,Cosautlan de Carvajal,Veracruz
18.3676,-95.7986,Cosamaloapan de Carpio,Veracruz
18.1146,-95.1154,Corral Nuevo,Veracruz
20.4827,-97.5258,Corralillos,Veracruz
18.8858,-96.9313,Cordoba,Veracruz
16.7119,-93.1209,Copoya,Chiapas
18.0343,-99.0412,Copalillo,Guerrero
16.6077,-98.9782,Copala,Guerrero
17.0937,-93.2106,Copainala,Chiapas
19.3293,-98.1664,San Bernardino Contla,Tlaxcala
17.0382,-97.9412,Constancia del Rosario,Oaxaca
21.0737,-89.5199,Conkal,Yucatan
19.0944,-98.0614,Concepcion Capulac (La Ex-Hacienda),Puebla
18.4068,-95.1741,Comoapan,Veracruz
16.2447,-92.1342,Comitan,Chiapas
16.4913,-95.1565,San Pedro Comitancillo,Oaxaca
19.164,-96.8866,Comapa,Veracruz
26.1819,-98.9204,Comales,Tamaulipas
18.2632,-93.224,Comalcalco,Tabasco
17.0667,-99.2833,Colotepec,Guerrero
19.9232,-96.7271,Colipa,Veracruz
18.2412,-99.662,Cocula,Guerrero
18.8842,-98.9819,Cocoyoc,Morelos
19.2334,-98.866,Cocotitlan,Mexico
20.483,-87.7389,Coba,Quintana Roo
20.487,-97.4682,Coatzintla,Veracruz
18.612,-98.1727,Coatzingo,Puebla
18.1335,-94.4424,Coatzacoalcos,Veracruz
18.7302,-99.3271,Coatetelco,Morelos
18.8949,-99.7215,Coatepec Harinas,Mexico
19.4523,-96.9615,Coatepec,Veracruz
19.1092,-97.5925,Santa Maria Coatepec,Puebla
16.5393,-96.6688,Coatecas Altas,Oaxaca
17.1314,-93.1595,Coapilla,Chiapas
19.7531,-99.9686,San Juan Coajomulco,Mexico
19.6516,-96.9404,Coacotzintla,Veracruz
19.6345,-99.1005,Coacalco,Mexico
23.7417,-99.146,Ciudad Victoria,Tamaulipas
21.9833,-99.0167,Ciudad Valles,San Luis Pot
18.9894,-97.447,Ciudad Serdan,Puebla
19.7756,-98.5747,Ciudad Sahagun,Hidalgo
17.8836,-92.4849,Ciudad Pemex,Tabasco
19.4006,-99.0148,Ciudad Nezahualcoyotl,Mexico
26.3995,-99.0284,Ciudad Miguel Aleman,Tamaulipas
18.8061,-97.1778,Ciudad Mendoza,Veracruz
22.2723,-97.8362,Ciudad Madero,Tamaulipas
14.6815,-92.1522,Ciudad Hidalgo,Chiapas
21.9404,-100.0117,Ciudad Fernandez,San Luis Pot
19.4285,-99.1277,Mexico City,Mexico City
22.4019,-99.6047,Ciudad del Maiz,San Luis Pot
18.6459,-91.8299,Ciudad del Carmen,Campeche
16.6839,-93.7181,Cintalapa de Figueroa,Chiapas
16.3235,-97.3176,Cieneguilla,Oaxaca
16.8934,-96.7676,Cienega de Zimatlan,Oaxaca
19.5853,-88.5922,Chunhuhub,Quintana Roo
20.4283,-89.3011,Chumayel,Yucatan
20.2061,-97.594,Chumatlan,Puebla
17.6661,-93.4811,Chontalpa,Tabasco
19.2636,-99.4859,San Pedro Chochula,Morelos
19.0641,-98.3035,Cholula,Puebla
21.0108,-89.2915,Cholul Canton,Yucatan
20.7509,-89.8304,Chochola,Yucatan
19.0121,-97.0329,Chocaman,Veracruz
21.3596,-97.7348,Chinampa de Gorostiza,Veracruz
18.022,-94.6795,Chinameca,Veracruz
25.7013,-99.238,China,Nuevo Leon
19.7699,-90.4959,China,Campeche
17.4454,-96.1851,Santiago Camotlan,Oaxaca
19.4428,-99.344,San Francisco Chimalpa,Morelos
17.5506,-99.5058,Chilpancingo de los Bravos,Guerrero
17.2333,-92.4167,Chilon,Chiapas
20.3306,-99.2312,Chilcuautla,Hidalgo
18.9886,-97.1542,Chilapa,Veracruz
17.5946,-99.1764,Chilapa de Alvarez,Guerrero
18.1097,-98.4857,Chila de la Sal,Puebla
20.3344,-88.4863,Chikindzonot,Yucatan
19.82,-97.3886,Chinautla,Puebla
19.8387,-98.0317,Chignahuapan,Puebla
18.6463,-98.072,Chigmecatitlan,Puebla
18.5203,-98.5789,Chietla,Puebla
21.1362,-89.5162,Chicxulub Pueblo,Yucatan
20.3827,-97.6616,Chicualoque,Veracruz
20.9721,-98.1724,Chicontepec de Tejada,Veracruz
19.5594,-98.8988,Chiconcuac,Mexico
15.744,-92.286,Chicomuselo,Chiapas
19.4169,-98.902,San Vicente Chicoloapan,Mexico
18.9014,-97.1081,Chicola,Veracruz
19.2007,-97.0669,Chichiquila,Puebla
20.6318,-88.2169,Chichimila,Yucatan
17.659,-99.6762,Chichihualco,Guerrero
20.6667,-88.5667,Chichen-Itza,Yucatan
18.3015,-98.6034,Chiautla de Tapia,Puebla
19.549,-98.8824,Chiautla,Mexico
16.5697,-92.7204,Chiapilla,Chiapas
16.7077,-93.0118,Chiapa de Corzo,Chiapas
18.5141,-88.3038,Chetumal,Quintana Roo
20.6561,-87.9364,Chemax,Yucatan
21.2697,-89.7401,Chelem,Yucatan
21.1573,-98.9036,Chapulhuacan,Hidalgo
16.7167,-92.4,Chanal,Chiapas
16.7842,-92.6896,Chamula,Chiapas
19.3444,-90.7258,Champoton,Campeche
19.2617,-98.8978,Chalco de Diaz Covarrubias,Mexico
16.3,-94.1833,Chahuite,Oaxaca
18.3053,-95.8417,Chacaltianguis,Veracruz
18.0786,-94.7028,Chacalapa,Veracruz
19.5695,-96.6483,Cerro Gordo,Veracruz
21.192,-97.7409,Cerro Azul,Veracruz
20.1591,-98.7285,San Miguel Cerezo (El Cerezo),Hidalgo
20.506,-90.1098,Cepeda,Yucatan
20.9662,-88.6044,Cenotillo,Yucatan
20.8597,-90.399,Celestun,Yucatan
20.7037,-97.3098,Cazones de Herrera,Veracruz
20.0636,-97.6069,Caxhuacan,Puebla
21.0154,-89.7035,Caucel,Yucatan
18.4213,-95.114,Catemaco,Veracruz
20.7501,-97.6316,Castillo de Teayo,Veracruz
18.3748,-95.7544,Carlos A. Carrillo,Veracruz
22.0014,-99.6425,Cardenas,San Luis Pot
18.0013,-93.3756,Cardenas,Tabasco
19.1935,-99.4659,Capulhuac,Morelos
21.1575,-89.1013,Cansahcab,Yucatan
15.9264,-96.4927,Candelaria Loxicha,Oaxaca
21.1743,-86.8466,Cancun,Quintana Roo
16.9167,-92.4833,Cancuc,Chiapas
19.838,-90.5277,Campeche,Campeche
26.2546,-98.8435,Camargo,Tamaulipas
18.8849,-97.8174,Caltenco,Puebla
19.5887,-98.5697,Calpulalpan,Hidalgo
20.8969,-98.5851,Calnali,Hidalgo
18.6361,-98.6344,Calmeca,Puebla
20.3691,-90.0512,Calkini,Campeche
19.3365,-99.6892,Calixtlahuaca,Mexico
19.1632,-99.6181,Calimaya de Diaz Gonzalez,Morelos
18.5572,-88.2548,Calderitas,Quintana Roo
20.6978,-99.8153,Cadereyta de Montes,Queretaro
25.5833,-99.9833,Cadereyta,Nuevo Leon
17.1277,-96.8024,San Lorenzo Cacaotepec,Oaxaca
17.7216,-97.7404,Santiago Cacaloxtepec,Oaxaca
18.5464,-99.6436,Cacalotenango,Guerrero
18.7875,-98.4861,Cacaloxuchitl,Puebla
19.2531,-99.7062,Cacalomacan,Mexico
20.9836,-89.2269,Cacalchen,Yucatan
14.9928,-92.1664,Cacahoatan,Chiapas
18.46,-99.4085,Buenavista de Cuellar,Guerrero
19.0428,-96.8567,Buena Vista,Veracruz
17.9167,-92.5333,Buenavista,Tabasco
21.203,-88.7927,Buctzotz,Yucatan
16.9962,-92.8922,Bochil,Chiapas
19.8457,-99.1119,Miguel Bocanegra,Morelos
19.1,-96.1,Boca del Rio,Veracruz
19.1545,-96.8327,Boca del Monte,Veracruz
18.0786,-93.9183,Blasillo 1ra. Seccion (Nicolas Bravo),Tabasco
17.2527,-96.1528,San Melchor Betaza,Oaxaca
16.7985,-93.2716,Berriozabal,Chiapas
20.8864,-98.2059,Benito Juarez,Hidalgo
19.8165,-97.7911,Benito Juarez,Puebla
19.3749,-97.9103,Benito Juarez,Tlaxcala
17.7889,-92.6129,Belen,Tabasco
15.4557,-92.1582,Bejucal de Ocampo,Chiapas
20.4417,-90.0274,Becal,Campeche
19.5889,-96.9373,Banderilla,Veracruz
18.0325,-99.7591,Nuevo Balsas,Guerrero
17.807,-91.5374,Balancan de Dominguez,Tabasco
16.9609,-99.9717,Bajos del Ejido,Guerrero
18.6811,-88.3933,Bacalar,Quintana Roo
21.1087,-89.3987,Baca,Yucatan
16.7331,-98.6017,Azoyu,Guerrero
19.487,-99.1859,Azcapotzalco,Mexico City
16.9638,-99.0962,Ayutla de los Libres,Guerrero
18.5465,-98.505,Ayutla,Puebla
17.6733,-96.1288,Ayotzintepec,Oaxaca
20.0959,-97.4096,Ayotoxco de Guerrero,Puebla
19.2072,-98.1931,Ayometitla,Tlaxcala
19.1269,-98.7999,Ayapango,Mexico
18.2241,-93.1116,Ayapa,Tabasco
18.7669,-98.9822,Ciudad Ayala,Morelos
19.3511,-97.1487,Ayahualulco,Puebla
18.1894,-98.3893,Axutla,Puebla
17.5493,-98.6616,San Miguel Axoxuca,Guerrero
18.5031,-98.7522,Axochiapan,Morelos
18.6022,-99.5181,Axixintla,Guerrero
19.7249,-98.7576,Axapusco,Morelos
18.899,-97.3246,Atzitzintla,Puebla
18.5464,-98.5531,Atzala,Puebla
18.9067,-97.0838,Atzacan,Veracruz
18.822,-97.9145,Atoyatempan,Puebla
20.2863,-98.6685,Atotonilco el Grande,Hidalgo
19.4311,-97.7956,Atlzayanca,Tlaxcala
18.9081,-98.4361,Atlixco,Puebla
17.6517,-99.3752,Atliaca,Guerrero
20.0121,-97.6242,Atlequizayan,Puebla
19.0219,-98.7786,Atlautla,Mexico
19.6678,-98.904,Santiago Atlatongo,Morelos
18.9354,-98.898,Atlatlahucan,Morelos
19.0696,-99.6098,San Bartolome Atlatlahuca,Mexico
19.8004,-99.8738,Atlacomulco,Mexico
19.5855,-99.2604,Ciudad Lopez Mateos,Mexico
19.25,-99.55,Atizapan,Mexico
20.0596,-99.2216,Atitalaquia,Hidalgo
20.1753,-99.3271,Atengo,Hidalgo
18.5097,-98.6091,Atencingo,Puebla
19.8394,-97.4586,Atempan,Puebla
16.2994,-95.7267,Asuncion Tlacolulita,Oaxaca
16.7619,-96.7214,Asuncion Ocotlan,Oaxaca
17.4592,-97.2261,Asuncion Nochixtlan,Oaxaca
16.5032,-95.0612,Asuncion Ixtaltepec,Oaxaca
17.7833,-92.2833,Aquiles Serdan,Tabasco
19.4133,-98.1436,Apizaco,Tlaxcala
19.3207,-96.7187,Apazapan,Veracruz
18.1313,-99.9326,Apaxtla de Castrejon,Guerrero
19.9751,-99.1711,Apaxco de Ocampo,Hidalgo
18.7931,-98.9597,San Pedro Apatlaco,Morelos
17.7412,-99.3291,Martir de Cuilapan,Guerrero
19.7113,-98.4509,Apan,Hidalgo
19.0596,-95.9927,Anton Lizardo,Veracruz
22.5495,-99.0812,Antiguo Morelos,Tamaulipas
18.596,-95.4458,Angel R. Cabadas,Veracruz
15.8731,-92.7244,Angel Albino Corzo,Chiapas
18.7689,-98.9884,Anenecuilco,Morelos
22.2028,-97.8551,Anahuac,Veracruz
16.6539,-98.0918,San Pedro Amuzgos,Oaxaca
19.0461,-98.045,Amozoc de Mota,Puebla
19.3068,-99.4588,San Miguel Ameyalco,Morelos
20.5634,-97.8257,Ameluca,Puebla
19.1238,-98.7665,Amecameca de Juarez,Mexico
18.7237,-98.7975,Amayuca,Morelos
18.8457,-96.9149,Amatlan de los Reyes,Veracruz
16.5272,-92.4347,Amatenango del Valle,Chiapas
15.4347,-92.1171,Amatenango de la Frontera,Chiapas
17.3743,-92.8189,Amatan,Chiapas
18.5986,-99.3694,Amacuzac,Morelos
14.9223,-92.3781,Alvaro Obregon,Chiapas
18.7714,-95.7618,Heroica Alvarado,Veracruz
19.7661,-97.2451,Altotonga,Veracruz
19.6244,-96.7341,Alto Lucero,Veracruz
18.3689,-97.2983,Altepexi,Puebla
16.8833,-92.15,Altamirano,Chiapas
22.3922,-97.9387,Altamira,Tamaulipas
18.7413,-99.2594,Alpuyeca,Morelos
17.673,-98.5097,Alpoyeca,Guerrero
18.8772,-98.7108,San Antonio Alpanocan,Puebla
19.3692,-99.7584,Villa de Almoloya de Juarez,Mexico
18.8656,-99.8945,Almoloya de Alquisiras,Mexico
19.7044,-98.4038,Almoloya,Hidalgo
19.1605,-99.4874,Almoloya del Rio,Morelos
19.2105,-99.442,San Miguel Almaya,Morelos
18.383,-92.8442,Ignacio Allende,Tabasco
18.1551,-94.3929,Allende,Veracruz
19.0993,-97.5297,Aljojuca,Puebla
21.4392,-98.8751,Villa Terrazas,San Luis Pot
22.9216,-98.0752,Aldama,Tamaulipas
22.1297,-99.6009,Alaquines,San Luis Pot
20.9106,-97.6749,Alamo,Veracruz
20.2655,-89.3479,Akil,Yucatan
18.3783,-97.2577,Ajalpan,Puebla
18.6802,-99.3083,Ahuehuetzingo,Morelos
20.0453,-98.1633,Ahuazotepec,Hidalgo
18.5728,-98.2569,Ahuatlan,Puebla
18.5747,-98.2561,Ahuatlan,Puebla
18.9714,-99.1897,Lomas de Ahuatepec,Morelos
19.9622,-99.9869,Ahuacatitlan Cuarto y Quinto Cuartel,Mexico
20.3634,-97.2931,Agua Dulce,Veracruz
18.1391,-94.1453,Agua Dulce,Veracruz
18.7189,-97.3037,Acultzingo,Veracruz
20.2696,-98.9438,Actopan,Hidalgo
19.5043,-96.6167,Actopan,Veracruz
19.4317,-97.7961,Atltzayanca de Hidalgo,Tlaxcala
21.1255,-98.7773,Acoyotla,Hidalgo
18.9486,-98.8261,Achichipico,Morelos
19.2656,-99.4163,San Jeronimo Acazulco,Morelos
17.9489,-94.914,Acayucan,Veracruz
20.0264,-98.841,Acayuca,Hidalgo
18.0171,-98.5402,Acaxtlahuacan de Albino Zertuche,Puebla
20.1579,-98.2017,Acaxochitlan,Hidalgo
18.9804,-97.7847,Acatzingo de Hidalgo,Puebla
18.5397,-96.6057,Acatlan de Perez Figueroa,Oaxaca
18.2025,-98.0486,Acatlan de Osorio,Puebla
16.7375,-98.4275,Acatepec,Guerrero
18.3181,-99.883,Acatempan,Guerrero
16.8634,-99.8901,Acapulco de Juarez,Guerrero
15.2818,-92.6903,Acapeteahua,Chiapas
20.8127,-89.453,Acanceh,Yucatan
18.5622,-99.5721,Acamixtla,Guerrero
19.9552,-99.8429,Acambay,Mexico
16.5551,-92.8076,Acala,Chiapas
19.1041,-97.951,Acajete,Puebla
17.3605,-99.4676,Acahuizotla,Guerrero
19.274,-99.7717,San Antonio Acahualco,Mexico
15.3409,-92.6756,Acacoyahua,Chiapas
17.7831,-95.5456,Abasolo del Valle,Veracruz
24.0584,-98.3733,Abasolo,Tamaulipas
14.9633,-92.1472,Talisman,Chiapas
20.1794,-99.0364,San Nicolas Tecomatlan,Hidalgo
20.0917,-99.1225,Ajacuba,Hidalgo
19.6411,-99.8383,San Pablo de los Remedios,Mexico
19.2249,-98.8133,Miraflores,Mexico
18.9783,-99.5286,San Miguel Tecomatlan,Mexico
18.5775,-99.1806,Higueron,Morelos
18.9747,-98.9464,Cuauhtempan (San Andres Cuauhtempan),Morelos
18.9522,-98.8881,Tlaltetelco (San Miguel Tlaltetelco),Morelos
18.9369,-98.7825,Huecahuasco,Morelos
17.1283,-96.8,San Lorenzo Cacaotepec,Oaxaca
19.2271,-99.6708,Santiago Tlacotepec,Mexico
17.67,-95.8801,San Jose Rio Manzo,Oaxaca
17.4928,-95.7603,San Juan del Rio,Oaxaca
17.3804,-96.1614,Santa Maria Temaxcalapa,Oaxaca
17.2686,-95.6233,Santa Maria Puxmetacan,Oaxaca
17.0164,-95.6075,Santiago Malacatepec,Oaxaca
17.0606,-96.6228,Santo Domingo Tomaltepec,Oaxaca
17.0283,-96.7006,San Antonio de la Cal,Oaxaca
17.0039,-96.7081,San Agustin de las Juntas,Oaxaca
17.2408,-96.8208,Magdalena Apasco,Oaxaca
17.3945,-97.2685,San Miguel Tecomatlan,Oaxaca
25.2253,-99.9347,Congregacion Calles,Nuevo Leon
25.8569,-99.6185,Hidalgo,Nuevo Leon
16.3165,-95.0994,Santa Rosa,Oaxaca
16.7282,-94.8598,Lazaro Cardenas,Oaxaca
16.8892,-95.0353,El Bajio,Oaxaca
16.4201,-96.7413,San Nicolas,Oaxaca
16.5411,-97.1819,El Arador,Oaxaca
16.4014,-97.8069,San Agustin Chayuco,Oaxaca
16.4758,-98.0125,San Juan Jicayan,Oaxaca
16.4883,-98.2897,Santiago Llano Grande,Oaxaca
16.3319,-98.3778,Santo Domingo Armenta,Oaxaca
16.2039,-97.93,Jose Maria Morelos,Oaxaca
16.3213,-97.7478,Santiago Tetepec,Oaxaca
16.2256,-97.2692,Santiago Yaitepec,Oaxaca
16.3253,-97.0411,San Cristobal Honduras,Oaxaca
16.3514,-96.5322,Sitio de Xitlapehua,Oaxaca
16.1069,-97.1444,Santos Reyes Nopala,Oaxaca
15.834,-96.6669,Santo Domingo de Morelos,Oaxaca
15.7864,-96.4042,San Miguel Figueroa,Oaxaca
16.9812,-96.891,San Pablo Cuatro Venados,Oaxaca
16.9267,-97.1469,San Antonio Huitepec,Oaxaca
16.7772,-96.9573,San Miguel Mixtepec,Oaxaca
16.7269,-97.0189,Santa Maria Lachixio,Oaxaca
17.0187,-97.7695,Santa Maria Yucuhiti,Oaxaca
17.1262,-98.197,El Jicaral,Guerrero
17.3973,-97.7062,San Juan Numi,Oaxaca
17.3528,-97.5948,Santa Maria del Rosario,Oaxaca
17.2846,-97.3388,Santiago Tilantongo,Oaxaca
17.3249,-97.0047,Santiago Tenango,Oaxaca
17.4993,-97.138,San Pedro Coxcaltepec Cantaros,Oaxaca
17.3898,-97.2275,Magdalena Zahuatlan,Oaxaca
17.3858,-97.2648,San Francisco Jaltepetongo,Oaxaca
17.3817,-97.3426,San Francisco Nuxano,Oaxaca
17.4161,-97.2739,San Mateo Etlatongo,Oaxaca
17.4531,-97.2848,San Juan Sayultepec,Oaxaca
17.4565,-97.4432,San Vicente Nunu,Oaxaca
17.4724,-97.5698,Santiago Yolomecatl,Oaxaca
17.4562,-98.0055,San Miguel Tlacotepec,Oaxaca
17.5183,-97.6835,San Sebastian Nicananduta,Oaxaca
17.6169,-97.6829,Santo Domingo Yodohino,Oaxaca
17.6696,-98.2214,Santiago Tamazola,Oaxaca
17.6735,-97.9656,Santo Domingo Tonala,Oaxaca
17.7224,-97.8603,San Marcos Arteaga,Oaxaca
17.6881,-97.7267,San Andres Dinicuiti,Oaxaca
17.6771,-97.5731,Tamazulapam Villa del Progreso,Oaxaca
17.8597,-98.1408,Mariscala de Juarez,Oaxaca
17.9589,-98.0685,San Lorenzo Vista Hermosa,Oaxaca
18.1322,-97.0707,Teotitlan de Flores Magon,Oaxaca
17.9696,-97.8607,Chila,Oaxaca
18.1425,-97.7908,Cosoltepec,Puebla
18.6071,-96.6842,Tezonapa,Veracruz
18.1201,-96.451,Piedra de Amolar,Oaxaca
18.2014,-96.4828,Isla Soyaltepec,Oaxaca
18.5089,-96.4588,Tetela,Oaxaca
18.1194,-96.0019,Benemerito Juarez,Oaxaca
18.0682,-96.2718,Macin Chico,Oaxaca
17.4692,-96.0361,San Juan Petlapa,Oaxaca
17.3756,-96.3008,Tanetze de Zaragoza,Oaxaca
17.3378,-96.1151,Santo Domingo Roayaga,Oaxaca
17.305,-96.2072,San Juan Tabaa,Oaxaca
17.4776,-95.3677,San Felipe Cihualtepec,Oaxaca
17.5159,-95.1427,El Paraiso,Veracruz
17.0739,-95.0467,Paso Real de Sarabia,Oaxaca
17.0059,-96.6192,Rojas de Cuauhtemoc,Oaxaca
17.1727,-96.8102,Guadalupe Etla,Oaxaca
16.8371,-96.7295,Santa Ana Zegache,Oaxaca
16.903,-96.5017,San Bartolome Quialana,Oaxaca
16.8014,-96.6828,San Antonino Castillo Velasco,Oaxaca
16.8066,-96.7572,Santa Ines Yatzeche,Oaxaca
16.9666,-96.7051,Santa Maria Coyotepec,Oaxaca
16.4403,-95.4445,Santa Maria Jalapa del Marques,Oaxaca
16.8963,-95.8498,Guadalupe Victoria,Oaxaca
16.9556,-96.0553,Santo Domingo Tepuxtepec,Oaxaca
16.9113,-96.2583,San Lorenzo Albarradas,Oaxaca
15.9147,-95.8103,El Coyul,Oaxaca
15.834,-96.3348,La Erradura,Oaxaca
17.0012,-96.6035,Santa Maria Guelace,Oaxaca
16.6303,-96.7977,La Pe,Oaxaca
16.5686,-96.7551,Taniche,Oaxaca
16.5948,-94.6926,La Blanca,Oaxaca
16.331,-95.2256,San Blas Atempa,Oaxaca
18.3035,-93.2339,Occidente 4ta. Seccion,Tabasco
18.2569,-93.3107,Miguel Hidalgo,Tabasco
18.4135,-93.0134,Aquiles Serdan,Tabasco
18.3389,-93.2006,Oriente 1ra. Seccion,Tabasco
18.2441,-93.0196,Tecoluta 2da. Seccion,Tabasco
18.4336,-92.8718,Gobernador Cruz,Tabasco
18.0986,-94.0459,Villa la Venta,Tabasco
18.1742,-93.6236,Poblado C-11 Jose Maria Morelos y Pavon,Tabasco
18.1543,-93.3382,El Tular,Tabasco
18.1412,-93.1322,Culico 2da. Seccion,Tabasco
17.9852,-93.1381,Cumuapa 1ra. Seccion,Tabasco
18.0531,-92.9364,Saloya 2da. Seccion,Tabasco
17.9323,-93.8744,Tres Bocas 1ra. Seccion,Tabasco
17.9267,-93.7664,Huapacal 1ra. Seccion,Tabasco
17.9633,-93.6658,Paso de la Mina 3ra. Seccion,Tabasco
17.9142,-92.9177,Parrilla,Tabasco
17.7828,-92.9004,Rio de Teapa,Tabasco
17.8247,-92.7398,Aquiles Serdan 1ra. Seccion,Tabasco
17.7217,-92.8127,Jalapa,Tabasco
17.6547,-92.478,Palomas,Tabasco
17.4103,-92.715,Libertad,Tabasco
21.0136,-98.8428,Tepehuacan de Guerrero,Hidalgo
21.1541,-98.8,Zacualtipanito,Hidalgo
21.1509,-98.3643,Chalahuiyapa,Hidalgo
20.9413,-98.3389,Tecacahuaco,Hidalgo
20.909,-98.4324,Zoquitipan,Hidalgo
20.4656,-98.0855,Barrio Aztlan,Hidalgo
20.3239,-98.7422,Santa Maria Amajac,Hidalgo
20.4933,-99.0597,Pozuelos,Hidalgo
20.4333,-99.1493,Taxadho,Hidalgo
20.4878,-99.1919,El Nith,Hidalgo
20.2234,-99.4891,San Bartolo Ozocalpan,Hidalgo
20.156,-99.348,General Pedro Maria Anaya,Hidalgo
20.2271,-99.2907,Tenango,Hidalgo
20.1595,-99.2524,Presas,Hidalgo
20.176,-99.2416,La Cruz,Hidalgo
20.009,-99.2393,Ocampo,Hidalgo
20.1286,-99.1995,Munitepec de Madero,Hidalgo
20.1929,-99.1787,Colonia Tenhe,Hidalgo
20.0757,-98.8197,El Huixmi,Hidalgo
20.0703,-98.7394,Nuevo Centro de Poblacion Agricola el Chacon,Hidalgo
20.09,-98.7053,Carboneras,Hidalgo
20.1492,-98.7222,Camelia (Barrio la Camelia),Hidalgo
20.0844,-98.4167,Ahuehuetitla,Hidalgo
20.0389,-98.2964,Santa Maria Nativitas,Hidalgo
19.6542,-98.5464,Emiliano Zapata,Hidalgo
19.9499,-98.9013,Vicente Guerrero (San Javier),Hidalgo
19.5586,-97.9167,Emiliano Zapata,Tlaxcala
19.5375,-97.9822,Lazaro Cardenas,Tlaxcala
19.5994,-98.2689,San Jose Tepeyahualco,Tlaxcala
19.6361,-98.2743,Lagunilla,Tlaxcala
19.5384,-98.6175,La Soledad,Tlaxcala
19.4746,-98.2096,Munoz Arenas de Domingo,Tlaxcala
19.3356,-98.0645,San Jose Teacalco,Tlaxcala
19.4001,-98.0582,Colonia Venustiano Carranza,Tlaxcala
19.3792,-97.7612,Santa Cruz Pocitos,Tlaxcala
19.3243,-97.6535,El Carmen Tequesquitla,Tlaxcala
19.3149,-97.9232,Huamantla,Tlaxcala
19.2511,-97.8947,Ixtenco,Tlaxcala
19.2039,-97.9072,Zitlaltepec,Tlaxcala
19.3318,-97.9649,Colonia Cuauhtemoc,Tlaxcala
19.2603,-98.1643,Tetlanohcan,Tlaxcala
19.1786,-98.1892,Mazatecochco,Tlaxcala
19.1736,-98.2333,Santo Toribio Xicohtzingo,Tlaxcala
19.2164,-98.1981,Concepcion Chimalpa,Tlaxcala
19.2236,-98.2006,Acuamanala,Tlaxcala
19.2829,-98.1961,La Magdalena Tlaltelulco,Tlaxcala
19.2457,-98.2347,Tepeyanco,Tlaxcala
19.2408,-98.2614,San Jeronimo Zacualpan,Tlaxcala
19.2158,-98.2397,Zacatelco,Tlaxcala
19.2306,-98.2953,Tetlatlahuca,Tlaxcala
19.2394,-98.2822,Santa Cruz Aquiahuac,Tlaxcala
19.3191,-98.1998,Tlaxcala de Xicohtencatl,Tlaxcala
19.3258,-98.2583,Totolac,Tlaxcala
19.1686,-98.2039,Papalotla,Tlaxcala
19.1467,-98.2021,Tenancingo,Tlaxcala
19.1252,-98.1619,Vicente Guerrero,Tlaxcala
19.4384,-98.0781,Guadalupe Texcalac,Tlaxcala
17.6434,-93.1596,Pueblo Juarez,Chiapas
17.6346,-93.0724,Nuevo Nicapa,Chiapas
17.725,-92.0142,Catazaja,Chiapas
17.022,-91.5953,Lacandon,Chiapas
17.4551,-92.3989,Nuevo Limar,Chiapas
17.4149,-92.4029,El Limar,Chiapas
17.1394,-92.4829,Nuevo Sitala,Chiapas
17.0056,-92.4689,Pantelho,Chiapas
17.2411,-92.7023,Jose Maria Morelos y Pavon,Chiapas
17.2072,-92.9391,Rincon Chamula,Chiapas
17.2942,-93.3525,San Miguel la Sardina,Chiapas
17.216,-93.4789,Adolfo Lopez Mateos,Chiapas
16.5057,-93.7391,Jose Maria Pino Suarez,Chiapas
16.55,-93.7161,Cuauhtemoc,Chiapas
16.6042,-93.7914,Lazaro Cardenas,Chiapas
16.6675,-93.5064,Alfonso Moguel,Chiapas
16.6603,-93.5831,Vicente Guerrero,Chiapas
16.5772,-93.3594,Hermenegildo Galeana,Chiapas
16.5994,-93.3508,Ignacio Zaragoza (El Morro),Chiapas
16.8836,-92.7133,Larrainzar,Chiapas
16.7346,-92.0384,Altamirano,Chiapas
16.516,-90.6537,Benemerito de las Americas,Chiapas
16.2892,-90.6208,Emiliano Zapata,Chiapas
16.0287,-91.9721,Chihuahua,Chiapas
16.2523,-92.0228,La Independencia,Chiapas
16.3915,-92.0687,Yasha,Chiapas
16.4812,-92.5847,Mariano Matamoros,Chiapas
16.394,-92.6962,Ricardo Flores Magon,Chiapas
16.3506,-92.6285,Miguel Hidalgo,Chiapas
16.3358,-92.6686,Presidente Echeverria (Laja Tendida),Chiapas
16.0898,-92.8106,Nueva Libertad,Chiapas
16.4857,-92.8186,Union Buena Vista,Chiapas
16.1465,-93.017,Manuel Avila Camacho,Chiapas
16.3461,-93.4167,Doctor Domingo Chanona,Chiapas
16.37,-93.3656,Joaquin Miguel Gutierrez,Chiapas
16.4694,-93.4381,Nuevo Mexico,Chiapas
16.4325,-93.4569,Cristobal Obregon,Chiapas
16.3739,-93.475,Libertad Melchor Ocampo,Chiapas
16.35,-93.53,Agronomos Mexicanos,Chiapas
16.4928,-93.6336,Nueva Palestina,Chiapas
16.4292,-93.7142,Julian Grajales,Chiapas
16.0887,-93.7559,Tonala,Chiapas
16.3789,-93.8606,Tierra y Libertad,Chiapas
16.3939,-93.8697,Tiltepec,Chiapas
16.48,-93.9278,Villamorelos,Chiapas
16.2375,-93.9018,Arriaga,Chiapas
16.0128,-93.8458,San Luqueno,Chiapas
16.0508,-93.8667,Paredon,Chiapas
15.8895,-93.704,Doctor Belisario Dominguez (La Barra),Chiapas
15.8097,-93.5893,Manuel Avila Camacho (Ponte Duro),Chiapas
15.4973,-93.2139,El Palmarcito,Chiapas
18.7484,-99.6754,Pilcaya,Guerrero
18.7775,-99.5486,San Gaspar,Mexico
18.7678,-99.4653,San Andres Nicolas Bravo,Mexico
18.7903,-99.6453,El Terrero,Mexico
18.8586,-99.5483,San Jose Chalmita,Mexico
18.8667,-99.5911,San Pablo Tejalpa,Mexico
18.8905,-99.6403,La Finca,Mexico
18.9456,-99.6569,Buenavista,Mexico
18.9239,-99.5886,Acatzingo (Acatzingo de la Piedra),Mexico
18.9203,-99.5567,El Carmen (El Desierto del Carmen),Mexico
18.9333,-99.5683,San Nicolas,Mexico
18.9356,-99.5992,Tepalcatepec,Mexico
18.9453,-99.6306,Jesus Carranza (Rancho de Jesus),Mexico
18.96,-99.64,Villa Guerrero,Mexico
18.9615,-99.6683,Santiago Oxtotitlan,Mexico
18.9422,-99.9391,San Agustin,Mexico
18.9457,-99.8953,Texcapilla,Mexico
18.9525,-99.5897,El Salitre,Mexico
18.9769,-99.5747,Chalchihuapan,Mexico
18.9628,-99.5564,Tepoxtepec,Mexico
18.9939,-99.6664,San Miguel,Mexico
19.1,-99.6581,Santa Cruz Pueblo Nuevo (Pueblo Nuevo),Mexico
19.1833,-99.8167,Cerro La Calera,Mexico
19.1769,-99.4885,Santa Cruz Atizapan,Mexico
18.9411,-98.7906,San Juan Tlacotompa (Tlacotompa),Mexico
18.9831,-98.7875,San Juan Tepecoculco,Mexico
19.0289,-98.8213,Tepetlixpa,Mexico
19.5928,-98.9108,Tezoyuca,Morelos
19.6238,-98.9241,Acolman,Mexico
19.7094,-98.7883,San Pablo Ixquitlan,Mexico
19.7181,-98.8568,San Antonio de las Palmas,Mexico
19.8814,-98.8603,Ixtlahuaca de Cuauhtemoc,Mexico
20.0919,-99.8231,La Soledad Barrio,Mexico
20.0984,-99.526,San Juan Daxthi,Mexico
20.0211,-99.5761,La Comunidad,Mexico
19.99,-99.8475,Ganzda,Mexico
19.8758,-99.9117,Bobashi de Guadalupe,Mexico
19.7968,-99.4003,San Luis Anahuac (Toriles),Mexico
19.7697,-99.9692,Santiago Casandeje,Mexico
19.5847,-99.8875,Santa Ana Ixtlahuaca (Santa Ana Ixtlahuacingo),Mexico
20.6197,-97.8179,Jaltocan,Puebla
20.5067,-97.6681,Venustiano Carranza,Puebla
20.2753,-98.1247,Atla,Puebla
20.2314,-97.8014,San Pedro Tlaolantongo,Puebla
20.1386,-97.9231,Tlaola,Puebla
20.0246,-97.6461,Ixtepec,Puebla
19.8528,-97.4953,Ciudad de Tlatlauquitepec,Puebla
19.05,-98.3,San Andres Cholula,Puebla
19.3427,-97.2702,Gonzalez Ortega,Puebla
19.2911,-97.3429,Guadalupe Victoria,Puebla
19.1415,-97.4681,Jose Maria Morelos,Puebla
19.0843,-97.3536,San Miguel Zoapan,Puebla
18.8536,-97.3146,San Jose Cuyachapa,Puebla
18.6354,-97.4001,Chapuco,Puebla
18.9258,-97.5114,San Pedro Temamatla,Puebla
18.958,-97.8034,Actipan,Puebla
18.7559,-97.8614,Dolores Hidalgo,Puebla
18.9498,-97.9507,Santa Cruz Ajajalpan,Puebla
18.7938,-97.9896,San Antonio Juarez,Puebla
18.8836,-98.3519,Santa Lucia Cosamaloapan,Puebla
18.9814,-98.3589,San Pablo Ahuatempa,Puebla
18.8808,-98.3831,San Isidro Huilotepec,Puebla
18.8044,-98.5072,Teacalco de Dorantes (San Jose Teacalco),Puebla
18.5718,-98.4403,Raboso,Puebla
18.7308,-98.5167,San Diego el Organal,Puebla
18.8892,-98.6592,Santa Cruz Cuautomatitla,Puebla
18.3736,-98.6906,Huehuetlan El Chico,Puebla
18.4333,-98.7,Tlancualpican,Puebla
18.2283,-98.8761,Xochitepec,Puebla
18.3,-98.6039,Ciudad de Chiautla de Tapia,Puebla
18.0277,-98.6964,Ixcamilpa,Guerrero
18.0186,-98.5411,Acaxtlahuacan de Albino Zertuche,Puebla
18.0592,-98.5246,Xicotlan,Puebla
18.2567,-98.1022,Hermenegildo Galeana,Puebla
18.4842,-97.1522,Telpatlan,Puebla
18.2936,-97.1642,Caipan,Puebla
18.3278,-98.8457,Jolalpan,Puebla
19.5283,-90.6992,Villa Madero,Campeche
19.4803,-90.6733,La Joya,Campeche
19.4997,-90.5114,Santo Domingo Keste,Campeche
19.1336,-90.7319,San Pablo Pixtun,Campeche
18.665,-92.3109,Colonia Emiliano Zapata,Campeche
18.4442,-90.7915,Haro,Campeche
18.5497,-99.5558,San Juan de Dios (Naranjas de Dios),Guerrero
18.1425,-99.5779,Tecuexcontitlan (Tecoescontitlan),Guerrero
18.0535,-99.5935,Maxela,Guerrero
17.8029,-99.4616,Axaxacualco,Guerrero
17.4314,-99.5861,El Fresno,Guerrero
17.2189,-99.5247,Julian Blanco (Dos Caminos),Guerrero
16.7161,-99.6102,Lomas de Chapultepec,Guerrero
16.7765,-99.6304,Cerro de Piedra,Guerrero
16.7435,-99.5272,Llano de la Puerta,Guerrero
16.8353,-99.5718,Campanario,Guerrero
16.9401,-99.4335,Llano Grande,Guerrero
16.9395,-99.3692,Ocotlan,Guerrero
17.7865,-98.9483,Tecolcuautla,Guerrero
17.6591,-98.898,Pochutla,Guerrero
17.5483,-99.175,Santa Catarina,Guerrero
17.0058,-99.2831,San Francisco,Guerrero
16.7672,-99.0106,La Dicha,Guerrero
16.7614,-99.2294,Las Vigas,Guerrero
16.5833,-98.8169,Marquelia,Guerrero
17.4735,-98.5735,Xalatzala,Guerrero
17.1635,-98.7039,Paraje Montero (Paraje Montero de Zaragoza),Guerrero
17.2472,-98.37,San Pablo Atzompa,Guerrero
17.0326,-98.2239,Rancho Viejo (Rancho Nuevo de la Democracia),Guerrero
16.8072,-98.7342,San Luis Acatlan,Guerrero
16.5324,-98.5276,El Pitahayo,Guerrero
21.2964,-88.2706,Panaba,Yucatan
21.1544,-88.3136,Sucila,Yucatan
20.644,-88.1431,Tixhualactun,Yucatan
20.3238,-89.1329,Kinil,Yucatan
20.1022,-89.46,Xul,Yucatan
21.1018,-87.4864,Kantunilkin,Quintana Roo
21.0878,-86.8471,Alfredo V. Bonfil,Quintana Roo
20.9897,-87.2022,Leona Vicario,Quintana Roo
20.1654,-88.464,X Cabil,Quintana Roo
19.8008,-88.7539,La Presumida,Quintana Roo
19.7139,-88.8617,Kancabchen,Quintana Roo
19.3917,-88.0742,X-Hazil Sur,Quintana Roo
19.0769,-88.4565,Los Divorciados,Quintana Roo
19.5279,-97.2707,Francisco I. Madero,Veracruz
19.5418,-97.278,Guadalupe Victoria,Veracruz
19.6244,-96.8725,El Espinal,Veracruz
19.4289,-96.355,El Paraiso (La Charca),Veracruz
19.3717,-96.3828,Cabezas,Veracruz
19.2775,-96.3936,El Hatito,Veracruz
19.4018,-96.6525,Plan del Rio,Veracruz
19.4333,-96.8665,Bella Esperanza,Veracruz
19.3142,-96.901,Tlaltetela,Veracruz
19.3553,-97.1175,Ixhuacan de los Reyes,Puebla
19.0457,-97.1744,Cuiyachapa,Veracruz
19.0404,-97.0639,Tetlaxco,Veracruz
19.0753,-96.9189,Ixcatla,Veracruz
19.0156,-96.8431,San Jose Tenejapa,Veracruz
19.2303,-96.8414,Mata de Indio,Veracruz
19.1122,-96.6353,Sonora,Veracruz
19.1108,-96.5958,San Francisco Nacaxtle,Veracruz
19.1519,-96.1978,Las Amapolas,Veracruz
18.8787,-96.8605,Paraje Nuevo,Veracruz
18.865,-96.9547,Veinte de Noviembre,Veracruz
18.8431,-96.9456,Trapiche Viejo,Veracruz
18.7556,-96.8686,Rincon de Buena Vista,Veracruz
18.8472,-96.9539,San Jose de Tapia,Veracruz
18.9372,-97.0183,Monte Salas,Veracruz
18.8931,-97.0369,Buenavista,Veracruz
18.8362,-97.0278,Campo Chico,Veracruz
18.9275,-97.1325,La Perla,Veracruz
18.7903,-97.1681,La Cuesta,Veracruz
18.9272,-97.2056,San Isidro el Berro,Veracruz
18.8878,-97.2372,San Jose Suchil,Veracruz
18.1978,-94.9703,El Aguacate,Veracruz
18.0133,-94.8767,Ixhuapan,Veracruz
17.9778,-94.2631,Tlacuilolapan,Veracruz
17.9361,-94.6667,Coacotla,Veracruz
17.8661,-94.7083,Las Lomas de Tacamichapan,Veracruz
17.9631,-94.9025,Colonia Lealtad,Veracruz
17.9375,-94.9706,Congregacion Hidalgo,Veracruz
17.9417,-94.9981,Dehesa,Veracruz
22.2553,-97.8686,Tampico,Tamaulipas
21.7183,-98.5878,San Vicente Tancuayalab,San Luis Pot
21.2241,-98.43,San Pedro Coyutla,Veracruz
20.5842,-98.3653,Texcatepec,Veracruz
20.6356,-98.1403,Otatitlan,Veracruz
20.7703,-98.1443,Tenantitla,Veracruz
20.863,-98.0697,Xochimilco,Veracruz
20.6094,-97.9278,Pisaflores,Veracruz
20.8214,-97.6908,Tincontlan,Veracruz
20.9536,-97.4419,Alto Lucero,Veracruz
20.9369,-97.3725,La Victoria (La Penita),Veracruz
20.7222,-97.2025,Barra de Cazones,Veracruz
20.5275,-97.2588,Polutla,Veracruz
20.2607,-97.6153,Las Lomas,Veracruz
20.2742,-97.6919,Macedonio Alonso,Veracruz
20.2092,-97.6808,Mecatlan,Veracruz
19.9389,-97.2872,Hueytamalco,Puebla
19.7122,-97.225,Ignacio Zaragoza,Veracruz
19.7242,-97.215,Gutierrez Zamora,Veracruz
19.6897,-96.8854,San Marcos Atesquilapan,Veracruz
19.703,-96.696,Monte Verde Chiveria,Veracruz
19.7713,-96.4322,Palma Sola,Veracruz
20.4457,-97.4827,Manuel Maria Contreras,Veracruz
18.5325,-95.3063,Tapalapan,Veracruz
18.6019,-96.6828,Cosolapa,Oaxaca
18.6806,-96.7719,Presidio (Plan de Libres),Veracruz
18.4567,-95.4006,Tlapacoyan,Veracruz
18.4619,-95.1676,Santa Rosa Abata,Veracruz
18.3364,-95.2603,Juan Jacobo Torres [Bodega de Totontepec],Veracruz
18.3492,-95.3281,Tilapan,Veracruz
17.8089,-95.2175,Estacion Juanita,Veracruz
17.9939,-95.4014,Juan Rodriguez Clara,Veracruz
17.9236,-95.0608,Vista Hermosa,Veracruz
17.8108,-95.015,Aguilera,Veracruz
17.6419,-94.7542,Venustiano Carranza (Pena Blanca),Veracruz
17.755,-94.7603,San Lorenzo Tenochtitlan,Veracruz
17.2745,-94.5515,Poblado Cinco,Veracruz
20.6708,-99.8486,Boxasni,Queretaro
20.4662,-99.9933,La Llave,Queretaro
20.4156,-99.9557,Santa Cruz Escandon,Queretaro
20.3413,-99.927,Paso de Mata,Queretaro
20.1708,-99.9522,Yosphi,Queretaro
19.2989,-99.8239,San Bartolo el Viejo,Mexico
19.3881,-99.8178,San Pedro de la Hortaliza (Ejido Almoloyan),Mexico
19.4497,-99.9994,Las Penas,Mexico
19.5422,-99.8281,El Rincon de los Perales,Mexico
19.6011,-99.825,Guadalupe Cachi,Mexico
19.5797,-99.7881,Emiliano Zapata (Santo Domingo),Mexico
19.6203,-99.7747,San Francisco de Guzman,Mexico
19.5669,-99.9489,Fresno Nichi,Mexico
19.5525,-99.9439,Mina Vieja,Mexico
19.5394,-99.9167,Palos Amarillos (Palos Amarillos Yebucivi),Mexico
19.512,-99.9869,Cuadrilla Vieja,Mexico
19.5214,-99.9586,Barrio de San Isidro,Mexico
19.5622,-99.9711,San Antonio de las Huertas,Mexico
19.6052,-99.9591,San Juan Cote Ejido,Mexico
19.6311,-99.9495,San Jeronimo Bonchete,Mexico
19.6597,-99.9531,Santa Cruz Mextepec,Mexico
19.6553,-99.9264,Dolores Hidalgo,Mexico
19.7439,-99.9089,Ejido del Tunal Nenaxi,Mexico
19.6783,-99.9719,San Lucas Ocotepec,Mexico
19.6872,-99.9742,El Carmen Ocotepec,Mexico
19.6981,-99.93,San Juan Jalpa Centro,Mexico
19.6425,-99.9305,San Agustin Mextepec,Mexico
19.5958,-99.87,Santa Ana la Ladera,Mexico
19.6011,-99.8908,San Isidro Boxipe,Mexico
19.7256,-99.8158,Santa Maria Endare,Mexico
19.7042,-99.8222,Mavoro,Mexico
19.6444,-99.9167,Emilio Portes Gil,Mexico
19.5511,-99.8383,San Juan de las Manzanas,Mexico
19.5647,-99.8414,La Concepcion Enyege,Mexico
19.5814,-99.8689,San Andres del Pedregal,Mexico
19.7814,-99.9292,Santiago Citendeje,Mexico
19.8003,-99.9478,Cuendo,Mexico
19.8125,-99.9122,San Lorenzo Tlacotepec,Mexico
19.8619,-99.9161,San Juan de los Jarros,Mexico
19.8132,-99.8558,San Luis Boro,Mexico
19.7892,-99.8531,Tecoac (Santa Maria Nativitas),Mexico
19.8664,-99.8939,San Bartolo Lanzados,Mexico
19.7906,-99.84,San Jose del Tunal,Mexico
19.79,-99.8431,El Rincon de la Candelaria,Mexico
19.77,-99.8217,San Francisco Chalchihuapan,Mexico
19.7547,-99.8167,San Antonio Enchisi,Mexico
19.7781,-99.8125,San Pedro del Rosal,Mexico
19.7678,-99.7583,San Felipe Pueblo Nuevo,Mexico
19.7822,-99.7642,Santiago Acutzilapan,Mexico
19.9656,-99.9144,Tixmadeje Chiquito,Mexico
19.9703,-99.8839,Detina (San Antonio Detina),Mexico
19.9478,-99.8369,La Caridad,Mexico
19.9144,-99.9108,San Mateo el Viejo,Mexico
19.8786,-99.9233,San Jeronimo de los Jarros,Mexico
19.8633,-99.91,Chosto de los Jarros,Mexico
19.8664,-99.9386,San Jose Toxi,Mexico
19.805,-99.8867,Santa Cruz Bombatevi,Mexico
19.8956,-99.7528,Tercera Manzana de Zaragoza,Mexico
19.9722,-99.5561,Las Huertas,Mexico
19.6783,-99.8739,Jalpa de los Banos,Mexico
19.8061,-99.7175,San Marcos Tlazalpan,Mexico
19.7017,-99.7286,San Jose Boqui,Mexico
19.715,-99.7358,Huemetla,Mexico
19.7078,-99.6844,Barrio de Boyecha,Mexico
19.7094,-99.5014,Los Arana,Mexico
19.6747,-99.6847,San Antonio Nixini,Mexico
19.6497,-99.6133,San Lorenzo Malacota,Mexico
19.6253,-99.6836,Rancho Alegre,Mexico
19.6344,-99.725,Santa Maria del Llano,Mexico
19.5653,-99.75,Barrio de San Pedro la Cabecera,Mexico
19.5406,-99.7125,San Miguel Yuxtepec,Mexico
19.4984,-99.575,Enthavi,Morelos
19.4742,-99.6031,Pothe,Mexico
19.4809,-99.567,San Pedro Abajo,Mexico
19.4703,-99.5261,San Mateo Capulhuac,Mexico
19.4308,-99.6128,Ejido de Dolores,Mexico
19.4353,-99.6311,San Jose Pathe,Mexico
19.3561,-99.7481,La Cabecera,Mexico
19.3519,-99.7058,San Martin Toltepec,Mexico
19.3232,-99.6791,San Marcos Yachihuacaltepec,Mexico
19.3327,-99.6034,San Mateo Otzacatipan,Morelos
19.3065,-99.5928,Santa Maria Totoltepec,Mexico
19.3234,-99.5425,El Cerrillo Vista Hermosa,Mexico
19.2608,-99.7119,San Antonio Buenavista,Mexico
19.2651,-99.5093,San Pedro Tultepec,Morelos
19.2274,-99.6296,San Bartolome Tlaltelulco,Morelos
19.2202,-99.6601,San Juan Tilapa,Morelos
19.2114,-99.6294,Santa Maria Nativitas,Mexico
19.1997,-99.4996,San Pedro Tlaltizapan,Morelos
19.193,-99.5861,San Andres Ocotlan,Morelos
19.1278,-99.6356,San Francisco Putla,Mexico
19.0131,-99.5519,San Gabriel Zepayautla,Mexico
19.0366,-99.5777,San Pedro Zictepec,Morelos
19.0289,-99.5572,Maxtleca de Galeana,Mexico
19.1117,-99.5358,Santa Maria Jajalpa,Mexico
19.1631,-99.5672,San Antonio la Isla,Mexico
19.1211,-99.4475,Tlacomulco,Mexico
19.1342,-99.4822,San Lorenzo Huehuetitlan,Mexico
19.1895,-99.4209,Santiago Tilapa,Morelos
19.2094,-99.4425,San Miguel Almaya,Mexico
19.0549,-99.243,Tres Marias,Morelos
19.2644,-99.4864,San Pedro Cholula,Mexico
19.265,-99.4158,San Jeronimo Acazulco,Mexico
19.3064,-99.4581,San Miguel Ameyalco,Mexico
19.323,-99.4616,San Mateo Atarasquillo,Morelos
19.3289,-99.3256,San Lorenzo Acopilco,Mexico City
19.3984,-99.1577,Benito Juarez,Mexico City
19.4429,-99.0972,Venustiano Carranza,Mexico City
19.4347,-99.2009,Miguel Hidalgo,Mexico City
19.4451,-99.1461,Cuauhtemoc,Mexico City
19.3599,-99.3502,Huixquilucan,Mexico
19.3555,-99.333,Zacamulpa,Mexico
19.4038,-99.2874,San Bartolome Coatepec,Mexico
19.3969,-99.4481,Santa Cruz Huitzizilapan,Mexico
19.4419,-99.3419,San Francisco Chimalpa,Mexico
19.6006,-99.3506,Loma del Rio,Mexico
19.5936,-99.3253,San Miguel Hila,Mexico
19.6533,-99.3842,San Jose el Vidrio,Mexico
19.8397,-99.3986,San Luis Taxhimay,Mexico
19.8353,-99.3456,San Ignacio Nopala,Hidalgo
19.8706,-99.3508,Santiago Tlapanaloya,Hidalgo
19.8408,-99.3092,Cantera de Villagran,Hidalgo
19.9644,-99.3722,Santiago Tlautla,Hidalgo
19.9889,-99.3389,Santa Maria Ilucan,Hidalgo
19.9945,-99.3178,San Miguel Vindho,Hidalgo
19.8236,-99.2889,Unidad San Miguel Jagueeyes,Mexico
19.9111,-99.0067,Emiliano Zapata (San Jose Bata),Mexico
19.8267,-99.1847,San Pedro Xalpa,Morelos
19.7025,-99.1438,Melchor Ocampo,Mexico
19.6806,-99.2564,Huilango,Mexico
19.6579,-99.1234,Santiago Teyahualco,Mexico
19.6892,-99.0538,Santa Maria Tonatitla,Mexico
19.6803,-99.01,Ojo de Agua,Mexico
19.6406,-99.0083,Santo Tomas Chiconautla,Mexico
19.6083,-99.1694,Buenavista,Mexico
27.4166,-110.2458,San Ignacio Rio Muerto,Sonora
27.8411,-109.3681,Rosario,Sonora
27.6435,-110.2935,Vicam,Sonora
28.8403,-111.4775,Miguel Aleman (La Doce),Sonora
30.8456,-112.6397,El Diamante (La Retranca),Sonora
22.1537,-101.7106,El Nigromante,Zacatecas
22.3679,-101.7945,Colonia Jose Maria Morelos,Zacatecas
22.5076,-102.3319,Piedra Gorda,Zacatecas
22.6646,-102.1101,General Panfilo Natera,Zacatecas
22.6528,-102.1978,Pozo de Jarillas,Zacatecas
22.88,-102.3103,La Luz,Zacatecas
22.8958,-102.4194,El Lampotal,Zacatecas
22.9975,-102.7425,General Enrique Estrada,Zacatecas
23.0911,-102.616,Las Catarinas,Zacatecas
23.7437,-103.244,Canas,Zacatecas
21.9745,-100.8066,Cerro Gordo,San Luis Pot
22.3262,-100.2669,Villa Juarez,San Luis Pot
22.008,-100.7648,La Esperanza,San Luis Pot
22.9614,-102.0556,Los Zacatones,San Luis Pot
23.0018,-102.174,Dulce Grande,San Luis Pot
31.3667,-106.0167,Praxedis Guerrero,Chihuahua
28.4333,-105.4,Julimes,Chihuahua
26.7372,-105.1583,Jose Esteban Coronado,Chihuahua
30.1494,-106.8836,Ejido Benito Juarez,Chihuahua
28.4667,-107.3,Adolfo Lopez Mateos,Chihuahua
22.6197,-105.6039,Ojo de Agua de Palmillas,Sinaloa
22.5817,-105.7244,Cristo Rey,Sinaloa
22.7667,-105.6717,Tecualilla,Sinaloa
22.7331,-105.8456,Isla del Bosque,Sinaloa
23.1289,-106.0589,El Huajote,Sinaloa
23.2869,-106.0639,Concordia,Sinaloa
24.3244,-107.3672,Eldorado,Sinaloa
24.5756,-107.8006,Las Aguamitas,Sinaloa
24.68,-107.5456,Lo de Jesus (Campo Romero),Sinaloa
24.9136,-107.5233,El Limon de los Ramos,Sinaloa
24.7217,-107.9753,Dautillos,Sinaloa
25.6616,-108.637,Leyva Solano,Sinaloa
25.5097,-108.7788,El Huitusi,Sinaloa
25.9738,-108.8731,Benito Juarez (Vinateria),Sinaloa
25.9962,-109.2999,El Refugio,Sinaloa
19.2366,-104.5651,Cihuatlan,Jalisco
25.7481,-103.2655,Jaboncillo,Coahuila
27.6514,-101.2821,Minas de Barroteran,Coahuila
25.8136,-103.5733,Seis de Octubre,Durango
30.8422,-116.0633,Camalu,Baja Califor
32.2223,-116.9139,Primo Tapia,Baja Califor
32.5804,-115.5848,Progreso,Baja Califor
32.193,-114.9993,Estacion Coahuila,Baja Califor
32.2276,-115.1679,Doctor Alberto Oviedo Mota,Baja Califor
32.2892,-115.1053,Guadalupe Victoria,Baja Califor
32.355,-115.1962,Delta,Baja Califor
32.611,-115.3315,Islas Agrarias Grupo A,Baja Califor
18.4776,-100.9786,Zirandaro,Guerrero
19.861,-100.8268,Zinapecuaro,Michoacan
17.6434,-101.5521,Ixtapa-Zihuatanejo,Guerrero
28.4932,-100.9223,Zaragoza,Coahuila
22.0354,-100.731,Zaragoza,San Luis Pot
20.6225,-103.0677,Zapotlanejo,Jalisco
20.4664,-102.9261,Zapotlan del Rey,Jalisco
19.6275,-103.4175,Zapotiltic,Jalisco
21.1126,-102.8055,El Zapote,Jalisco
20.7236,-103.3848,Zapopan,Jalisco
19.9855,-102.2839,Zamora,Michoacan
21.2472,-105.1657,Zacualpan,Nayarit
17.089,-100.3259,Zacualpan,Guerrero
20.2282,-103.5687,Zacoalco de Torres,Jalisco
22.7684,-102.5814,Zacatecas,Zacatecas
19.8139,-101.7904,Zacapu,Michoacan
20.2108,-101.1321,Yuriria,Guanajuato
20.3374,-102.2834,Yurecuaro,Michoacan
20.9708,-101.2732,Yerbabuena,Guanajuato
26.7048,-109.521,Yavaros,Sonora
21.1798,-102.8861,Yahualica de Gonzalez Gallo,Jalisco
21.836,-105.0645,Yago,Nayarit
20.2729,-102.475,Vistahermosa de Negrete,Michoacan
28.2167,-100.7167,Villa Union,Coahuila
23.9746,-104.047,Villa Union,Durango
23.1886,-106.2164,Villa Union,Sinaloa
26.4409,-105.5064,Villa Ocampo,Durango
22.3565,-102.8836,Villanueva,Zacatecas
20.0202,-102.5974,Villamar,Michoacan
19.3915,-101.2788,Villa Madero,Michoacan
27.1285,-109.8392,Villa Juarez,Sonora
21.6892,-105.3897,Villa Juarez,Nayarit
22.3568,-101.7126,Villa Hidalgo,Zacatecas
21.7418,-105.231,Villa Hidalgo,Nayarit
21.6792,-102.5885,Villa Hidalgo,Jalisco
21.9834,-103.5951,Villa Guerrero,Jalisco
20.5145,-100.9975,Villagran,Guanajuato
22.5122,-101.9162,Villa Gonzalez Ortega,Zacatecas
22.1625,-101.9553,Villa Garcia,Zacatecas
26.9281,-101.4521,Ciudad Frontera,Coahuila
19.4064,-101.6383,Villa Escalante,Michoacan
21.8031,-100.9342,Villa de Reyes,San Luis Pot
25.8115,-100.5941,Garcia,Nuevo Leon
23.2933,-102.3502,Villa de Cos,Zacatecas
19.2672,-103.7378,Ciudad de Villa de Alvarez,Colima
20.4156,-103.6642,Villa Corona,Jalisco
20.1485,-101.6346,Villachuato,Mexico
19.3752,-100.1485,San Jose Villa de Allende,Mexico
30.6186,-106.5122,Miguel Ahumada,Chihuahua
20.4311,-100.3502,El Vegil,Queretaro
25.3392,-102.8049,Viesca,Coahuila
25.6396,-103.5214,El Vergel,Durango
25.3509,-102.957,Ejido Venustiano Carranza,Coahuila
20.1158,-102.6542,Venustiano Carranza,Michoacan
25.7119,-103.3296,Veinte de Noviembre,Coahuila
20.5324,-101.1276,Valtierrilla,Guanajuato
22.7706,-103.5704,Valparaiso,Zacatecas
20.3932,-101.1892,Valle de Santiago,Guanajuato
19.9325,-102.9436,Valle de Juarez,Jalisco
21.0111,-102.6168,Valle de Guadalupe,Jalisco
19.1939,-100.1339,Valle de Bravo,Mexico
20.8079,-105.2481,Valle de Banderas,Nayarit
26.9333,-105.4,Valle de Ignacio Allende,Chihuahua
28.2167,-106.5833,Valentin Gomez Farias,Chihuahua
20.6013,-101.0817,Valencia de Cerro Gordo,Guanajuato
19.8746,-103.5409,Usmajac,Jalisco
19.4112,-102.0564,Uruapan,Michoacan
20.1409,-101.1825,Uriangato,Guanajuato
29.4271,-110.3876,Ures,Sonora
19.9565,-104.2681,Union de Tula,Jalisco
21.1274,-102.0048,Union de San Antonio,Jalisco
19.5858,-100.9247,Tzitzio,Michoacan
19.6285,-101.5783,Tzintzuntzan,Michoacan
19.5666,-100.4622,Tuxpan,Michoacan
19.5556,-103.3759,Tuxpan,Jalisco
19.054,-101.419,Turicato,Michoacan
18.5267,-102.3782,Tumbiscatio de Ruiz,Michoacan
20.262,-101.6274,Tres Mezquites,Mexico
20.5396,-103.8198,Trapiche de Abra,Jalisco
22.7349,-102.3664,Trancoso,Zacatecas
20.5422,-102.7922,Tototlan,Jalisco
21.9284,-103.4441,Totatiche,Jalisco
25.5439,-103.419,Torreon,Coahuila
25.6008,-109.0523,Topolobampo,Sinaloa
19.4337,-103.5166,Tonila,Jalisco
19.7863,-103.9712,Tonaya,Jalisco
20.6244,-103.2342,Tonala,Jalisco
19.3114,-101.8603,Tomendan,Michoacan
19.9366,-105.2501,Tomatlan,Jalisco
19.6014,-103.9152,Toliman,Jalisco
23.4469,-110.2231,Todos Santos,Baja Califor
19.9708,-102.0584,Tlazazalca,Mexico
20.6409,-103.2933,Tlaquepaque,Jalisco
18.241,-100.5379,Tlapehuala,Guerrero
19.8052,-100.1741,Tlalpujahua de Rayon,Mexico
18.4103,-100.4762,Tlalchapa,Guerrero
20.4742,-103.4465,Tlajomulco de Zuniga,Jalisco
26.1059,-103.4426,Tlahualilo de Zaragoza,Durango
20.6614,-100.5077,Tlacote el Bajo,Queretaro
20.1614,-103.044,Tizapan el Alto,Jalisco
18.903,-100.7373,Tiquicheo,Michoacan
19.7384,-102.4825,Tingueindin,Michoacan
19.5011,-101.8533,Tingambato,Michoacan
32.5027,-117.0037,Tijuana,Baja Califor
21.668,-100.5727,Tierranueva,San Luis Pot
21.4634,-103.4613,Teul de Gonzalez Ortega,Zacatecas
20.6848,-103.8492,Teuchitlan,Jalisco
20.8005,-103.4699,Tesistan,Jalisco
20.882,-103.8357,Tequila,Jalisco
21.5095,-104.8957,Tepic,Nayarit
22.2167,-102.1667,Tepezala,Aguascalient
21.6706,-103.3264,Tepechitlan,Zacatecas
19.9896,-103.6412,Tepec,Jalisco
20.8169,-102.7635,Tepatitlan de Morelos,Jalisco
19.1867,-102.8493,Tepalcatepec,Michoacan
20.0922,-103.378,Teocuitatlan de Corona,Jalisco
21.4342,-102.5745,Teocaltiche,Jalisco
20.5996,-100.7979,Teneria del Santuario,Guanajuato
20.2167,-104.1637,Tenamaxtlan,Jalisco
18.9047,-100.1527,Tejupilco de Hidalgo,Mexico
22.3982,-105.4581,Tecuala,Nayarit
17.2228,-100.6412,Tecpan de Galeana,Guerrero
20.115,-102.4961,Tecomatan,Michoacan
18.9168,-103.8779,Tecoman,Colima
32.5667,-114.9833,Tecolots,Baja Califor
20.1994,-104.0467,Tecolotlan,Jalisco
32.5672,-116.6251,Tecate,Baja Califor
19.4718,-103.3072,Tecalitlan,Jalisco
22.5398,-105.738,Teacapan,Sinaloa
24.1028,-105.9308,Tayoltita,Durango
20.287,-100.7561,Tarimoro,Guanajuato
19.775,-101.1292,Campestre Tarimbaro,Michoacan
19.3342,-101.9185,Taretan,Michoacan
20.0009,-100.5186,Tarandacuao,Guanajuato
19.0691,-104.2834,Tapeixtles,Colima
19.9456,-103.7595,Tapalpa,Jalisco
20.2858,-102.3297,Tanhuato de Guerrero,Michoacan
19.8873,-102.2064,Tangancicuaro de Arista,Mexico
19.3384,-102.3626,Tancitaro,Michoacan
19.6801,-103.2514,Tamazula de Gordiano,Jalisco
25.4464,-108.4553,Tamazula,Sinaloa
19.9494,-102.2842,Tamandaro,Mexico
20.3808,-104.8221,Talpa de Allende,Jalisco
20.6536,-103.7009,Tala,Jalisco
19.857,-102.0508,Tacuro (Santa Maria Tacuro),Michoacan
22.8201,-102.4048,Tacoaleche,Zacatecas
19.235,-101.4582,Tacambaro de Codallos,Michoacan
21.8629,-102.9111,Tabasco,Zacatecas
20.5332,-101.0236,Suchitlan,Guanajuato
19.375,-103.7099,Suchitlan,Colima
20.3019,-104.2806,Soyatlan del Oro,Jalisco
31.8617,-112.8513,Sonoyta,Sonora
23.6347,-103.6424,Sombrerete,Zacatecas
22.1878,-100.9419,Soledad Diez Gutierrez,San Luis Pot
21.8514,-100.8718,Socavon (El Carmen),San Luis Pot
23.3418,-106.2412,Siqueros,Sinaloa
25.8219,-108.2226,Sinaloa de Leyva,Sinaloa
26.911,-109.439,Sinahuiza,Sonora
20.9436,-101.427,Silao,Guanajuato
19.629,-101.9006,Sevina,Michoacan
20.7783,-101.3954,Serrano,Guanajuato
19.8822,-103.6003,Sayula,Jalisco
28.0306,-105.2938,Saucillo,Chihuahua
25.4525,-103.7161,Sapioris,Durango
21.9504,-105.2971,San Vicente,Nayarit
20.222,-100.9207,Santo Tomas Huatzindeo,Guanajuato
19.8452,-102.0857,Santo Tomas,Mexico
21.6061,-100.7611,Ejido la Pitahaya (Santo Domingo),San Luis Pot
20.7253,-102.2372,Santiaguito (Santiaguito de Velazquez),Jalisco
19.9557,-102.4355,Santiago Tangamandapio,Mexico
25.0439,-105.4192,Santiago Papasquiaro,Durango
21.813,-105.2084,Santiago Ixcuintla,Nayarit
20.5996,-100.9941,Santiago de Cuenda,Guanajuato
25.4253,-100.1521,Santiago,Nuevo Leon
22.4546,-101.4591,Santiago,Zacatecas
22.4973,-104.7655,Santa Teresa,Nayarit
20.9594,-101.3162,Santa Teresa,Guanajuato
27.3405,-112.2676,Santa Rosalia,Baja Califor
20.7412,-100.4484,Santa Rosa Jauregui,Queretaro
23.6056,-103.1103,Jose Maria Morelos (Santa Monica),Zacatecas
21.7962,-100.7382,Santa Maria del Rio,San Luis Pot
25.9494,-105.3644,Santa Maria del Oro,Durango
21.3339,-104.587,Santa Maria del Oro,Nayarit
21.5117,-103.4061,Santa Maria de la Paz,Zacatecas
25.7892,-103.1513,Veinte de Noviembre (Santa Lucia),Coahuila
24.4542,-104.7089,Jose Guadalupe Aguilera (Santa Lucia),Durango
19.6726,-101.5549,Santa Fe de la Laguna,Michoacan
20.3751,-102.8638,Santa Cruz el Grande,Jalisco
20.5333,-103.4333,Santa Cruz del Valle,Jalisco
20.4806,-103.5028,Santa Cruz de las Flores,Jalisco
24.475,-103.3569,Santa Clara,Durango
25.3396,-105.7245,Santa Catarina de Tepehuanes,Durango
25.6732,-100.4581,Santa Catarina,Nuevo Leon
26.8053,-105.819,Santa Barbara,Chihuahua
20.5509,-103.444,Santa Anita,Jalisco
20.5506,-103.44,Santa Anita,Jalisco
19.5351,-102.3244,Santa Ana Zirosto,Michoacan
20.3472,-102.0158,Santa Ana Pacueco,Guanajuato
20.0078,-101.0199,Santa Ana Maya,Michoacan
19.161,-102.5406,Santa Ana Amatlan,Michoacan
30.5426,-111.1209,Santa Ana,Sonora
19.2927,-100.0807,San Simon de la Laguna,Mexico
20.5167,-103.4167,San Sebastian el Grande,Jalisco
20.9713,-101.8525,San Roque,Guanajuato
30.5606,-115.9446,San Quintin,Baja Califor
22.4482,-102.35,San Pedro Piedra Gorda,Zacatecas
21.2192,-104.7523,San Pedro Lagunillas,Nayarit
20.3172,-102.9541,San Pedro Itzican,Jalisco
20.2283,-100.9387,San Pedro de los Naranjos,Durango
25.756,-102.9839,San Pedro de Las Colonias,Coahuila
29.2868,-109.737,San Pedro de La Cueva,Sonora
25.4333,-103.2167,San Pedro,Coahuila
19.2249,-104.7024,San Patricio,Jalisco
25.7417,-100.3022,San Nicolas de los Garza,Nuevo Leon
19.1847,-100.2411,San Nicolas Tolentino,Mexico
25.9483,-109.0474,San Miguel Zapotitlan,Sinaloa
20.5743,-100.7478,San Miguel Octopan,Guanajuato
21.0301,-102.4041,San Miguel el Alto,Jalisco
24.8308,-105.3364,San Miguel de Papasquiaro,Durango
20.9153,-100.7439,San Miguel de Allende,Guanajuato
20.4354,-103.9288,San Martin Hidalgo,Jalisco
25.6667,-103.0091,San Marcos,Coahuila
20.7927,-104.1968,San Marcos,Jalisco
19.4461,-103.5064,San Marcos,Jalisco
32.4561,-114.7719,San Luis Rio Colorado,Sonora
22.1498,-100.9792,San Luis Potosi,San Luis Pot
21.2986,-100.5164,San Luis de la Paz,Guanajuato
21.2979,-100.5168,San Luis de la Paz,Guerrero
28.4333,-113.75,San Luis,Baja Califor
19.1014,-100.0281,San Lucas del Pulque,Mexico
22.8909,-109.9124,Cabo San Lucas,Baja Califor
20.4081,-103.3608,San Lucas Evangelista,Jalisco
18.5903,-100.7853,San Lucas,Michoacan
21.0109,-102.1797,San Julian,Jalisco
21.2489,-102.3318,San Juan de los Lagos,Jalisco
20.6252,-100.7614,San Juan de la Vega,Guanajuato
20.8148,-105.1915,San Juan de Abajo,Nayarit
20.2876,-103.3411,San Juan Cosala,Jalisco
25.2533,-101.2183,San Juan de la Vaqueria,Coahuila
20.9392,-100.9808,Xoconoxtle el Grande,Guanajuato
20.6954,-101.2649,San Jose Temascatio,Guanajuato
21.0015,-100.3842,San Jose Iturbide,Guanajuato
20.6534,-100.3822,San Jose el Alto,Queretaro
25.6486,-103.4026,San Jose de Vinedo,Durango
20.5141,-103.238,San Jose del Castillo,Jalisco
23.0589,-109.6977,San Jose del Cabo,Baja Califor
20.6747,-102.5699,San Jose de Gracia,Jalisco
27.5878,-101.3725,San Jose de Aura,Coahuila
23.1897,-102.7847,Estacion San Jose,Zacatecas
19.3149,-100.2029,San Jeronimo Totoltepec,Mexico
17.1367,-100.4683,San Jeronimo de Juarez,Guerrero
17.5682,-101.345,San Jeronimito,Guerrero
20.9117,-101.8606,San Ignacio de Hidalgo,Guanajuato
23.9411,-106.4247,San Ignacio,Sinaloa
19.9658,-101.1742,Doctor Miguel Silva (San Guillermo),Michoacan
21.0188,-103.0142,San Gabriel,Jalisco
19.7667,-104.0,San Gabriel,Jalisco
19.5729,-101.8074,Pichataro,Michoacan
19.5562,-102.3986,San Francisco Periban,Michoacan
21.0184,-101.8551,San Francisco del Rincon,Guanajuato
22.0833,-102.2667,San Francisco de los Romos,Aguascalient
25.9369,-103.4169,San Francisco de Horizonte (Horizonte),Durango
31.0247,-114.8392,San Felipe,Baja Califor
29.85,-110.2333,San Felipe de Jesus,Sonora
22.3837,-105.4198,San Felipe Aztatan,Nayarit
21.4778,-101.2159,San Felipe,Guanajuato
19.617,-102.1813,San Felipe de los Herreros,Michoacan
21.4657,-100.8728,San Diego de la Union,Guanajuato
20.9943,-101.9948,San Diego de Alejandria,Jalisco
20.6579,-101.4768,San Cristobal,Guanajuato
21.7822,-103.303,Tlaltenango de Sanchez Roman,Zacatecas
27.0619,-101.5489,San Buenaventura,Coahuila
26.0802,-108.7611,San Blas,Sinaloa
21.5433,-105.2856,San Blas,Nayarit
19.5068,-100.26,Francisco Serrato (San Bartolo),Michoacan
19.2555,-100.0591,San Bartolo,Mexico
19.0294,-102.3007,San Antonio la Labor,Michoacan
25.6387,-100.0584,San Antonio,Nuevo Leon
19.8199,-103.4691,San Andres Ixtlan,Jalisco
19.6694,-101.6322,San Andres Zirondaro,Michoacan
24.8022,-107.14,Sanalona,Sinaloa
19.962,-101.073,San Agustin del Pulque,Michoacan
20.5464,-103.4662,Nicolas R Casillas,Jalisco
20.2125,-100.8792,Salvatierra,Guanajuato
19.9914,-100.2257,Tepuxtepec,Michoacan
25.4232,-101.0053,Saltillo,Coahuila
20.666,-100.4229,El Salitre,Queretaro
22.8661,-102.0831,Salitral de Carrera,San Luis Pot
22.6279,-101.7142,Salinas de Hidalgo,San Luis Pot
20.572,-101.1915,Salamanca,Guanajuato
23.5809,-103.2481,Sain Alto,Zacatecas
20.0586,-102.7157,Sahuayo de Morelos,Michoacan
29.0541,-109.234,Sahuaripa,Sonora
26.5036,-100.1819,Sabinas Hidalgo,Nuevo Leon
27.8559,-101.1174,Ciudad Sabinas,Coahuila
21.9511,-105.1438,Estacion Ruiz,Nayarit
32.3604,-117.0464,Rosarito,Baja Califor
22.1221,-105.2064,Rosamorada,Nayarit
28.1879,-105.5582,Rosales,Chihuahua
20.5823,-100.8373,Roque,Guanajuato
20.8713,-101.5168,Romita,Guanajuato
20.0297,-102.2588,Romero de Guzman,Michoacan
25.1786,-104.5595,Rodeo,Durango
23.8265,-103.0303,Rio Grande,Zacatecas
20.424,-100.7551,Rincon de Tamayo,Guanajuato
22.2282,-102.3222,Rincon de Romos,Aguascalient
25.018,-100.0736,Rayones,Nuevo Leon
23.4506,-102.9625,Lazaro Cardenas (Rancho Grande),Zacatecas
25.5393,-100.9474,Ramos Arizpe,Coahuila
19.9273,-102.8727,Quitupan,Mexico
19.6656,-101.5229,Quiroga,Michoacan
27.5199,-109.2523,Quiriego,Sonora
24.4236,-107.2219,Quila,Sinaloa
20.5881,-100.3881,Santiago de Queretaro,Queretaro
19.884,-100.9493,Querendaro,Michoacan
19.0963,-101.5223,Puruaran,Michoacan
20.0889,-101.5158,Puruandiro,Mexico
19.7174,-104.6053,Purificacion,Jalisco
19.9104,-102.0062,Pureparo de Echaiz,Michoacan
21.5844,-104.8232,Puga,Nayarit
20.617,-105.2302,Puerto Vallarta,Jalisco
31.3172,-113.538,Puerto Penasco,Sonora
31.7772,-107.6344,Puerto Palomas,Chihuahua
21.7185,-105.3353,Puerta de Mangos,Nayarit
27.3552,-110.0344,Pueblo Yaqui,Sonora
20.5252,-101.372,Pueblo Nuevo,Guanajuato
28.7227,-111.5869,La Providencia,Sonora
22.9486,-102.5701,Pozos de Gamboa,Zacatecas
27.626,-110.4158,Potam,Sonora
20.3796,-102.9256,Poncitlan,Jalisco
25.7705,-103.6071,Poanas,Durango
23.2292,-102.8429,Plateros,Zacatecas
25.7691,-109.0412,Plan de Ayala (Campo Cinco),Sinaloa
30.6764,-112.0536,Pitiquito,Sonora
19.2406,-100.0975,Santa Maria Pipioltepec (Pipioltepec),Mexico
22.2973,-101.5751,Pinos,Zacatecas
19.2499,-103.3828,Pihuamo,Jalisco
28.7001,-100.5235,Piedras Negras,Coahuila
25.3247,-103.4859,Picardias,Durango
17.5377,-101.268,Petatlan,Guerrero
25.7848,-100.0507,Pesqueria,Nuevo Leon
29.3797,-110.8961,Pesqueira,Sonora
22.0493,-105.354,Pericos,Nayarit
19.5202,-102.4148,Periban de Ramos,Michoacan
24.7929,-104.0266,Penon Blanco,Durango
20.4322,-101.7213,Penjamo,Guanajuato
20.1074,-101.9333,Penjamillo de Degollado,Michoacan
20.4996,-100.1428,Pedro Escobedo,Queretaro
19.1413,-101.4689,Pedernales,Michoacan
19.5159,-101.6089,Patzcuaro,Michoacan
19.3923,-101.9165,Patuan,Michoacan
22.4867,-102.0816,Pastoria,Zacatecas
20.2728,-102.5453,Paso de Hidalgo (Paso de Alamos),Michoacan
25.4416,-102.1792,Parras de la Fuente,Coahuila
27.0592,-109.9129,El Paredoncito,Sonora
20.1447,-100.7621,Paracuaro,Guanajuato
19.6474,-102.049,Paracho de Verduzco,Michoacan
24.5397,-104.3271,Panuco de Coronado,Durango
19.9828,-101.7607,Panindicuaro de la Reforma,Michoacan
21.9184,-101.9654,Palo Alto,Aguascalient
22.6586,-105.7711,Palmito del Verde,Sinaloa
27.8923,-101.4232,Palau,Coahuila
20.1192,-102.5657,Pajacuaran,Michoacan
22.1787,-102.3401,Pabellon de Hidalgo,Aguascalient
19.9897,-103.022,San Jose de Gracia,Michoacan
20.7581,-100.7828,Orduna de Abajo,Guanajuato
19.4111,-101.6051,Opopeo,Michoacan
21.8661,-101.5927,Ojuelos de Jalisco,Jalisco
21.8468,-100.7537,Ojo Caliente,San Luis Pot
29.5669,-104.5449,Ojinaga,Chihuahua
20.3553,-102.7736,Ocotlan,Jalisco
26.9956,-101.4976,Ocho de Enero,Coahuila
27.3148,-102.3966,Ocampo,Coahuila
21.6476,-101.4801,Ocampo,Guanajuato
19.583,-100.3395,Ocampo,Michoacan
20.1085,-100.8494,Obrajuelo,Guanajuato
20.2557,-101.9511,Numaran,Michoacan
19.5481,-102.3483,Nuevo Zirosto,Michoacan
19.166,-101.8682,Nuevo Urecho,Michoacan
19.4186,-102.1309,Nuevo San Juan Parangaricutiro,Michoacan
20.7565,-103.443,Nuevo Mexico,Jalisco
24.8854,-105.0755,Nuevo Ideal,Durango
18.6633,-101.6474,Churumuco de Morelos,Michoacan
30.4155,-107.9117,Nuevo Casas Grandes,Chihuahua
27.9403,-101.2181,Nueva Rosita,Coahuila
19.0249,-102.0932,Nueva Italia de Ruiz,Michoacan
31.2336,-110.5962,Santa Cruz,Sonora
23.8489,-104.2471,Nombre de Dios,Durango
19.0439,-101.1619,Nocupetaro,Michoacan
21.3654,-102.8466,Nochistlan,Zacatecas
23.9961,-103.0201,Nieves,Zacatecas
25.2246,-104.1146,Nazas,Durango
25.2275,-104.1139,Nazas,Durango
25.3992,-103.4206,Nazareno,Durango
24.7661,-107.7023,Navolato,Sinaloa
27.0702,-109.4439,Navojoa,Sonora
28.4207,-100.7656,Nava,Coahuila
20.7142,-101.0006,El Naranjillo,Guanajuato
19.7767,-101.7606,Naranja de Tapia,Michoacan
27.8574,-105.4923,Naica,Chihuahua
19.6551,-101.917,Nahuatzen,Michoacan
30.4,-109.65,Nacozari Viejo,Sonora
31.327,-109.9467,Naco,Sonora
26.8914,-111.9826,Mulege,Baja Califor
20.1257,-101.1921,Moroleon,Guanajuato
22.8621,-102.6106,Morelos,Zacatecas
19.7008,-101.1844,Morelia,Michoacan
20.7782,-100.8088,Morales,Guanajuato
25.6751,-100.3185,Monterrey,Nuevo Leon
22.3036,-103.5675,Monte Escobedo,Zacatecas
26.9069,-101.4206,Monclova,Coahuila
20.6921,-100.5068,Mompani,Queretaro
21.9226,-103.3131,Momax,Zacatecas
29.8061,-109.6795,Moctezuma,Sonora
22.7479,-101.0822,Moctezuma,San Luis Pot
25.482,-107.9201,Mocorito,Sinaloa
25.9516,-108.9305,Mochicahui,Sinaloa
19.6206,-100.2844,Mineral de Angangueo,Michoacan
19.3667,-104.0667,Minatitlan,Colima
26.0011,-100.5299,Mina,Nuevo Leon
24.2942,-103.4509,Miguel Auza,Zacatecas
21.2167,-103.3628,Mezquital del Oro,Zacatecas
20.9528,-102.8461,Mezcala,Jalisco
20.9497,-102.8473,Mezcala,Jalisco
21.2654,-102.7798,Mexticacan,Jalisco
32.6278,-115.4545,Mexicali,Baja Califor
23.2465,-106.0478,Mesillas,Sinaloa
28.2833,-105.4833,Pedro Meoqui,Chihuahua
20.9203,-101.395,Menores,Guanajuato
27.8793,-101.5161,Melchor Muzquiz,Coahuila
21.1497,-101.6225,Medina,Guanajuato
23.2329,-106.4062,Mazatlan,Sinaloa
19.9161,-103.0203,Mazamitla,Jalisco
23.6482,-100.6433,Matehuala,San Luis Pot
21.6333,-101.6553,Matanzas,Jalisco
21.8904,-101.6506,Matancillas (San Isidro Matancillas),Jalisco
25.527,-103.2285,Matamoros,Coahuila
20.5261,-104.7878,Mascota,Jalisco
20.7804,-101.3598,Hacienda de Marquez,Guanajuato
25.879,-100.0324,Marin,Nuevo Leon
21.9961,-102.2909,Jesus Gomez Portugal,Aguascalient
20.4531,-102.4742,Margaritas,Jalisco
20.9988,-101.2875,Marfil,Guanajuato
19.8917,-100.4423,Maravatio,Michoacan
25.8338,-103.8461,Mapimi,Durango
19.1169,-104.3421,Manzanillo,Colima
31.721,-116.5718,Rodolfo Sanchez Taboada,Baja Califor
21.0467,-101.7535,Malagana (San Antonio del Monte),Guanajuato
30.6279,-110.962,Magdalena de Kino,Sonora
19.0846,-103.8712,Madrid,Colima
29.1937,-108.1468,San Pedro Madera,Chihuahua
25.8861,-109.1482,Macapule,Sinaloa
18.9167,-100.4,Luvianos,Mexico
22.4324,-102.2486,Luis Moya,Zacatecas
19.0939,-103.6225,Los Tepames,Colima
20.5372,-103.9372,Los Pocitos,Jalisco
20.326,-102.3732,Los Pilares,Michoacan
19.8573,-102.1561,Los Nogales,Mexico
25.7953,-108.9924,Los Mochis,Sinaloa
30.1244,-109.7822,Los Hoyos,Sonora
32.7,-114.7333,Los Algodones,Baja Califor
26.0122,-111.3489,Loreto,Baja Califor
22.2725,-101.989,Loreto,Zacatecas
19.1581,-102.0511,Lombardia,Michoacan
20.5722,-101.2942,Loma Pelada,Guanajuato
20.9569,-105.3533,Lo de Marcos,Nayarit
19.6214,-104.5344,Lo Arado,Jalisco
21.1305,-101.671,Leon,Guanajuato
21.7739,-101.0303,La Ventilla,San Luis Pot
20.7279,-103.5451,La Venta del Astillero,Jalisco
26.8196,-109.6083,La Union,Sonora
17.9856,-101.8066,La Union,Guerrero
25.7337,-108.4841,La Trinidad,Sinaloa
20.0781,-100.1014,San Nicolas de la Torre,Queretaro
19.9,-104.4,La Tijera,Jalisco
21.1802,-105.1359,Las Varas,Nayarit
20.3542,-100.3753,San Jose Tepuzas,Queretaro
25.6858,-108.4524,Las Quemazones,Sinaloa
20.5738,-103.3234,Las Pintas de Arriba,Jalisco
19.4306,-104.7065,Las Juntas,Jalisco
25.4981,-103.5495,Las Cuevas,Durango
21.1245,-104.3581,Rosa Blanca,Nayarit
25.0816,-108.0567,La Reforma,Sinaloa
19.3871,-103.5724,Queseria,Colima
22.0344,-100.8668,La Pila,San Luis Pot
20.3476,-102.0281,La Piedad Cavadas,Michoacan
22.4378,-101.5758,La Pendencia,Zacatecas
24.1381,-110.3097,La Paz,Baja Califor
20.5222,-100.1739,La Palma,Queretaro
17.9958,-102.2269,La Orilla,Michoacan
27.0255,-100.5053,Lampazos de Naranjo,Nuevo Leon
20.283,-100.8059,La Moncada,Guanajuato
18.6833,-102.2833,La Mira Tumbiscatio,Michoacan
20.005,-103.1546,La Manzanilla de la Paz,Jalisco
27.0494,-101.7939,Lamadrid,Coahuila
24.3806,-107.2265,La Loma (La Loma de Quila),Sinaloa
20.4755,-100.1615,La Lira,Queretaro
29.9131,-112.6918,La Libertad,Sonora
21.5935,-105.1736,La Libertad,Nayarit
20.5339,-100.702,La Labor,Guanajuato
21.1432,-101.7392,Ejido la Joya,Guanajuato
21.925,-105.0403,La Jarretadera,Nayarit
19.4844,-104.6438,La Huerta,Jalisco
18.9631,-101.8072,La Huacana,Michoacan
19.4235,-103.4097,La Higuera,Jalisco
19.5627,-101.4158,Lagunillas,Michoacan
21.3559,-101.934,Lagos de Moreno,Jalisco
25.4846,-103.6888,La Goma,Durango
20.5526,-100.0359,La Fuente,Queretaro
25.6814,-103.3684,La Flor,Durango
20.4212,-100.0662,La Estancia,Queretaro
20.8215,-100.4076,La Estacada,Queretaro
22.8507,-102.4224,San Jose de la Era,Zacatecas
23.9213,-106.8925,La Cruz,Sinaloa
23.7305,-105.6888,La Ciudad,Durango
20.608,-100.3328,La Canada,Queretaro
20.7979,-101.3321,La Calera,Guanajuato
25.3708,-108.4192,La Brecha,Sinaloa
20.2903,-102.5456,La Barca,Jalisco
23.926,-105.3395,Banderas del Aguila,Durango
20.5698,-103.1538,Puente Grande,Jalisco
20.1964,-102.4417,La Angostura,Michoacan
20.9017,-101.4785,La Aldea,Guanajuato
20.6434,-100.9929,Santa Cruz de Juventino Rosas,Guanajuato
19.4592,-100.4948,Jungapeo de Juarez,Michoacan
28.4231,-105.4306,Julimes,Chihuahua
20.0847,-104.0984,Juchitlan,Jalisco
21.4086,-103.1166,Juchipila,Zacatecas
25.6472,-100.0958,Juarez,Nuevo Leon
19.1672,-103.9311,Pueblo Juarez (La Magdalena),Colima
21.1674,-104.867,Juan Escutia (Borbollon),Nayarit
24.2919,-103.3927,Juan Aldama,Zacatecas
20.5089,-103.1702,Juanacatlan,Jalisco
20.2853,-103.429,Jocotepec,Jalisco
19.7667,-102.3972,J. Jesus Diaz Tzirio,Michoacan
19.9948,-102.7197,Jiquilpan de Juarez,Mexico
28.3333,-105.4,Jimenez,Chihuahua
21.9611,-102.3433,Jesus Maria,Aguascalient
22.6486,-102.9903,Jerez de Garcia Salinas,Zacatecas
20.1547,-100.5086,Jerecuaro,Guanajuato
20.5928,-100.7194,Jauregui,Guanajuato
20.3727,-101.0636,Jaral del Progreso,Guanajuato
19.5606,-101.6779,Jaracuaro,Michoacan
20.2935,-102.7075,Jamay,Jalisco
19.2314,-104.6848,Jaluco,Jalisco
21.6343,-102.9801,Jalpa,Zacatecas
21.1674,-102.4639,Jalostotitlan,Jalisco
21.451,-104.8983,Xalisco,Nayarit
21.4812,-105.0985,Jalcocotan,Nayarit
21.1048,-104.4376,Jala,Nayarit
21.0391,-104.3712,Ixtlan del Rio,Nayarit
20.1689,-102.3936,Ixtlan,Michoacan
20.864,-103.2403,Ixtlahuacan del Rio,Jalisco
20.3486,-103.1934,Ixtlahuacan de los Membrillos,Jalisco
19.0012,-103.7364,Ixtlahuacan,Colima
19.263,-100.2646,Ixtapan del Oro,Mexico
20.7164,-105.2049,Ixtapa,Jalisco
17.6678,-101.6416,Ixtapa,Guerrero
20.6767,-101.3563,Irapuato,Guanajuato
19.9617,-100.9231,Iramuco,Guanajuato
19.7883,-100.9686,Indaparapeo,Michoacan
30.7895,-110.846,Imuris,Sonora
28.3936,-107.2277,Ignacio Zaragoza,Chihuahua
19.5461,-101.4365,Huiramba,Michoacan
20.372,-100.2774,Huimilpan,Queretaro
18.6293,-100.897,Huetamo de Nunez,Michoacan
25.9842,-108.8606,Huepaco,Sinaloa
29.9113,-110.2132,Huepac,Sonora
22.6255,-103.8978,Huejuquilla,Jalisco
22.3588,-103.2114,Huejucar,Jalisco
26.8261,-109.6422,Huatabampo,Sonora
19.8968,-101.5045,Huaniqueo de Morales,Mexico
20.3678,-101.4987,Huanimaro,Guanajuato
19.9914,-101.276,Huandacareo,Michoacan
22.6367,-105.3197,Huajicori,Nayarit
21.0603,-104.0509,Hostotipaquillo,Jalisco
25.6839,-103.3412,Hormiguero,Coahuila
24.2606,-107.0709,Higueras de Abuya,Sinaloa
24.3104,-107.348,El Higueral,Sinaloa
25.9689,-109.3042,Higuera de Zaragoza,Sinaloa
26.9296,-105.6662,Hidalgo del Parral,Chihuahua
19.4361,-100.3573,Heroica Zitacuaro,Michoacan
31.3086,-110.9422,Nogales,Sonora
30.7204,-112.1585,Heroica Caborca,Sonora
29.1026,-110.9773,Hermosillo,Sonora
23.0833,-102.6833,Hacienda Toribio,Zacatecas
27.9193,-110.8975,Heroica Guaymas,Sonora
25.5675,-108.4676,Guasave,Sinaloa
21.0186,-101.2591,Guanajuato,Guanajuato
25.464,-108.082,Guamuchil,Sinaloa
26.0912,-106.9626,Guadalupe y Calvo,Chihuahua
31.534,-107.7383,Guadalupe Victoria,Chihuahua
24.444,-104.1216,Guadalupe Victoria,Durango
21.6797,-105.3275,Guadalupe Victoria,Nayarit
25.6768,-100.2565,Guadalupe,Nuevo Leon
22.7531,-102.5182,Guadalupe,Zacatecas
20.6668,-103.3918,Guadalajara,Jalisco
28.2492,-106.5106,Gran Morelos,Chihuahua
25.5698,-103.4959,Gomez Palacio,Durango
19.7936,-103.4765,Gomez Farias,Jalisco
21.8402,-100.9114,Ejido Gogorron (Ex-Hacienda de Gogorron),San Luis Pot
25.8954,-100.1069,General Zuazua,Nuevo Leon
23.7343,-103.9849,Vicente Guerrero,Durango
28.3417,-106.3722,Santa Isabel,Chihuahua
25.7569,-108.8247,Juan Jose Rios,Sinaloa
25.7952,-100.3146,General Escobedo,Nuevo Leon
25.3777,-101.4757,General Cepeda,Coahuila
27.1103,-109.4383,Guaymitas,Sonora
25.6538,-100.3776,Garza Garcia,Nuevo Leon
21.21,-103.4644,Trinidad Garcia de la Cadena,Zacatecas
24.8264,-100.0778,Galeana,Nuevo Leon
23.1813,-102.8714,Fresnillo,Zacatecas
20.0309,-102.7016,Francisco Sarabia (Cerrito Pelon),Michoacan
25.8699,-109.0084,Flor Azul,Sinaloa
19.1633,-102.7083,Felipe Carrillo Puerto,Michoacan
20.7684,-104.0773,Etzatlan,Jalisco
19.8929,-102.1295,Etucuaro,Mexico
26.7673,-109.6824,Etchoropo,Sonora
26.9109,-109.6261,Etchojoa,Sonora
20.6689,-103.8261,La Estanzuela,Jalisco
29.4808,-108.0256,Las Varas (Estacion Babicora),Chihuahua
30.7241,-109.5893,Esqueda,Sonora
22.8325,-105.7754,Escuinapa de Hidalgo,Sinaloa
25.6743,-103.3483,Escuadron Doscientos Uno,Coahuila
22.1117,-101.073,Escalerillas,San Luis Pot
19.5888,-101.7211,Erongaricuaro,Michoacan
31.8661,-116.5997,Ensenada,Baja Califor
21.5273,-102.2398,Encarnacion de Diaz,Jalisco
20.6725,-100.7468,Empalme Escobedo,Guanajuato
27.9617,-110.8141,Empalme,Sonora
20.5557,-103.279,El Verde,Jalisco
27.3706,-109.8938,El Tobarito,Sonora
31.8933,-116.6926,El Sauzal,Baja Califor
20.4777,-100.1154,El Sauz,Queretaro
23.7778,-105.3619,El Salto,Durango
23.3793,-105.3831,Pueblo Nuevo,Durango
20.3333,-104.5,El Salto,Jalisco
22.3871,-102.3232,El Salero,Aguascalient
24.2556,-107.1828,El Rosario,Sinaloa
23.2456,-106.2058,El Roble,Sinaloa
20.6714,-103.7393,El Refugio,Jalisco
20.5439,-103.2847,El Quince,Jalisco
20.5397,-100.4414,El Pueblito,Queretaro
24.69,-107.7092,El Potrero de Sataya,Sinaloa
19.8027,-100.1308,El Oro de Hidalgo,Morelos
19.8255,-104.1563,El Limon,Jalisco
23.3501,-106.4183,El Habal,Sinaloa
19.806,-104.2181,El Grullo,Jalisco
26.4169,-108.6183,El Fuerte de Montes Claros,Sinaloa
24.3228,-107.363,El Dorado,Sinaloa
25.6951,-103.2842,Coyote,Coahuila
20.5618,-100.2452,El Colorado,Queretaro
19.061,-104.2585,El Colomo,Colima
17.6381,-101.4757,El Coacoyul,Guerrero
22.2872,-102.2387,El Chayote,Aguascalient
24.0142,-106.852,El Carrizo,Sinaloa
25.6403,-103.325,El Cambio,Coahuila
23.7431,-103.8425,Villa Insurgentes (El Calabazal),Zacatecas
25.5388,-108.4129,El Burrion,Sinaloa
20.7751,-103.693,Arenal,Jalisco
19.9064,-104.1619,Ejutla,Jalisco
32.6043,-115.0938,Ejido Yucatan,Baja Califor
32.5619,-114.9266,Ejido Tabasco,Baja Califor
32.4243,-115.1248,Ejido Saltillo,Baja Califor
32.5665,-115.3534,Puebla,Baja Califor
32.2202,-115.0316,Ejido Plan de Ayala,Baja Califor
32.5013,-115.0638,Ejido Jiquilpan,Baja Califor
25.2632,-111.7755,Ciudad Insurgentes,Baja Califor
32.511,-114.9228,Hermosillo,Baja Califor
29.6833,-108.2667,Ejido El Largo,Chihuahua
20.1619,-102.1934,Ecuandureo,Michoacan
24.0203,-104.6576,Victoria de Durango,Durango
21.087,-101.5237,Duarte,Guanajuato
23.6721,-100.1813,Doctor Arroyo,Nuevo Leon
20.467,-102.1498,Degollado,Jalisco
20.4163,-103.3899,San Miguel Cuyutlan,Jalisco
18.4678,-100.5809,Cutzamala de Pinzon,Guerrero
20.2288,-101.0181,Cupareo,Guanajuato
29.9959,-109.7809,Cumpas,Sonora
24.8254,-107.5345,Culiacancito,Sinaloa
24.7903,-107.3878,Culiacan,Sinaloa
19.9694,-101.1407,Cuitzeo del Porvenir,Michoacan
20.3428,-102.7839,Cuitzeo (La Estancia),Jalisco
19.6514,-100.6011,San Bartolo Cuitareo,Michoacan
20.4281,-103.3619,Cuexcomatitlan,Jalisco
20.625,-101.672,Cueramaro,Guanajuato
24.8712,-103.6973,Cuencame,Durango
22.2197,-105.6475,Palmar de Cuautla,Nayarit
20.2014,-104.4075,Cuautla,Jalisco
28.4088,-106.8632,Cuauhtemoc,Chihuahua
19.3286,-103.6028,Cuauhtemoc,Colima
19.4849,-101.5078,Cuanajo,Michoacan
20.3832,-103.8613,El Crucero de Santa Maria,Jalisco
27.7505,-107.6352,Creel,Chihuahua
20.6333,-103.2,Coyula,Jalisco
18.3261,-100.699,Coyuca de Catalan,Guerrero
17.0089,-100.0871,Coyuca de Benitez,Guerrero
19.8092,-102.702,Cotija de la Paz,Mexico
24.5917,-107.3884,Villa de Costa Rica,Sinaloa
22.35,-102.3,Cosio,Aguascalient
24.415,-106.6907,Cosala,Sinaloa
20.4801,-100.9607,Cortazar,Guanajuato
20.2,-100.3655,Coroneo,Guanajuato
19.2063,-103.8095,Coquimatlan,Colima
19.8928,-101.2136,Copandaro de Galeana,Michoacan
19.9006,-101.6595,Copandaro (Copandaro del Cuatro),Michoacan
19.9543,-100.1638,Contepec,Mexico
24.2236,-107.1861,La Constancia,Sinaloa
28.2538,-105.5192,Congregacion Ortiz,Chihuahua
25.7798,-103.117,Concordia,Coahuila
24.6133,-101.4184,Concepcion del Oro,Zacatecas
19.9782,-103.2598,Concepcion de Buenos Aires,Jalisco
22.5325,-105.4525,La Concha (La Concepcion),Sinaloa
21.2378,-104.9001,Compostela,Nayarit
20.7228,-100.7595,Comonfort,Guanajuato
19.3276,-103.7605,Comala,Colima
19.5713,-101.9043,Comachuen,Michoacan
22.113,-103.2671,Colotlan,Jalisco
19.1781,-100.2181,Colorines,Mexico
19.1764,-100.2164,Colorines,Mexico
30.731,-115.9907,Vicente Guerrero,Baja Califor
27.3511,-109.8531,Antonio Rosales,Sonora
23.2325,-103.075,Colonia Plenitud,Zacatecas
28.0922,-105.5278,Colonia Nicolas Bravo (Kilometro Noventa y Dos),Chihuahua
28.3833,-105.6167,Ampliacion Colonia Lazaro Cardenas,Chihuahua
28.2067,-105.4075,Colonia Abraham Gonzalez (La Quemada),Chihuahua
20.7832,-100.0515,Colon,Queretaro
19.25,-103.7271,Colima,Colima
20.1186,-102.8518,Cojumatlan de Regules,Michoacan
24.7681,-107.6481,Cofradia de Navolato (Cofradia de los Rocha),Sinaloa
19.4333,-103.55,Cofradia,Colima
19.822,-101.5847,Coeneo de la Libertad,Michoacan
20.3652,-103.8221,Cocula,Jalisco
27.5752,-109.9591,Cocorit,Sonora
18.7775,-103.16,Coalcoman de Vazquez Pallares,Michoacan
18.7512,-103.668,Coahuayana Viejo,Michoacan
27.4864,-109.9408,Ciudad Obregon,Sonora
20.7288,-101.9524,Ciudad Manuel Doblado,Guanajuato
25.5372,-103.5246,Ciudad Lerdo,Coahuila
31.7333,-106.4833,Ciudad Juarez,Chihuahua
19.6923,-100.5574,Ciudad Hidalgo,Michoacan
19.7047,-103.4617,Ciudad Guzman,Jalisco
28.1901,-105.4701,Ciudad Delicias,Chihuahua
25.0321,-111.6626,Ciudad Constitucion,Baja Califor
27.6784,-105.1714,Ciudad Camargo,Chihuahua
27.2446,-100.1323,Ciudad Anahuac,Nuevo Leon
18.3582,-100.6697,Ciudad Altamirano,Guerrero
29.3232,-100.9522,Ciudad Acuna,Coahuila
21.2483,-100.2739,Cieneguilla,Guanajuato
25.9549,-100.1674,Cienega de Flores,Nuevo Leon
20.1506,-102.0647,Churintzio,Michoacan
19.9002,-101.3329,Chucandiro,Mexico
26.709,-108.3255,Choix,Sinaloa
27.0617,-109.605,Jitonhueca,Sonora
20.2,-103.8167,Chiquilistlan,Jalisco
19.8465,-102.1172,Chilchota,Mexico
22.0314,-105.2306,Chilapa,Nayarit
28.6353,-106.0889,Chihuahua,Chihuahua
19.6854,-101.9537,Cheran,Michoacan
20.0059,-102.4596,Chavinda,Mexico
19.7474,-101.045,Charo,Michoacan
23.128,-101.1141,Charcas,San Luis Pot
19.6511,-102.2519,Charapan,Michoacan
20.2962,-103.1912,Chapala,Jalisco
22.8775,-105.9575,Chametla,Sinaloa
23.475,-103.8829,Chalchihuites,Zacatecas
20.5929,-101.1268,Cerro Gordo,Guanajuato
22.4283,-100.2847,Cerritos,San Luis Pot
20.1088,-101.3871,Cerano,Guanajuato
20.5235,-100.8157,Celaya,Guanajuato
20.3898,-103.2325,Los Cedros,Jalisco
26.5258,-104.1295,Ceballos,Durango
26.7893,-101.4321,Castanos,Coahuila
19.6052,-104.4343,Casimiro Castillo,Jalisco
30.3827,-107.9563,Casas Grandes,Chihuahua
21.8201,-101.0976,Carranco,San Luis Pot
19.0197,-101.1249,Caracuaro,Michoacan
19.7,-101.8,Capula,Michoacan
21.8393,-105.1212,El Capomal,Nayarit
20.8274,-102.5918,Capilla de Guadalupe,Jalisco
19.5474,-102.0518,Capacuaro,Michoacan
23.6037,-102.727,Canitas de Felipe Pescador,Zacatecas
24.5258,-104.7733,Canatlan,Durango
30.987,-110.2906,Cananea,Sonora
20.3755,-100.9454,Canada de Caracheo,Guanajuato
27.45,-110.1,Campo Sesenta,Sonora
24.6587,-107.5406,Villa Juarez,Sinaloa
21.8458,-102.7185,Calvillo,Aguascalient
22.9489,-102.7022,Victor Rosales,Zacatecas
20.4317,-103.3094,Cajititlan,Jalisco
26.5333,-100.5,Bustamante,Nuevo Leon
19.075,-102.18,Buenos Aires,Michoacan
19.2128,-102.5874,Buena Vista Tomatlan,Michoacan
29.8432,-107.4607,Buenaventura,Chihuahua
20.7563,-105.3344,Bucerias,Nayarit
20.2686,-102.5621,Brisenas,Michoacan
22.2344,-102.0192,Bimbaletes Aguascalientes (El Alamo),Aguascalient
25.8868,-103.6207,Bermejillo,Durango
30.169,-111.114,Benjamin Hill,Sonora
29.7462,-107.9397,Benito Juarez,Chihuahua
19.2333,-100.4667,Benito Juarez,Michoacan
20.4341,-103.6374,Bellavista,Jalisco
23.1806,-102.4759,Gonzales Ortega,Zacatecas
28.8228,-111.9408,Bahia de Kino,Sonora
25.8742,-109.1178,Bagojo Colectivo,Sinaloa
25.3652,-107.5508,Badiraguato,Sinaloa
27.5514,-110.0833,Bacum,Sonora
25.8094,-107.915,Bacubirito,Sinaloa
25.7389,-109.1478,Bachomobampo Numero Dos,Sinaloa
20.1291,-104.3435,Ayutla,Jalisco
19.7682,-104.3666,Autlan de Navarro,Jalisco
21.6897,-105.3075,Autan,Nayarit
17.2067,-100.4331,Atoyac de Alvarez,Guerrero
20.0097,-103.5165,Atoyac,Jalisco
20.3929,-103.1236,Atotonilquillo,Jalisco
20.5508,-102.5094,Atotonilco el Alto,Jalisco
21.4839,-105.1979,Aticama,Nayarit
19.1672,-100.1858,San Juan Atezcapan,Mexico
20.3901,-103.1406,Atequiza,Jalisco
19.6514,-102.4239,Atapan,Michoacan
22.2384,-102.0894,Asientos,Aguascalient
31.1,-107.9833,Ascencion,Chihuahua
25.4453,-100.8467,Arteaga,Coahuila
18.3587,-102.2901,Arteaga,Michoacan
21.9092,-101.3822,Villa de Arriaga,San Luis Pot
18.9378,-103.9642,Armeria,Colima
19.209,-101.7074,Ario de Rosales,Michoacan
20.0262,-102.3476,Ario de Rayon,Michoacan
18.3185,-100.2815,Arcelia,Guerrero
20.7052,-102.3464,Arandas,Jalisco
28.5945,-105.888,Santa Eulalia,Chihuahua
21.4695,-103.0908,Apozol,Zacatecas
25.7598,-100.1629,Apodaca,Nuevo Leon
19.0886,-102.357,Apatzingan,Michoacan
20.545,-100.6846,Apaseo el Grande,Guanajuato
20.4575,-100.6224,Apaseo el Alto,Guanajuato
19.0145,-102.2043,Antunez,Michoacan
20.8,-104.0167,Antonio Escobedo,Jalisco
25.3659,-108.1611,Angostura,Sinaloa
20.149,-101.7113,Angamacutiro de la Union,Michoacan
19.5479,-102.2256,Angahuan,Michoacan
28.484,-106.7472,Anahuac,Chihuahua
20.5463,-104.0451,Ameca,Jalisco
20.1876,-100.1449,Amealco,Queretaro
20.807,-104.4041,Amatlan de Canas,Nayarit
20.8344,-103.7301,Amatitan,Jalisco
18.6822,-100.1858,Amatepec,Mexico
20.7034,-100.2651,Amazcala,Queretaro
19.3167,-100.0167,Amanalco de Becerra,Mexico
20.0107,-103.5998,Amacueca,Jalisco
19.8238,-101.04,Alvaro Obregon,Michoacan
30.7163,-111.8365,Altar,Sonora
18.9731,-100.1333,Almoloya de las Granadas,Mexico
28.3412,-100.8511,Allende,Coahuila
25.2767,-100.0144,Allende,Nuevo Leon
19.6349,-103.7895,Alista,Jalisco
25.3781,-108.1303,Alhuey,Sinaloa
20.8156,-101.3153,Aldama,Guanajuato
20.8687,-100.7038,Alcocer,Guanajuato
27.0233,-108.9344,Alamos,Sonora
18.1519,-100.4835,Ajuchitlan del Progreso,Guerrero
20.7071,-100.0201,Ajuchitlan,Queretaro
20.3032,-103.2548,Ajijic,Jalisco
19.6657,-102.0735,Ahuiran,Michoacan
20.7014,-103.9746,Ahualulco de Mercado,Jalisco
22.4002,-101.1661,Ahualulco,San Luis Pot
21.0541,-104.484,Ahuacatlan,Nayarit
25.9199,-109.1732,Ahome,Sinaloa
18.7384,-102.7903,Aguililla,Michoacan
22.8934,-105.9748,Agua Verde,Sinaloa
21.8823,-102.2826,Aguascalientes,Aguascalient
31.3307,-109.5488,Agua Prieta,Sonora
26.5376,-108.3481,Agua Caliente Grande (De Gastelum),Sinaloa
25.75,-108.75,Adolfo Ruiz Cortines,Sinaloa
19.4993,-101.335,Acuitzio del Canje,Michoacan
29.8263,-110.2249,Aconchi,Sonora
20.7799,-102.9106,Acatic,Jalisco
22.494,-105.3637,Acaponeta,Nayarit
18.4194,-100.0724,Acapetlahuaya,Guerrero
20.0302,-100.7225,Acambaro,Guanajuato
20.45,-101.5307,Abasolo,Guanajuato
24.1861,-103.6303,Ramon Corona,Durango
22.3436,-105.3935,La Presa,Nayarit
21.805,-102.7217,Mesa Grande,Aguascalient
21.9621,-102.6963,La Labor,Aguascalient
22.161,-102.4712,San Antonio de los Rios,Aguascalient
22.1483,-102.4158,San Jose de Gracia,Aguascalient
22.0211,-102.315,Valladolid,Aguascalient
21.9992,-102.2914,Jesus Gomez Portugal (Margaritas),Aguascalient
22.0242,-102.2771,Paseos de la Providencia [Fraccionamiento],Aguascalient
21.7225,-102.2758,Penuelas (El Cienegal),Aguascalient
22.3467,-102.2578,El Refugio de Providencia (Providencia),Aguascalient
21.9603,-102.2689,Puertecito de la Virgen,Aguascalient
22.3486,-102.2336,San Jacinto,Aguascalient
22.0153,-102.1458,Jaltomate,Aguascalient
22.0945,-102.0693,Villa Juarez,Aguascalient
22.2872,-102.0419,Noria del Borrego (Norias),Aguascalient
22.2678,-102.0314,Guadalupe de Atlas,Aguascalient
27.1423,-114.2958,Bahia Asuncion,Baja Califor
24.93,-111.6281,Villa Morelos,Baja Califor
23.3642,-110.1683,El Pescadero,Baja Califor
27.2406,-100.1322,Anahuac,Nuevo Leon
21.2108,-100.2153,Victoria,Guanajuato
21.1425,-100.3191,Doctor Mora,Guanajuato
21.0084,-100.7292,Palo Colorado,Guanajuato
21.1475,-100.6847,San Isidro de la Estacada,Guanajuato
21.1561,-100.9325,Dolores Hidalgo Cuna de la Independencia Nacional,Guanajuato
21.0149,-101.5308,El Refugio de los Sauces,Guanajuato
21.4744,-101.4706,San Jose del Torreon,Guanajuato
21.2997,-100.0553,Xichu,Guanajuato
21.6761,-100.915,El Tejocote (El Domingo),Guanajuato
21.5928,-101.0914,Chirimoya (Estacion Chirimoya),Guanajuato
20.2051,-100.9633,Maravatio del Encinal,Guanajuato
20.2974,-101.8929,Mezquite de Luna,Guanajuato
20.3759,-101.6995,Zapote de Barajas,Guanajuato
20.3055,-101.5959,Pastor Ortiz,Mexico
20.4106,-100.7967,El Sauz (El Sauz de Villasenor),Guanajuato
20.3015,-100.8456,La Calera,Guanajuato
20.3481,-100.7883,San Juan Bautista Cacalote,Guanajuato
20.4503,-100.5057,El Salto de Espejo,Guanajuato
20.6033,-100.8194,San Cayetano,Guanajuato
20.6044,-100.8564,Gasca,Guanajuato
20.6059,-100.927,Franco Tavera,Guanajuato
20.5772,-101.1581,El Divisador,Guanajuato
20.6004,-101.0723,San Jose de la Montana,Guanajuato
20.5226,-101.0616,Sarabia,Guanajuato
20.529,-101.0706,Mexicanos,Guanajuato
20.4903,-101.2156,La Tinaja,Guanajuato
20.5566,-101.3002,La Capilla,Guanajuato
20.6217,-101.253,San Vicente de Flores,Guanajuato
20.6609,-101.462,Cuchicuato,Guanajuato
20.5956,-101.4483,Colonia Morelos de Guadalupe de Rivera,Guanajuato
20.5593,-101.4613,San Ignacio de Rivera (Ojo de Agua),Guanajuato
20.9217,-101.6969,Plan Guanajuato (La Sandia),Guanajuato
20.8695,-101.3569,Medio Sitio,Guanajuato
20.9494,-101.4953,Bajio de Bonillas,Guanajuato
20.9847,-101.485,Colonia Nuevo Mexico,Guanajuato
20.9208,-101.2164,San Jose del Rodeo,Guanajuato
21.0815,-101.8699,Potrerillos (Guanajal),Guanajuato
19.9622,-101.0006,La Ortiga,Guanajuato
20.1941,-100.7594,Los Fierros,Guanajuato
20.1997,-101.8078,Ansihuacuaro,Michoacan
20.2458,-101.4936,Isaac Arriaga (Santa Ana Mancera),Michoacan
20.0325,-101.1489,Cuamio,Michoacan
20.0753,-100.215,San Antonio Molinos,Michoacan
19.7863,-100.1994,Santa Maria de los Angeles,Michoacan
19.5624,-100.277,Manzana de San Luis,Michoacan
19.7,-100.4784,Irimbo,Michoacan
19.8147,-101.166,Meson Nuevo (Canada de la Magdalena),Michoacan
19.7067,-101.6864,Santiago Azajo,Michoacan
19.8403,-102.0748,Zopoco,Mexico
19.3375,-102.3631,Tancitaro,Michoacan
18.5658,-101.9761,Las Canas,Michoacan
18.0193,-102.2122,Guacamayas,Michoacan
17.9707,-102.2212,Ciudad Lazaro Cardenas,Michoacan
18.2825,-101.9011,Infiernillo (Morelos de Infiernillo),Michoacan
18.5717,-100.22,Santa Ana Zicatecoyan,Mexico
19.0211,-100.0042,San Simon de Guerrero,Mexico
19.0467,-100.1769,San Pedro Tenayac,Mexico
19.0728,-100.2552,Zacazonapan,Mexico
19.14,-100.0694,Cuadrilla de Dolores,Mexico
19.1517,-100.1078,Casas Viejas,Mexico
19.2489,-100.0558,San Bartolo,Mexico
19.2537,-100.0198,Amanalco de Becerra,Mexico
19.7859,-100.0961,Santa Rosa de Lima,Mexico
19.5463,-100.1599,Las Rosas,Mexico
19.3492,-100.1379,San Ildefonso,Mexico
17.7386,-101.6364,Pantla,Guerrero
17.7022,-101.6194,San Jose Ixtapa (Barrio Viejo),Guerrero
17.6117,-101.4392,Los Almendros,Guerrero
18.2117,-100.5018,San Jeronimo el Grande,Guerrero
17.2164,-100.4447,El Ticui,Guerrero
17.1261,-100.455,Arenal de Alvarez (Arenal de Paco),Guerrero
16.9216,-100.0153,Colonia Luces en el Mar,Guerrero
21.8286,-105.2197,Colonia Emiliano Zapata,Nayarit
20.6925,-105.2739,Las Jarretaderas,Nayarit
20.8036,-100.4011,Las Lajitas,Queretaro
20.7633,-100.4286,Montenegro,Queretaro
20.7768,-100.4523,Santa Catarina,Queretaro
20.8686,-100.4384,La Luz,Queretaro
20.5352,-100.4883,Colonia los Angeles,Queretaro
20.562,-100.0634,Los Cerritos,Queretaro
20.4681,-100.3686,Apapataro,Queretaro
20.4345,-100.4713,Charco Blanco,Queretaro
20.4167,-100.3833,Las Taponas,Queretaro
20.0631,-100.0683,Santiago Mexquititlan Barrio 4to.,Queretaro
19.1371,-102.4393,San Juan De Los Platanos,Michoacan
18.8441,-97.7644,francisco villa,Puebla
17.9229,-92.9109,Huapinol,Tabasco
20.7167,-103.4,Zapopan2,Jalisco
19.3861,-99.162,Colonia del Valle,Mexico City
19.4916,-99.1248,Colonia Lindavista,Mexico
19.3789,-99.2659,Col. Bosques de las Lomas,Mexico City
19.3812,-99.1368,Colonia Nativitas,Mexico City
20.5807,-100.493,El Castillo,Guanajuato
25.2622,-97.4361,Las Higuerillas,Tamaulipas
25.0156,-97.7169,El Barrancon del Tio Blas (El Barrancon),Tamaulipas
20.6068,-97.4995,La Isla Km 10,Veracruz
32.3733,-115.0653,Poblado Lazaro Cardenas (La Veintiocho),Baja Califor
32.0244,-114.9836,Ejido Doctor Alberto Oviedo Mota (El Indiviso),Baja Califor
32.4317,-116.9536,San Luis,Baja Califor
32.4089,-116.9436,Las Delicias,Baja Califor
32.4939,-116.8222,Ejido Javier Rojo Gomez,Baja Califor
32.4756,-116.7892,Ejido Ojo de Agua,Baja Califor
25.6572,-100.4027,San Pedro Garza Garcia,Nuevo Leon
18.6564,-95.2581,La Nueva Victoria,Veracruz
24.0153,-99.2019,Estacion Santa Engracia,Tamaulipas
18.9392,-88.3997,Maya Balam,Quintana Roo
18.6027,-88.8107,Morocoy,Quintana Roo
18.36,-90.8572,Don Samuel,Campeche
18.9414,-90.7219,Xbacab,Campeche
22.2875,-98.6508,Aurelio Manrique,San Luis Pot
22.2622,-98.5897,Ponciano Arriaga,San Luis Pot
22.3831,-98.4831,Guayalejo,Veracruz
22.5403,-98.7672,Plan de Ayala,Tamaulipas
22.0775,-98.8111,Estacion Tamuin,San Luis Pot
21.0692,-98.5944,San Jose,Hidalgo
21.0595,-98.4945,Machetla,Hidalgo
21.1344,-98.4356,Chililico,Hidalgo
20.5144,-97.495,Ricardo Flores Magon,Veracruz
20.6725,-97.2061,Rancho Nuevo,Veracruz
20.3505,-97.9363,San Lorenzo,Puebla
20.247,-97.9462,San Antonio Ocopetlatlan,Puebla
20.2533,-97.8956,Ahuaxintitla,Puebla
20.4017,-97.3439,El Chote,Veracruz
20.1422,-96.9999,La Union Paso Largo,Veracruz
21.3181,-97.8808,Las Sabinas,Veracruz
21.3128,-98.22,El Lindero,Veracruz
20.8922,-97.6653,La Union,Veracruz
28.0503,-110.7011,La Palma,Sonora
29.2612,-110.8865,Estacion Zamora,Sonora
26.9828,-109.6519,Bacobampo,Sonora
22.1831,-100.9408,Soledad de Graciano Sanchez,San Luis Pot
19.0522,-104.3158,Manzanillo,Colima
19.3969,-99.2767,Naucalpan de Juarez,Mexico
20.5181,-103.3806,Hacienda Santa Fe,Jalisco
19.6325,-99.1386,Fuentes del Valle,Mexico
19.2603,-99.5908,San Salvador Tizatlalli,Mexico
25.6294,-100.1878,Jardines de la Silla (Jardines),Nuevo Leon
19.3025,-98.8631,San Buenaventura,Mexico
19.845,-99.2333,Colonia Santa Teresa,Mexico
19.2931,-98.8417,San Jeronimo Cuatro Vientos,Mexico
19.6867,-98.9728,San Martin Azcatepec,Mexico
25.9042,-100.1597,Fraccionamiento Real Palmas,Nuevo Leon
32.4425,-117.0342,Porticos de San Antonio,Baja Califor
19.3397,-98.9506,San Isidro,Mexico
21.135,-101.7497,Centro Familiar la Soledad,Guanajuato
19.3447,-99.5919,San Jose Guadalupe Otzacatipan,Mexico
20.5644,-103.3022,Las Pintitas,Jalisco
19.3436,-98.9747,Emiliano Zapata,Mexico
19.2178,-98.9881,San Antonio Tecomitl,Mexico City
24.6567,-107.545,Licenciado Benito Juarez (Campo Gobierno),Sinaloa
19.6897,-98.8608,Teotihuacan de Arista,Mexico
19.375,-99.2944,Jesus del Monte,Mexico
19.2542,-99.6278,San Jorge Pueblo Nuevo,Mexico
29.5644,-104.4164,Manuel Ojinaga,Chihuahua
32.4875,-116.8267,Terrazas del Valle,Baja Califor
21.1519,-101.7331,La Ermita,Guanajuato
20.4925,-103.4175,Lomas del Sur,Jalisco
25.7886,-100.4478,Parque Industrial Ciudad Mitras,Nuevo Leon
25.7758,-100.4258,Mitras Poniente,Nuevo Leon
32.4239,-116.9717,Villa del Prado 2da Seccion,Baja Califor
18.8686,-99.2083,Tres de Mayo,Morelos
19.8744,-98.9347,Don Antonio,Hidalgo
17.2694,-97.6792,Heroica Ciudad de Tlaxiaco,Oaxaca
18.3011,-99.3311,Ciudad de Huitzuco,Guerrero
19.0422,-98.1189,Casa Blanca,Puebla
20.0642,-98.7172,La Providencia Siglo XXI,Hidalgo
19.6164,-99.1472,Ampliacion San Mateo (Colonia Solidaridad),Mexico
18.1506,-94.5525,Fraccionamiento Ciudad Olmeca,Veracruz
19.2917,-98.4681,San Rafael Tlanalapan,Puebla
19.7131,-98.9683,Tecamac de Felipe Villanueva,Mexico
20.5508,-100.3981,Venceremos,Queretaro
19.6619,-99.0689,Alborada Jaltenco,Mexico
15.7689,-96.135,Crucecita,Oaxaca
18.8801,-99.1526,Progreso,Morelos
19.4053,-101.6383,Santa Clara del Cobre,Michoacan
18.8828,-97.1114,Palmira,Veracruz
19.3244,-97.6558,Villa de El Carmen Tequexquitla,Tlaxcala
20.5456,-103.3697,Real del Valle (El Paraiso) [Fraccionamiento],Jalisco
32.5075,-116.7383,Villa del Campo,Baja Califor
16.9331,-96.7014,Vicente Guerrero,Oaxaca
19.6489,-101.2389,Morelos,Michoacan
20.5544,-103.1936,Centro de Readaptacion Social,Jalisco
19.6114,-99.3467,Veintidos de Febrero,Mexico
19.2172,-96.2264,Fraccionamiento Geovillas los Pinos,Veracruz
18.8114,-98.9219,Juan Morales,Morelos
19.1233,-98.3653,Santa Maria Zacatepec,Puebla
20.5817,-103.4406,La Tijera,Jalisco
20.5275,-103.4678,Lomas de San Agustin,Jalisco
18.9086,-96.9789,Cordoba (Santa Leticia),Veracruz
22.9367,-109.9424,Las Palmas,Baja Califor
19.1917,-99.0064,San Francisco Tecoxpa,Mexico City
19.6036,-104.4347,La Resolana,Jalisco
20.5311,-103.3828,Villas de la Hacienda [Fraccionamiento],Jalisco
19.6836,-101.3036,Conjunto Habitacional Villas del Pedregal,Michoacan
18.0497,-92.9306,Pomoca,Tabasco
17.14,-92.715,Simojovel de Allende,Chiapas
19.5519,-99.0981,Puerto Escondido (Tepeolulco Puerto Escondido),Mexico
18.8203,-99.2622,Unidad Habitacional Jose Maria Morelos y Pavon,Morelos
16.8172,-91.26,Nueva Palestina,Chiapas
23.1503,-109.7061,Las Veredas,Baja Califor
19.3722,-98.9389,Profesor Carlos Hank Gonzalez,Mexico
19.8292,-99.0828,Fraccionamiento la Trinidad,Mexico
17.0583,-96.6833,Santa Cruz Amilpas,Oaxaca
19.7819,-99.0175,Paseos de San Juan,Mexico
20.5244,-103.3619,Valle Dorado Inn,Jalisco
18.0244,-102.2858,Buenos Aires,Michoacan
24.8192,-107.6567,General Angel Flores (La Palma),Sinaloa
15.8369,-97.0419,Brisas de Zicatela,Oaxaca
25.6944,-103.2856,San Antonio del Coyote,Coahuila
19.3097,-98.8467,Jorge Jimenez Cantu,Mexico
20.505,-103.2047,Galaxia Bonito Jalisco,Jalisco
19.0128,-102.2039,Antunez (Morelos),Michoacan
20.4953,-103.2483,La Alameda,Jalisco
32.5075,-116.7919,El Nino,Baja Califor
18.9544,-99.2572,Fraccionamiento Lomas de Ahuatlan,Morelos
18.1481,-94.5264,Lomas de Barrillas,Veracruz
27.3678,-109.8858,Marte R. Gomez (Tobarito),Sonora
19.7656,-101.1217,Fraccionamiento Mision del Valle,Michoacan
19.5019,-96.8782,Colonia Santa Barbara,Veracruz
18.0161,-92.9581,Bosque de Saloya,Tabasco
19.3058,-98.4783,San Lucas el Grande,Puebla
18.9042,-98.2528,San Andres Azumiatla,Puebla
20.4736,-103.2578,Rancho Alegre [Fraccionamiento],Jalisco
19.1739,-99.5653,Ex-Rancho San Dimas,Mexico
19.4956,-96.8528,Jacarandas,Veracruz
19.3514,-98.9483,El Pino,Mexico
18.8728,-97.1192,Union y Progreso,Veracruz
25.74,-100.1442,Mision San Pablo,Nuevo Leon
18.7289,-98.9578,Tenextepango,Morelos
19.3014,-99.7503,Ejido San Lorenzo Cuauhtenco,Mexico
19.1983,-98.2136,Santa Catarina Ayometla,Tlaxcala
16.4847,-95.0417,El Espinal,Oaxaca
17.9389,-94.28,Cuichapa,Veracruz
18.0233,-92.9631,La Selva,Tabasco
20.4392,-103.2378,Los Olivos,Jalisco
18.92,-100.2983,Villa Luvianos,Mexico
20.7108,-103.6914,Los Ruisenores,Jalisco
19.2825,-99.8283,Barrio de Mexico,Mexico
20.2058,-97.9881,Tenango de las Flores,Puebla
18.8772,-99.1224,Independencia,Morelos
32.4731,-116.8028,Maclovio Rojas,Baja Califor
19.7944,-103.4731,San Sebastian del Sur,Jalisco
18.7828,-99.2072,Chiconcuac,Morelos
16.6575,-92.2575,Chanal,Chiapas
17.2269,-100.6392,El Suchil,Guerrero
27.4731,-99.62,El Campanario y Oradel,Tamaulipas
24.7239,-107.4519,El Diez,Sinaloa
27.6444,-113.3847,Villa Alberto Andres Alvarado Aramburo,Baja Califor
19.1533,-98.3047,San Antonio Mihuacan,Puebla
17.1883,-93.6058,Raudales Malpaso,Chiapas
19.3589,-99.5717,San Nicolas Tolentino,Mexico
19.767,-99.2287,Santa Cruz del Monte,Mexico
19.3811,-98.9428,Arenal,Mexico
19.2322,-98.2525,San Juan Huactzinco,Tlaxcala
19.1033,-98.1608,San Sebastian de Aparicio,Puebla
19.3722,-99.7403,Fraccionamiento Colinas del Sol,Mexico
20.6589,-100.3422,La Pradera,Queretaro
32.5428,-116.6514,Lomas de Santa Anita,Baja Califor
31.6711,-116.5114,Benito Garcia (El Zorrillo),Baja Califor
19.5045,-96.889,Lomas Verdes,Veracruz
14.8697,-92.3078,Vida Mejor I,Chiapas
19.3486,-99.5492,La Constitucion Toltepec,Mexico
16.9978,-99.78,Kilometro 30,Guerrero
19.0686,-99.6111,San Bartolome Atlatlahuca,Mexico
23.1883,-106.33,Fraccionamiento los Angeles,Sinaloa
19.4136,-100.2975,Rincon de Nicolas Romero (Cedros Tercera Manzana),Michoacan
20.1017,-98.7072,Campestre Villas del Alamo,Hidalgo
19.3264,-99.7319,Conjunto Urbano la Loma I,Mexico
20.0697,-98.4178,Javier Rojo Gomez,Hidalgo
25.9103,-100.2806,Emiliano Zapata,Nuevo Leon
20.1428,-98.3408,Parque Urbano Napateco,Hidalgo
19.7431,-101.135,La Aldea,Michoacan
19.5547,-96.9606,Guadalupe Victoria,Veracruz
19.2831,-99.8353,El Coporo,Mexico
19.0942,-96.1567,Fraccionamiento Arboledas San Ramon,Veracruz
19.7617,-101.1944,Fraccionamiento Galaxia Tarimbaro,Michoacan
25.9383,-100.1811,Real del Sol,Nuevo Leon
19.7564,-101.2044,Fraccionamiento Metropolis II,Michoacan
20.0186,-97.5211,Ciudad de Cuetzalan,Puebla
20.5042,-103.3983,Colinas del Roble,Jalisco
19.5928,-98.9667,Granjas Ampliacion Santa Rosa,Mexico
25.6356,-100.1267,Hector Caballero,Nuevo Leon
19.6222,-99.4181,Quinto Barrio (Ejido Cahuacan),Mexico
25.7933,-100.4778,Valle de Lincoln,Nuevo Leon
30.7542,-116.0031,Emiliano Zapata,Baja Califor
32.4375,-117.0658,Quinta del Cedro,Baja Califor
19.3614,-98.9447,Lomas de Altavista,Mexico
20.1047,-98.7228,Unidad Minera 11 de Julio,Hidalgo
20.4572,-103.4189,Galaxia la Noria,Jalisco
25.6261,-100.1569,Monte Kristal,Nuevo Leon
17.9106,-92.9339,La Lima,Tabasco
25.7111,-100.1347,Loma la Paz,Nuevo Leon
32.1956,-115.0025,Ciudad Coahuila (Kilometro Cincuenta y Siete),Baja Califor
18.5964,-99.1731,Pedro Amaro,Morelos
24.8964,-107.6328,Adolfo Lopez Mateos (El Tamarindo),Sinaloa
18.8872,-99.0242,Los Arcos,Morelos
25.9153,-100.1853,Villas de Alcala,Nuevo Leon
18.8583,-99.1819,Calera Chica,Morelos
19.1556,-97.8944,El Rincon Citlaltepetl,Puebla
20.5969,-102.5636,San Francisco de Asis,Jalisco
19.3717,-99.6408,Jicaltepec Autopan,Mexico
20.6872,-101.4053,Villas de Irapuato,Guanajuato
19.8158,-99.0442,Arbolada los Sauces,Mexico
19.855,-97.3536,Atoluca,Puebla
16.8211,-90.8903,Frontera Corozal,Chiapas
21.9217,-102.3347,Pocitos,Aguascalient
17.9756,-93.0242,Anacleto Canabal 2da. Seccion,Tabasco
19.5431,-98.9111,La Pastoria,Mexico
16.1875,-92.1969,Tzimol,Chiapas
20.0539,-98.7564,Los Tuzos,Hidalgo
19.7067,-99.0725,Ex-Hacienda Santa Ines,Mexico
19.2239,-98.2486,San Lorenzo Axocomanitla,Tlaxcala
19.5903,-98.96,Nueva Santa Rosa,Mexico
25.9517,-100.3181,Las Torres,Nuevo Leon
28.6386,-100.5567,Colonia Venustiano Carranza,Coahuila
18.9597,-99.5772,San Jose el Cuartel,Mexico
20.0783,-98.7267,Colinas de Plata,Hidalgo
20.5925,-103.4606,Palomar,Jalisco
19.3669,-98.9392,Unidad Acaquilpan,Mexico
20.5644,-103.3892,Paseo del Prado,Jalisco
24.1025,-110.4144,El Centenario,Baja Califor
18.1089,-92.8678,Fraccionamiento Ocuiltzapotlan Dos,Tabasco
19.2019,-96.2114,Los Torrentes,Veracruz
19.3108,-98.355,Santa Justina Ecatepec,Tlaxcala
17.8056,-92.4897,Aquiles Serdan (San Fernando),Tabasco
19.9083,-100.3664,Tungareo,Michoacan
19.6836,-101.3267,Villa Magna,Michoacan
19.9142,-99.3258,Tianguistengo (La Romera),Hidalgo
25.6928,-103.3825,San Felipe,Durango
20.5194,-103.3931,Hacienda los Fresnos,Jalisco
19.2528,-99.465,El Pedregal de Guadalupe Hidalgo,Mexico
20.8178,-103.4517,Campestre las Palomas [Fraccionamiento],Jalisco
21.8253,-102.1878,Villa Licenciado Jesus Teran (Calvillito),Aguascalient
16.9047,-92.2614,Tenango,Chiapas
20.195,-99.2708,Panuaya,Hidalgo
20.7683,-101.3411,Lo de Juarez,Guanajuato
17.1525,-96.7897,Santiago Etla,Oaxaca
18.9972,-98.3308,San Bernabe Temoxtitla,Puebla
19.69,-101.2994,Villas de la Loma,Michoacan
19.4497,-99.6022,Molino Abajo,Mexico
19.3731,-99.6275,Jicaltepec Cuexcontitlan,Mexico
20.5639,-100.2439,General Lazaro Cardenas (El Colorado),Queretaro
19.8694,-97.5731,Tatoxcac,Puebla
32.4842,-116.2506,Cereso del Hongo,Baja Califor
19.9231,-101.7469,Villa Jimenez,Michoacan
19.8375,-97.4311,Tacopan,Puebla
19.8211,-99.1278,Santa Maria de Guadalupe,Mexico
19.2675,-99.5525,Santa Maria la Asuncion,Mexico
14.8819,-92.1844,2da. Seccion de Medio Monte,Chiapas
19.2486,-98.4383,San Francisco Tepeyecac,Puebla
19.6942,-99.2394,Axotlan,Mexico
18.6678,-98.4553,La Galarza,Puebla
19.2478,-98.4606,San Buenaventura Tecaltzingo,Puebla
21.21,-89.6578,Campestre Flamboyanes,Yucatan
19.8361,-99.09,Villas de la Laguna,Mexico
25.8514,-100.3828,Alianza Real,Nuevo Leon
28.2417,-105.4436,Colonia Revolucion,Chihuahua
19.6275,-99.3461,Loma Larga,Mexico
17.6139,-99.145,Nejapa,Guerrero
19.09,-98.2639,La Trinidad Chautenco,Puebla
19.7506,-101.1969,Real Hacienda (Metropolis),Michoacan
17.9683,-93.5014,C-32 (Licenciado Francisco Trujillo Gurria),Tabasco
28.0431,-103.7911,Hercules,Coahuila
20.7136,-100.3036,Santa Cruz,Queretaro
19.2075,-96.2733,Delfino Victoria (Santa Fe),Veracruz
19.6672,-101.2681,San Antonio,Michoacan
18.9428,-98.1561,San Pedro Zacachimalpa,Puebla
19.8581,-102.0542,Ichan,Michoacan
18.8672,-98.9683,Pena Flores (Palo Verde),Morelos
18.9664,-99.5808,La Trinidad,Mexico
18.1478,-94.5178,Puerto Esmeralda,Veracruz
18.0369,-93.3625,Melchor Ocampo,Tabasco
19.7583,-99.1467,La Providencia,Mexico
30.7017,-116.0028,Colonia Lomas de San Ramon (Triquis),Baja Califor
19.2764,-99.7589,La Joya,Mexico
20.4956,-100.5483,San Bartolome Aguas Calientes,Guanajuato
19.8975,-98.9261,General Felipe Angeles (Los Angeles),Hidalgo
25.817,-100.1026,Colinas del Aeropuerto,Nuevo Leon
19.2933,-98.1481,San Bartolome Cuahuixmatlac,Tlaxcala
20.5281,-102.5233,Vistas del Maguey [Fraccionamiento],Jalisco
19.3514,-99.6628,Barrio Santa Cruz,Mexico
19.2942,-98.5378,Santa Maria Texmelucan,Puebla
20.0678,-98.7319,El Saucillo (Fraccionamiento),Hidalgo
19.5692,-98.8917,Santiago Chimalpa (Chimalpa),Mexico
20.7989,-103.3744,San Esteban (San Miguel Tateposco),Jalisco
30.8019,-112.7183,Plutarco Elias Calles (La Y Griega),Sonora
16.8453,-92.4461,Yoshib,Chiapas
17.0806,-96.6681,San Agustin Yatareni,Oaxaca
25.9147,-100.1628,Hacienda San Pedro,Nuevo Leon
20.055,-98.7633,Forjadores de Pachuca,Hidalgo
18.6214,-99.2218,Unidad Habitacional Jose Maria Morelos y Pavon,Morelos
19.7231,-99.0503,San Miguel Jaltocan,Mexico
17.9231,-93.4481,C-41 (Licenciado Carlos A. Madrazo),Tabasco
19.8831,-100.5886,Santiago Puriatzicuaro,Michoacan
19.2083,-96.2164,Fraccionamiento Costa Dorada,Veracruz
19.7006,-99.1167,Colonia 2 de Septiembre,Mexico
19.4447,-102.0044,Toreo Bajo (El Toreo Bajo),Michoacan
19.3833,-102.0361,Santa Rosa (Santa Barbara),Michoacan
19.8413,-99.2572,Villa URBI del Rey,Mexico
21.3144,-98.7919,Chalchocoyo,San Luis Pot
19.7686,-99.6769,Barrio Cuarto (La Loma),Mexico
21.3211,-101.9733,Cristeros [Fraccionamiento],Jalisco
18.9561,-99.6981,Zacango,Mexico
18.9242,-97.8653,San Nicolas Zoyapetlayoca,Puebla
19.5839,-98.9914,Colonia el Salado,Mexico
19.8011,-97.3961,Sosa,Puebla
18.9989,-97.7136,San Antonio Portezuelo,Puebla
20.5189,-103.4222,Jardines de San Sebastian,Jalisco
21.9594,-102.2742,Ex-Vinedos Guadalupe,Aguascalient
19.0061,-98.3306,Chipilo de Francisco Javier Mina,Puebla
18.7839,-98.7658,Zacualpan de Amilpas,Morelos
19.3658,-99.3569,San Francisco Ayotuzco,Mexico
26.0653,-109.0197,Alfonso G. Calderon (Poblado Siete),Sinaloa
20.6283,-100.7678,San Antonio Gallardo,Guanajuato
20.0814,-98.7369,PRI Chacon,Hidalgo
17.8906,-95.3494,Los Tigres (San Marcos),Veracruz
18.9797,-99.1853,Villa Santiago,Morelos
18.0922,-96.1075,San Bartolo,Oaxaca
21.2525,-102.3514,Colonia Santa Cecilia (La Sauceda),Jalisco
18.0422,-92.9105,Samarkanda,Tabasco
25.9361,-108.3964,Genaro Estrada,Sinaloa
19.6317,-99.1533,Colonia Lazaro Cardenas (Los Hornos),Mexico
19.9797,-97.9686,Atzingo (La Cumbre),Puebla
20.0639,-98.4206,Unidades Habitacionales,Hidalgo
20.6236,-100.4667,Colinas de Santa Cruz Segunda Seccion,Queretaro
19.2017,-96.2192,Oasis,Veracruz
16.9458,-93.0131,Francisco Sarabia,Chiapas
19.5897,-98.8969,Ocopulco,Mexico
17.2772,-94.4519,Poblado 10,Veracruz
21.9636,-102.3019,Arboledas Paso Blanco [Fraccionamiento],Aguascalient
19.2939,-98.5308,San Miguel Tianguistenco,Puebla
19.7392,-99.1917,Barrio Tlatenco,Mexico
16.8203,-99.6661,Amatillo,Guerrero
19.4214,-99.0136,Colonia Gustavo Baz Prada,Mexico
20.0347,-99.2292,Tlamaco (San Geronimo Tlamaco),Hidalgo
20.0644,-102.2386,Atecucario de la Constitucion (Atecuario),Michoacan
18.8136,-97.1983,Agricola Lazaro Cardenas,Veracruz
19.9806,-98.7883,Jagueey de Tellez (Estacion Tellez),Hidalgo
16.7306,-92.7253,Nachig,Chiapas
20.5367,-97.4153,Arroyo del Maiz Uno,Veracruz
30.5067,-115.9225,Colonia Nueva Era,Baja Califor
18.8689,-97.1222,Fraccionamiento Valle Dorado,Veracruz
20.1961,-97.9767,Las Colonias de Hidalgo,Puebla
19.3761,-99.6122,San Diego los Padres Cuexcontitlan Seccion 5 B,Mexico
19.3469,-98.19,Belen Atzitzimititlan,Tlaxcala
19.3911,-99.5253,Colonia Emiliano Zapata,Mexico
18.8972,-99.1314,Unidad Habitacional Rinconada Acolapa,Morelos
22.7311,-102.0953,El Saucito (El Horno),Zacatecas
18.5056,-97.4003,San Isidro Vista Hermosa,Puebla
25.8531,-100.2917,Simeprodeso (Colectivo Nuevo),Nuevo Leon
21.9503,-102.3322,Corral de Barrancos,Aguascalient
18.9472,-98.5514,San Pedro Benito Juarez,Puebla
19.3606,-98.525,Juarez Coronaco,Puebla
32.3925,-116.955,Los Valles,Baja Califor
17.6647,-99.2228,Pochahuizco,Guerrero
18.2447,-100.56,Corral Falso,Guerrero
18.6739,-97.6761,Santo Nombre,Puebla
17.2467,-92.3628,Joshil,Chiapas
20.0564,-99.2047,Tezoquipa,Hidalgo
19.3117,-99.5411,Colonia los Cedros,Mexico
19.64,-98.9752,Prados de San Juan,Mexico
18.2731,-100.5853,Changata,Guerrero
19.7936,-100.9247,San Lucas Pio,Michoacan
14.8674,-92.302,Los Cafetales,Chiapas
19.7772,-97.3281,San Francisco,Puebla
18.2014,-93.3669,Arena 1ra. Seccion,Tabasco
19.4908,-101.5939,Colonia Vista Bella (Lomas del Peaje),Michoacan
19.4961,-96.8864,Fraccionamiento las Fuentes,Veracruz
25.9631,-109.054,Nuevo San Miguel,Sinaloa
19.8311,-97.3694,Xoloateno,Puebla
19.4258,-99.3556,El Hielo,Mexico
18.1442,-92.7497,Buena Vista 1ra. Seccion,Tabasco
25.8253,-100.2461,Fraccionamiento Cosmopolis Octavo Sector,Nuevo Leon
31.1597,-110.9744,La Mesa,Sonora
17.1286,-92.8033,San Andres Duraznal,Chiapas
20.0547,-98.7703,La Colonia,Hidalgo
20.6219,-101.28,Cuarta Brigada,Guanajuato
19.7558,-97.6072,La Libertad,Puebla
20.12,-98.4017,Rincones de la Hacienda,Hidalgo
19.3894,-99.6486,Fraccionamiento Real de San Pablo,Mexico
21.3617,-97.6931,Colonia las Flores,Veracruz
20.0769,-98.7372,El Saucillo,Hidalgo
19.5642,-99.7733,Barrio San Joaquin el Junco,Mexico
19.6881,-101.1272,Puerto de Buenavista (Lazaro Cardenas),Michoacan
17.4642,-98.7125,Copanatoyac,Guerrero
18.1958,-93.1206,Iquinuapa,Tabasco
18.2739,-88.6811,Javier Rojo Gomez,Quintana Roo
25.6325,-100.1469,Valle de Vaquerias,Nuevo Leon
19.2097,-96.2089,Rio Medio [Granja],Veracruz
18.7786,-97.1536,Necoxtla,Veracruz
24.9397,-107.8208,Juan Aldama (El Tigre),Sinaloa
19.1933,-96.2106,Lomas de Rio Medio Cuatro,Veracruz
16.7285,-93.0346,Jardines del Grijalva,Chiapas
19.6908,-99.0642,Colonia la Asuncion,Mexico
18.9931,-99.4236,Santa Monica,Mexico
27.3517,-110.4547,Bahia de Lobos,Sonora
18.9942,-99.57,San Martin Coapaxtongo,Mexico
28.1536,-105.3939,Miguel Hidalgo,Chihuahua
18.999,-98.1525,Galaxia la Calera,Puebla
19.5467,-98.9031,Zapotlan,Mexico
18.9561,-99.5814,La Cienega,Mexico
15.7661,-96.1469,Sector H Tres,Oaxaca
19.3317,-98.2031,Tlatempan,Tlaxcala
19.8389,-98.0144,Ixtlahuaca Barrio,Puebla
18.8767,-97.6231,Jesus Nazareno,Puebla
19.3583,-98.5375,Guadalupe Zaragoza,Puebla
19.6294,-98.8897,San Pedro Tepetitlan,Mexico
19.3578,-98.9475,Bosques de la Magdalena,Mexico
20.2344,-98.9622,El Huaxtho,Hidalgo
17.055,-96.0653,Tamazulapam del Espiritu Santo,Oaxaca
17.9675,-93.565,Poblado C-33 20 de Noviembre,Tabasco
18.9569,-97.8117,Santiago Acozac,Puebla
18.8847,-96.9783,Colorines,Veracruz
21.5039,-103.5561,Florencia,Zacatecas
31.9161,-116.5883,Rancho Verde,Baja Califor
25.855,-100.2472,Entronque Laredo-Salinas Victoria,Nuevo Leon
20.9094,-89.6011,Leona Vicario,Yucatan
19.4897,-100.3739,San Felipe los Alzati (Colonia Nueva),Michoacan
20.0261,-98.7114,Rinconada de los Angeles,Hidalgo
20.1119,-98.7069,Manuel Avila Camacho,Hidalgo
19.4533,-99.9007,Sitio Ejido,Mexico
18.0728,-92.8719,Constitucion,Tabasco
19.3689,-99.7786,Conjunto Habitacional Ecologico SUTEYM,Mexico
22.685,-102.0378,San Jose el Saladillo (El Saladillo),Zacatecas
25.52,-103.4867,El Huarache (El Guarache),Durango
20.2597,-98.9742,El Boxtha,Hidalgo
20.9356,-100.7361,Colonia San Luis Rey,Guanajuato
16.8769,-93.2222,El Progreso,Chiapas
18.2936,-100.6397,Amuco de la Reforma,Guerrero
16.8011,-95.0797,Colonia Progreso,Oaxaca
18.2436,-95.1222,Los Mangos,Veracruz
21.1486,-101.7619,Rizos de la Joya (Rizos del Saucillo),Guanajuato
19.0775,-98.4833,San Pedro Yancuitlalpan,Puebla
20.0711,-102.6867,Fraccionamiento San Miguel,Michoacan
25.1097,-107.9447,Colonia Agricola Mexico (Palmitas),Sinaloa
25.8781,-108.9014,Cerrillos (Campo 35),Sinaloa
25.6428,-108.425,El Varal (San Sebastian Numero Uno),Sinaloa
25.9822,-100.1433,Portal de las Salinas,Nuevo Leon
20.5692,-103.1906,Paseo Puente Viejo,Jalisco
19.2925,-98.2078,Santa Cruz Tetela,Tlaxcala
20.0228,-98.3167,Almoloya,Hidalgo
25.7456,-100.1519,Fraccionamiento Mision de San Javier,Nuevo Leon
21.2247,-86.8536,Zona Urbana Ejido Isla Mujeres,Quintana Roo
17.9778,-94.6392,Fraccionamiento los Prados,Veracruz
27.0306,-103.3667,Laguna del Rey (Quimicas del Rey),Coahuila
26.2225,-109.0617,Poblado Numero Cinco,Sinaloa
23.8631,-103.6575,Charco Blanco,Zacatecas
18.8064,-97.0272,Capoluca,Veracruz
20.1425,-97.9456,Chicahuaxtla,Puebla
19.3994,-99.3269,Paraje el Mirador,Mexico
18.9883,-99.6506,Santa Maria Aranzazu (Santa Maria),Mexico
17.0158,-96.54,Macuilxochitl de Artigas Carranza,Oaxaca
27.4333,-110.0167,Cuauhtemoc (Campo Cinco),Sonora
19.0689,-97.4303,San Francisco Independencia (Santa Maria Aserradero),Puebla
19.9508,-102.2564,Fraccionamiento Ex-Hacienda el Refugio,Michoacan
19.9169,-101.1286,San Juan Benito Juarez (San Juan Tararameo),Michoacan
20.6267,-100.7575,La Aurora,Guanajuato
16.1786,-92.2933,San Vicente la Mesilla,Chiapas
19.4111,-99.5742,Fraccionamiento Rinconada del Valle,Mexico
19.2161,-99.5522,Unidad Habitacional Santa Teresa,Mexico
19.7215,-99.0837,Prados San Francisco,Mexico
19.4006,-98.16,Hualcaltzinco,Tlaxcala
19.7906,-101.0878,Uruetaro,Michoacan
16.0964,-92.8333,El Ambar (El Ambar de Echeverria),Chiapas
19.5131,-101.7653,Santa Maria Huiramangaro (San Juan Tumbio),Michoacan
18.0183,-92.9899,Anacleto Canabal 3ra. Seccion,Tabasco
18.8789,-98.7467,Metepec,Morelos
17.0808,-92.8025,Carmen Zacatal,Chiapas
19.8672,-98.9269,El Cid,Hidalgo
19.4314,-99.3589,San Jose Tejamanil,Mexico
19.1992,-98.4883,San Nicolas Zecalacoayan,Puebla
18.8417,-97.7258,Xochimilco,Puebla
21.9439,-102.3228,El Llano,Aguascalient
16.8508,-99.7892,Tuncingo,Guerrero
27.2036,-109.555,Pueblo Mayo,Sonora
19.8056,-97.4103,Coahuixco,Puebla
19.6378,-99.3392,Colonia Morelos,Mexico
19.9344,-97.6203,Zoatecpan,Puebla
19.9489,-105.3278,Jose Maria Pino Suarez (Nuevo Nahuapa),Jalisco
19.7813,-99.1827,La Planada,Mexico
19.4028,-99.6164,Llano de la Y,Mexico
19.2644,-98.4919,San Gregorio Aztotoacan,Puebla
19.6422,-99.3278,Loma de San Jose,Mexico
19.1447,-99.6333,San Diego la Huerta,Mexico
16.9064,-94.6833,Santa Maria Chimalapa,Oaxaca
19.6675,-100.4886,San Lorenzo Querendaro,Michoacan
19.0744,-101.5067,La Ermita (Nueva Jerusalen),Michoacan
25.7911,-108.5633,Gabriel Leyva Velazquez,Sinaloa
19.2644,-98.5003,Analco de Ponciano Arriaga (Santa Cruz Analco),Puebla
19.7964,-97.3836,San Isidro,Puebla
19.8328,-97.4211,Cala Sur,Puebla
32.6269,-115.5467,Vinas del Sol,Baja Califor
16.8644,-92.4611,Kotolte,Chiapas
18.9381,-99.6125,Tepetzingo,Mexico
19.0683,-97.9403,Apango de Zaragoza,Puebla
21.9564,-102.2764,Cartagena [Fraccionamiento],Aguascalient
18.8764,-97.5439,Bellavista de Victoria (San Jose Bellavista),Puebla
18.7578,-99.2294,Ninguno [Centro de Readaptacion Social de Atlacholoaya],Morelos
17.3861,-94.9881,Suchilapan del Rio,Veracruz
19.4161,-98.9909,Poligonos,Mexico
18.9411,-98.0106,San Jeronimo Almoloya,Puebla
21.18,-98.8461,Tlalnepantla,San Luis Pot
20.4542,-103.2192,Rinconada la Loma [Fraccionamiento],Jalisco
16.8661,-95.0539,Llano Suchiapa,Oaxaca
21.0533,-105.2383,Colonia Paraiso Escondido,Nayarit
18.9536,-99.5589,Colonia Emiliano Zapata Ejido de Tenancingo,Mexico
20.0197,-99.2386,Progreso,Hidalgo
19.3242,-98.2375,Acxotla del Rio,Tlaxcala
16.9961,-98.7353,El Rincon (Santa Cruz del Rincon),Guerrero
20.6939,-100.4803,El Nabo,Queretaro
19.8239,-99.2483,Jorobas,Mexico
19.6875,-101.3303,Lomas de la Maestranza,Michoacan
20.6642,-100.3981,Paseos del Pedregal,Queretaro
23.8497,-103.1311,Las Esperanzas (El Ranchito),Zacatecas
19.625,-97.2203,Centro de Readaptacion Social,Veracruz
19.4242,-99.5283,Ejido de Mozoquilpan,Mexico
19.3067,-98.14,San Pedro Xochiteotla,Tlaxcala
16.2544,-95.2206,La Noria,Oaxaca
19.4117,-98.1128,Colonia San Isidro,Tlaxcala
16.8853,-92.4247,Chilolja,Chiapas
17.6397,-99.1097,Pantitlan,Guerrero
16.3217,-92.5619,San Francisco (El Calvito),Chiapas
16.9775,-96.4619,Fraccionamiento Ciudad Yagul,Oaxaca
19.9897,-97.6667,San Miguel del Progreso,Puebla
20.6381,-101.1269,El Recuerdo de Ancon (Xoconoxtle de Arriba),Guanajuato
17.2275,-96.8156,Fraccionamiento Ex-Hacienda Catano,Oaxaca
19.2719,-98.4847,Tlacotepec de Jose Manzo,Puebla
18.9503,-99.5431,San Jose Teneria (Teneria),Mexico
21.9933,-105.3894,Palma Grande,Nayarit
19.8783,-102.2258,Colonia las Malvinas (Colonia Antorcha),Michoacan
19.5422,-99.6025,Manzana Quinta (La Canada),Mexico
22.4314,-97.9642,Carrillo Puerto,Tamaulipas
19.7,-102.0156,Cheran Atzicuirin (Cheranastico),Michoacan
19.645,-100.1064,Ejido la Soledad,Mexico
18.5517,-99.5811,Tehuilotepec,Guerrero
25.5144,-103.4892,Villa de Guadalupe,Durango
20.6333,-100.2628,Hacienda la Cruz [Fraccionamiento],Queretaro
19.8314,-97.315,San Salvador (Naranjillo),Puebla
28.1403,-105.5267,Colonia Campesina,Chihuahua
19.1586,-98.4408,San Miguel Tianguizolco,Puebla
19.2383,-98.2258,San Cosme Atlamaxac,Tlaxcala
20.6069,-103.1714,Mismaloya (Fraccionamiento Pedregal de Santa Martha),Jalisco
20.5128,-103.4264,La Roca,Jalisco
21.8606,-102.6839,El Cuervero (Cuerveros),Aguascalient
19.3053,-99.8275,San Bartolo del Llano (San Isidro),Mexico
16.8814,-99.7142,San Isidro Gallinero (El Gallinero),Guerrero
16.7561,-98.1817,Guadalupe Victoria,Guerrero
18.6961,-98.8117,Amacuitlapilco,Morelos
18.9314,-99.1756,Loma Bonita,Morelos
19.8056,-99.8972,Colonia Rio Lerma (Tic Ti),Mexico
19.195,-98.4153,San Mateo Capultitlan,Puebla
18.4014,-92.9594,Ignacio Zaragoza,Tabasco
18.715,-98.9328,San Juan Ahuehueyo,Morelos
18.9947,-97.9117,San Jose Carpinteros,Puebla
19.2683,-99.7583,Colonia Ricardo Flores Magon,Mexico
19.4315,-98.9174,Santa Martha,Mexico
18.0061,-94.6122,Hermenegildo J. Aldana,Veracruz
19.4022,-99.4542,Colonia Guadalupe Victoria (La Capilla),Mexico
20.7736,-105.5167,Corral del Risco (Punta de Mita),Nayarit
19.2917,-99.835,El Curtidor,Mexico
19.79,-97.3389,San Andres,Puebla
18.0678,-93.5614,Poblado C-21 Licenciado Benito Juarez Garcia,Tabasco
20.4689,-103.4172,Cima del Sol (Fraccionamiento Cima del Sol),Jalisco
24.2925,-107.1514,Pueblos Unidos,Sinaloa
30.4072,-115.8872,Luis Rodriguez (El Vergel),Baja Califor
16.6064,-92.5219,Betania,Chiapas
19.095,-98.0667,San Miguel Espejo,Puebla
25.7856,-108.6022,Alfonso G. Calderon Velarde,Sinaloa
18.9683,-99.5722,Colonia San Ramon,Mexico
18.3033,-100.8464,Paso de Arena,Guerrero
20.0603,-98.7672,Tulipanes,Hidalgo
19.3503,-98.2886,San Francisco Temetzontla,Tlaxcala
19.4878,-89.9944,Los Laureles,Campeche
20.2956,-100.8231,Panales Jamaica (Canones),Guanajuato
19.1872,-100.215,Loma Bonita,Mexico
16.5947,-93.8028,Cereso 14 (El Amate),Chiapas
17.3247,-98.9094,Acatepec,Guerrero
18.9917,-102.7108,Bonifacio Moreno (El Aguaje),Michoacan
20.2975,-101.9781,Las Canadas,Michoacan
18.9992,-97.6147,Santa Catarina Villanueva,Puebla
15.8508,-92.0622,Doctor Rodulfo Figueroa (Tierra Blanca),Chiapas
20.8817,-87.525,Ignacio Zaragoza,Quintana Roo
19.6575,-98.3375,Union Ejidal Tierra y Libertad,Tlaxcala
18.1019,-92.9419,El Tigre,Tabasco
16.62,-92.0819,Veinte de Noviembre,Chiapas
19.5369,-99.9542,Barrio de Centro del Cerrillo,Mexico
31.1844,-110.9678,Centro de Readaptacion Social Nuevo,Sonora
16.0711,-97.6233,Santa Rosa de Lima,Oaxaca
16.7603,-92.6531,San Antonio del Monte,Chiapas
19.8672,-99.1161,Loma Larga (Barrio de Loma Larga),Mexico
19.9706,-99.5461,Xhixhata,Mexico
18.2967,-96.3472,Nuevo Paso Nazareno (Chichicazapa),Oaxaca
20.3011,-99.7656,Llano Largo,Hidalgo
18.9319,-98.4256,El Encanto del Cerril,Puebla
19.8525,-99.8903,La Mesa de Chosto,Mexico
20.0569,-98.7689,Magisterio Digno,Hidalgo
20.5217,-99.6967,Panhe,Hidalgo
17.8906,-93.1653,El Carmen (El Limon),Chiapas
20.3808,-102.9494,El Romereno (INFONAVIT),Jalisco
20.0261,-98.7978,Lindavista,Hidalgo
16.8553,-92.4597,Tz'Aquiviljok,Chiapas
16.8617,-99.0544,Tonala,Guerrero
18.4769,-97.0394,Tecpantzacoalco,Puebla
19.3678,-99.6869,Barrio de Jesus Fraccion Primera,Mexico
20.225,-99.1411,Colonia Morelos (El Nueve),Hidalgo
19.2072,-96.2144,Arboledas,Veracruz
18.4467,-95.2533,Texcaltitan Xoteapan (Texcaltitan),Veracruz
18.8806,-96.9769,Fredepo,Veracruz
16.1133,-92.88,Diamante de Echeverria,Chiapas
27.645,-113.4192,San Francisco,Baja Califor
27.0025,-105.0331,Octaviano Lopez,Chihuahua
22.2283,-100.1281,Progreso,San Luis Pot
18.4294,-95.2442,Texalpan de Arriba,Veracruz
20.1115,-99.8386,Gunyo Poniente (San Jose Gunyo),Mexico
17.3319,-92.5339,Chulum Juarez,Chiapas
23.1956,-103.0675,El Salto,Zacatecas
19.2305,-98.9309,Barrio de Guadalupe,Mexico
25.8031,-100.1011,Ladrillera (Entronque Pesqueria),Nuevo Leon
18.8144,-96.7461,San Francisco (Mata Clara),Veracruz
20.0589,-98.7675,Cipreses,Hidalgo
19.2189,-96.2164,Colonia el Renacimiento,Veracruz
21.9806,-102.2514,Macario J. Gomez [Colonia],Aguascalient
20.0439,-99.2447,Unidad Habitacional Antonio Osorio de Leon (Bojay),Hidalgo
16.8222,-91.5233,Taniperla,Chiapas
18.4961,-97.4381,San Jose Monte Chiquito,Puebla
20.1283,-97.6106,Xonalpu,Puebla
18.1439,-93.22,Morelos Piedra 3ra. Seccion,Tabasco
19.6583,-98.775,San Francisco Tlaltica,Mexico
19.8803,-97.5961,San Francisco Zacapexpan,Puebla
18.8611,-99.16,Cliserio Alanis (San Gaspar),Morelos
19.6181,-96.4425,Tinajitas,Veracruz
16.4853,-92.8714,Nuevo Vicente Guerrero (El Chichonal),Chiapas
19.3069,-99.7789,San Isidro (El Reservado),Mexico
26.9539,-106.3461,Mariano Balleza,Chihuahua
18.0156,-92.9708,Brisas del Carrizal,Tabasco
23.3283,-102.6103,Rafael Yanez Sosa (El Mezquite),Zacatecas
19.8386,-100.8172,Bocaneo (San Pedro),Michoacan
25.8472,-97.6333,CEFERESO Numero 3,Tamaulipas
16.9394,-92.4778,Tzeltal,Chiapas
18.6553,-99.1542,Alfredo V. Bonfil (Chacampalco),Morelos
19.3267,-98.2219,San Buenaventura Atempan,Tlaxcala
17.2339,-92.3783,Tocob Leglemal,Chiapas
20.5681,-103.3725,Altus Bosques,Jalisco
19.0886,-98.29,Barrio de Nuevo Leon,Puebla
20.5556,-101.0356,Colonia 18 de Marzo,Guanajuato
25.9406,-109.1372,Heriberto Valdez Romero (El Guayabo),Sinaloa
17.3006,-92.8903,San Jose Chapayal,Chiapas
25.7639,-103.2389,Seis de Octubre (Santo Nino),Coahuila
17.8436,-92.5256,La Escalera,Tabasco
20.1775,-97.9917,Papatlazolco,Puebla
20.0542,-98.4186,Colonia Felipe Angeles,Hidalgo
21.0739,-101.4728,San Francisco (Banos de Agua Caliente),Guanajuato
32.3439,-117.0106,Ciudad Morelos,Baja Califor
16.8769,-93.2139,El Copalar,Chiapas
19.8567,-97.3611,San Diego,Puebla
19.2278,-98.2281,San Pedro Xalcaltzinco,Tlaxcala
20.7872,-103.4431,Campo Real,Jalisco
18.1392,-93.0053,Taxco,Tabasco
15.2994,-92.3806,Belisario Dominguez,Chiapas
19.5925,-99.1594,Sierra de Guadalupe,Mexico
28.6097,-105.9403,Ninguno [CERESO],Chihuahua
17.6433,-99.3664,Acatempa,Guerrero
20.1881,-98.16,Chimalapa,Hidalgo
20.0075,-97.9406,Xoxonacatla,Puebla
19.5572,-96.9767,Otilpan,Veracruz
18.9617,-97.7556,Progreso de Juarez,Puebla
19.2983,-98.1197,San Rafael Tepatlaxco,Tlaxcala
17.9203,-101.3236,Vallecitos de Zaragoza,Guerrero
20.9981,-101.8633,Monte Grande,Guanajuato
20.4192,-101.0422,San Jose del Cerrito de Camargo,Guanajuato
19.8614,-99.0817,Barrio de Espana,Mexico
20.3442,-102.0056,Rio Grande,Michoacan
19.365,-98.9406,Techachaltitla,Mexico
16.8743,-93.2168,Francisco I. Madero,Chiapas
25.7406,-108.9958,Ricardo Flores Magon,Sinaloa
19.4017,-98.1928,San Francisco Tlacuilohcan,Tlaxcala
21.8311,-102.7503,Valle Huejucar (Fraccionamiento Popular) [Fraccionamiento],Aguascalient
18.8522,-97.7781,San Antonio Tecolco,Puebla
19.7267,-98.9686,Fraccionamiento Hacienda del Bosque,Mexico
24.3994,-107.1714,Oso Viejo,Sinaloa
16.9897,-99.1489,El Cortijo,Guerrero
23.3264,-103.1122,Colonia Montemariana (Colonia Mariana),Zacatecas
21.0592,-101.6758,Santa Ana,Guanajuato
21.0303,-101.7058,Colonia Latinoamericana,Guanajuato
18.9833,-97.8675,Zahuatlan de Morelos (San Jose),Puebla
22.9147,-105.9133,El Pozole,Sinaloa
19.8283,-97.5269,Tatauzoquico,Puebla
20.1258,-98.7139,Guadalupe Minerva,Hidalgo
19.8031,-97.3339,San Jose,Puebla
20.1303,-97.9736,San Lorenzo Tlaxipehuala,Puebla
20.6214,-103.1978,Paseo de las Canadas,Jalisco
18.7419,-98.9539,Constancio Farfan (La Pascuala),Morelos
20.3778,-99.9094,Villas Fundadores [Fraccionamiento],Queretaro
20.69,-99.5714,Bella Vista del Rio,Queretaro
18.7375,-98.9853,Abelardo L. Rodriguez,Morelos
19.5064,-100.3728,El Rincon de San Felipe (Tercera Manzana San Felipe),Michoacan
19.9847,-102.2511,Fraccionamiento Monte Olivo,Michoacan
19.956,-97.8149,Tlamanca de Hernandez,Puebla
20.7933,-101.3303,Purisima del Progreso,Guanajuato
19.7042,-99.9569,Calvario Buenavista,Mexico
19.405,-100.0894,El Jacal,Mexico
19.7864,-101.1378,San Pedro de los Sauces,Michoacan
16.8214,-99.0419,La Azozuca,Guerrero
19.2281,-99.5558,Colonia Agricola Alvaro Obregon,Mexico
17.2882,-98.6152,Cuatzoquitengo,Guerrero
19.6936,-99.9503,Palmillas,Mexico
18.0628,-92.8856,Lagartera 1ra. Seccion,Tabasco
20.54,-103.2442,Hacienda Vieja del Castillo (Castillo Viejo),Jalisco
18.0622,-93.1131,Ceiba 1ra. Seccion (Jahuactal),Tabasco
17.3225,-98.3642,San Vicente Zoyatlan,Guerrero
19.8092,-96.9161,Tenochtitlan,Veracruz
16.6358,-98.5589,Huehuetan,Guerrero
19.3431,-96.4686,Chichicaxtle,Veracruz
20.2375,-101.5267,Manuel Villalongin,Michoacan
20.8731,-100.3789,La Versolilla,Queretaro
19.5614,-98.8442,Colonia Tulteca Teopan,Mexico
21.1683,-101.7581,Fraccionamiento Paseo de las Torres,Guanajuato
19.0761,-101.5825,El Cahulote de Santa Ana,Michoacan
18.9297,-98.5444,Colonia Agricola de Ocotepec (Colonia San Jose),Puebla
19.8872,-100.3419,Apeo,Michoacan
20.0986,-97.6431,Leacaman,Puebla
16.8289,-92.4519,Yashanal,Chiapas
19.8586,-100.4083,Santa Elena,Michoacan
20.1317,-97.63,Cinco de Mayo,Puebla
18.945,-97.8278,Buenavista de Juarez,Puebla
19.4478,-100.3058,Colonia Emiliano Zapata (San Juan Zitacuaro),Michoacan
18.345,-92.8036,Caparroso,Tabasco
26.9772,-101.4808,Colonia Diana Laura Riojas de Colosio,Coahuila
17.5211,-99.1933,Tlaxinga (Clatzinga),Guerrero
17.2128,-96.7869,Fraccionamiento San Miguel,Oaxaca
18.7664,-95.7486,Paso Nacional,Veracruz
17.0344,-92.7269,San Pedro Nichtalucum,Chiapas
18.1705,-93.1351,Hermenegildo Galeana 2da. Seccion,Tabasco
15.9639,-91.965,La Gloria,Chiapas
32.565,-116.525,Hacienda Tecate,Baja Califor
20.7525,-99.7178,San Javier,Queretaro
18.7961,-97.7628,San Antonio la Portilla,Puebla
19.0253,-97.9306,San Bartolome Hueyapan,Puebla
18.5789,-98.7436,Marcelino Rodriguez (San Ignacio),Morelos
18.3267,-95.3625,Francisco I. Madero,Veracruz
21.8214,-102.2711,San Sebastian [Fraccionamiento],Aguascalient
18.9617,-99.1864,Fraccionamiento Universo,Morelos
19.6767,-99.3714,El Esclavo,Mexico
20.1372,-98.0075,Ahuacatlan,Puebla
18.4056,-97.3261,Santa Cruz Acapa,Puebla
17.5311,-97.7925,San Miguel Monteverde,Oaxaca
22.2153,-99.2361,Ampliacion la Hincada,San Luis Pot
19.3922,-99.5017,Pueblo Nuevo Tlalmimilolpan,Mexico
20.03,-98.8106,El Mirador,Hidalgo
23.9906,-104.0172,San Atenogenes (La Villita),Durango
18.4108,-95.1997,Cerro las Iguanas,Veracruz
20.0303,-98.3242,Texcaltepec,Hidalgo
21.01,-101.8108,San Roque de Montes,Guanajuato
20.5325,-103.3628,Jardines del Eden,Jalisco
19.1986,-98.9544,Caserio de Cortes,Mexico
17.6708,-98.8519,Alpuyecancingo de las Montanas,Guerrero
16.9586,-96.585,Santa Cruz Papalutla,Oaxaca
16.9612,-92.7602,San Cayetano,Chiapas
25.8522,-100.36,Buena Vista,Nuevo Leon
19.2428,-104.7178,Emiliano Zapata (El Ranchito),Jalisco
19.8117,-97.4625,Tezhuatepec,Puebla
20.1097,-98.7111,Santiago Jaltepec,Hidalgo
18.7406,-98.9872,Olintepec,Morelos
23.8375,-103.9986,La Joya,Durango
19.2253,-100.1317,El Arco,Mexico
20.6603,-100.5153,San Francisco de la Palma,Queretaro
19.5131,-98.92,Colonia Lazaro Cardenas,Mexico
16.9328,-96.7678,Fraccionamiento Real del Valle,Oaxaca
19.7206,-99.1967,San Jose del Puente,Mexico
25.6014,-100.1797,Bosques de San Pedro,Nuevo Leon
18.055,-93.8247,Pejelagartero 1ra. Seccion (Plataforma),Tabasco
21.2147,-99.5406,Ahuacatlan de Guadalupe,Queretaro
19.1044,-99.5953,Monte Calvario,Mexico
19.9108,-97.9675,San Pedro Atmatla,Puebla
17.6384,-99.2022,La Mohonera,Guerrero
18.2779,-93.091,Mecoacan 2da. Seccion (San Lorenzo),Tabasco
27.8858,-110.5817,Guasimas (De Belem),Sonora
19.4006,-99.4594,Colonia Adolfo Lopez Mateos,Mexico
19.2269,-99.6942,Colonia el Refugio,Mexico
15.5031,-92.9486,Nuevo Milenio Valdivia,Chiapas
27.6289,-109.9661,Estacion Corral,Sonora
17.6786,-96.2256,San Pedro Ozumacin,Oaxaca
19.1978,-99.4436,Coamilpa de Juarez,Mexico
20.5536,-100.9417,Los Angeles,Guanajuato
21.3178,-100.5658,Los Dolores (Las Quince Letras),Guanajuato
20.1114,-98.7031,Colonia Militar,Hidalgo
20.5594,-100.5894,Coachiti,Guanajuato
25.9867,-98.2217,Vamos Tamaulipas,Tamaulipas
19.8422,-99.4081,Loma Alta Taxhimay,Mexico
18.4621,-97.0356,Cuaxuxpa,Puebla
17.4882,-99.1428,Atenxoxola,Guerrero
19.5008,-99.5572,San Pedro Arriba 3ra. Seccion,Mexico
20.1661,-98.39,Colonia 28 de Mayo (Santa Rosa),Hidalgo
19.2892,-99.48,Fraccionamiento y Club de Golf los Encinos,Mexico
16.405,-92.5525,Guadalupe Victoria,Chiapas
16.9956,-99.3775,El Limon,Guerrero
19.1756,-99.4453,Mezapa la Fabrica,Mexico
17.1086,-96.7697,San Jeronimo Yahuiche,Oaxaca
32.4228,-116.9411,Buenos Aires,Baja Califor
19.68,-100.5261,Colonia Antorcha Campesina (Santa Rosa),Michoacan
19.5275,-99.6053,Manzana Sexta Parte Centro,Mexico
16.9203,-92.4117,El Pozo,Chiapas
19.7247,-100.6389,San Isidro Alta Huerta,Michoacan
19.5786,-99.7544,Colonia San Francisco de Asis,Mexico
20.5867,-97.4283,Fraccionamiento la Florida,Veracruz
16.7617,-92.5792,Cruzton,Chiapas
20.4569,-100.7958,La Cruz,Guanajuato
25.8353,-100.1428,Artemio Trevino,Nuevo Leon
17.1411,-92.7622,La Pimienta,Chiapas
21.3306,-101.9236,Geovillas Laureles del Campanario,Jalisco
19.3483,-99.5642,Guadalupe Totoltepec,Mexico
16.1311,-92.7914,Plan de Agua Prieta,Chiapas
19.8639,-100.8792,Jose Maria Morelos (La Yegueeria),Michoacan
22.9,-105.9714,Ejido Cajon Ojo de Agua Numero Dos,Sinaloa
18.1972,-93.1719,Huapacal 2da. Seccion (Punta Brava),Tabasco
25.7869,-100.4764,Los Parques,Nuevo Leon
17.0242,-92.3069,Sitala,Chiapas
17.5553,-98.5472,Atlamajac,Guerrero
20.9856,-101.49,San Antonio Texas,Guanajuato
17.7731,-91.1475,Capitan Felipe Castellanos Diaz (San Pedro),Tabasco
18.433,-97.1209,Cuautotolapan (San Jose),Puebla
19.4553,-100.3036,La Fundicion (Quinta Manzana),Michoacan
21.1519,-98.3861,Parque de Poblamiento Solidaridad,Hidalgo
19.8906,-97.4297,Tanamacoyan,Puebla
14.7308,-92.4103,El Encanto,Chiapas
20.7372,-99.9244,San Jose del Jagueey,Queretaro
18.2569,-96.1614,Colonia Adolfo Ruiz Cortines (Colonia Obrera),Veracruz
19.4992,-98.9192,Colonia Guadalupe Victoria,Mexico
19.3792,-99.6733,Barrio Bordo Nuevo,Mexico
17.2236,-92.4881,Shoctic,Chiapas
16.5397,-98.0347,San Pedro Tulixtlahuaca,Oaxaca
18.175,-93.4318,Santana 2da. Seccion B (La Palma),Tabasco
22.3703,-101.7608,El Refugio,Zacatecas
18.6392,-98.9594,Zacapalco,Morelos
17.4242,-98.7806,Zapotitlan Tablas,Guerrero
23.9544,-104.6364,Sebastian Lerdo de Tejada,Durango
20.78,-103.4622,La Cuchilla (Extramuros de Tesistan),Jalisco
19.3497,-99.475,Colonia Agricola Analco,Mexico
18.7467,-97.665,Rancho Chico,Puebla
20.1533,-97.7483,Buenos Aires,Puebla
21.9736,-102.3169,Paso Blanco,Aguascalient
19.4911,-100.2431,Crescencio Morales (San Mateo),Michoacan
25.845,-108.9183,Campo la Arrocera,Sinaloa
23.9911,-106.9564,Pueblo Nuevo,Sinaloa
18.9036,-100.0467,San Andres Ocotepec,Mexico
16.9794,-99.0667,San Jose la Hacienda,Guerrero
19.0325,-98.3525,Los Reyes Tlanechicolpan,Puebla
20.6067,-100.4497,Rancho Bellavista [Fraccionamiento],Queretaro
19.3553,-99.3483,El Cerrito,Mexico
19.7991,-97.4444,Apatauyan,Puebla
19.4928,-99.5744,Solalpan 1ra. Seccion,Mexico
18.9933,-96.9992,San Jose Neria,Veracruz
18.5033,-99.6553,Paintla,Guerrero
19.3567,-97.7839,Colonia Ignacio Allende,Tlaxcala
16.2792,-96.5178,Santa Catarina Roatina,Oaxaca
19.7664,-101.1633,San Bernabe de las Canteras,Michoacan
20.5764,-97.4336,Villa de las Flores,Veracruz
19.1803,-99.6122,Villas del Campo,Mexico
19.7839,-99.0864,El Llano Santa Maria,Mexico
18.1367,-94.5186,Centro de Readaptacion Social,Veracruz
21.9567,-102.3217,Tepetates,Aguascalient
20.3444,-100.0467,El Jazmin,Queretaro
19.7036,-99.9411,La Cabecera Concepcion,Mexico
19.3419,-99.7917,Loma de San Miguel,Mexico
18.5325,-96.5892,Zona Urbana Ejidal,Oaxaca
19.3897,-99.7253,Sebastian Lerdo de Tejada,Mexico
25.7744,-103.3253,El Porvenir (El Porvenir de Arriba),Coahuila
19.2508,-98.3553,San Jose Atoyatenco,Tlaxcala
27.0408,-103.3661,Chula Vista,Coahuila
19.3981,-99.65,Galaxias Toluca,Mexico
25.8147,-100.4031,Monclova Primer Sector,Nuevo Leon
17.8619,-98.68,San Antonio Coyahuacan,Guerrero
19.7661,-90.2231,Tikinmul,Campeche
23.255,-103.7978,Jimenez del Teul,Zacatecas
16.8425,-99.6406,Aguas Calientes,Guerrero
16.6356,-93.0028,Salvador Urbina,Chiapas
18.4344,-93.0931,Penjamo,Tabasco
19.6814,-98.7281,San Martin Ahuatepec,Mexico
20.3111,-101.5025,Heroes de Chapultepec (Rodeo de San Antonio),Michoacan
19.4462,-99.343,Barrio San Miguel Dorami,Mexico
18.9875,-99.4133,Santa Ana,Mexico
18.985,-98.3244,Santa Martha Hidalgo,Puebla
17.5272,-99.2658,Cuonetzingo,Guerrero
21.0847,-101.5536,Ladrilleras del Refugio,Guanajuato
17.2183,-95.9331,La Candelaria,Oaxaca
17.9678,-93.3281,Habanero 1ra. Seccion (Venustiano Carranza),Tabasco
16.4764,-94.0806,Nueva Tenochtitlan (Rizo de Oro),Chiapas
17.6556,-92.4439,Buena Vista (Apasco),Tabasco
21.7097,-105.3542,Canada del Tabaco,Nayarit
18.9775,-98.3969,San Martin Tlamapa,Puebla
17.9719,-94.895,Fraccionamiento Santa Cruz,Veracruz
17.6717,-96.0908,San Antonio las Palmas,Oaxaca
18.2469,-93.1853,Gobernadores,Tabasco
20.9678,-101.3025,San Jose de Cervera,Guanajuato
17.1919,-91.6292,Cristobal Colon,Chiapas
17.7964,-97.7569,Vista Hermosa,Oaxaca
20.5019,-100.2642,Los Cues,Queretaro
24.2931,-107.1594,Estacion Obispo,Sinaloa
17.6753,-99.2956,Hueyitlalpan,Guerrero
19.0781,-99.6542,Colonia Azteca,Mexico
17.6203,-101.4589,Colonia Aeropuerto,Guerrero
20.0647,-98.7586,El Venado,Hidalgo
19.0544,-97.8533,San Lorenzo Joya de Rodriguez,Puebla
15.5503,-93.0931,Joaquin Miguel Gutierrez (Margaritas),Chiapas
19.6107,-99.985,Guadalupe Cote,Mexico
19.4725,-100.3553,Valle Verde,Michoacan
17.84,-92.4889,Nueva Division del Bayo (Guatemala),Tabasco
19.7725,-97.4869,Gomez Poniente,Puebla
18.8942,-98.0325,La Trinidad Tianguismanalco,Puebla
21.4139,-98.8469,Temalacaco,San Luis Pot
17.0719,-92.5981,Chiquinshulum,Chiapas
19.3981,-99.5897,La Y,Mexico
18.8742,-98.9697,Narciso Mendoza,Morelos
21.6161,-97.6614,Cucharas,Veracruz
18.9692,-97.0242,Santa Lucia Potrerillo,Veracruz
25.9772,-109.2511,San Isidro,Sinaloa
16.8656,-92.6053,Chicumtantic,Chiapas
16.7892,-92.4769,Matzam,Chiapas
19.0817,-98.0978,Primero de Mayo,Puebla
19.9892,-101.6458,San Lorenzo,Michoacan
21.9922,-102.3436,Paseos de las Haciendas [Fraccionamiento],Aguascalient
27.6183,-113.4536,Las Margaritas,Baja Califor
16.8636,-92.3122,El Tzay,Chiapas
23.6614,-110.4208,Meliton Albanez Dominguez,Baja Califor
20.5028,-103.2208,El Muey,Jalisco
19.3331,-98.2256,La Candelaria Teotlalpan,Tlaxcala
17.0017,-96.7486,San Isidro Monjas,Oaxaca
19.1336,-96.1814,Hacienda Sotavento,Veracruz
21.0222,-101.6892,El CERESO,Guanajuato
18.9397,-97.2439,Texmola,Veracruz
16.7003,-93.0264,Las Flechas,Chiapas
14.866,-92.2971,Llano de la Lima,Chiapas
21.01,-102.1978,Colonia Veintitres de Mayo,Jalisco
21.9272,-99.1028,La Lima,San Luis Pot
19.8333,-99.2094,Casa Nueva,Mexico
18.7911,-97.6692,Ocotlan de Venustiano Carranza,Puebla
21.2211,-102.3044,Mezquitic de la Magdalena,Jalisco
16.72,-96.64,Praxedis de Guerrero,Oaxaca
17.9703,-96.1572,Arroyo Choapam,Oaxaca
22.7481,-102.4811,Martinez Dominguez,Zacatecas
20.1947,-98.1517,San Francisco Atotonilco,Hidalgo
19.6989,-98.5778,Santa Clara,Hidalgo
19.4614,-99.8783,Laguna de Tabernillas (El Resbaloso),Mexico
19.7825,-97.3403,San Martin,Puebla
19.3281,-101.7536,Istaro,Michoacan
17.7128,-98.9819,Xocoyolzintla,Guerrero
18.0283,-96.2081,Camelia Roja,Oaxaca
19.1397,-97.0531,El Palmar,Puebla
19.8724,-97.5942,Los Cristales (Talican),Puebla
19.7128,-97.6528,Emilio Carranza (Santa Cruz),Puebla
18.1406,-96.4614,Benito Juarez II (San Martin),Oaxaca
18.3496,-99.8564,Colonia el Pedregal,Guerrero
18.9025,-99.7756,Primera de Analco,Mexico
18.9781,-99.6606,San Lucas,Mexico
19.8142,-97.3445,Ixticpan,Puebla
17.7897,-95.7703,Arenal Santa Ana,Veracruz
16.7522,-98.7306,Jolotichan,Guerrero
19.4106,-99.9217,Colonia Doctor Gustavo Baz,Mexico
19.3186,-98.2639,Zaragoza,Tlaxcala
19.4358,-99.5583,Barrio de la Barranca,Mexico
20.7289,-102.8608,Tierras Coloradas,Jalisco
22.2278,-100.9642,Fraccion Milpillas,San Luis Pot
20.5261,-100.8778,Colonia Pedro Maria Anaya,Guanajuato
19.6908,-103.2828,Soyatlan de Afuera,Jalisco
19.4852,-99.3298,La Rosa,Mexico
18.4975,-96.5472,Arroyo de Enmedio,Oaxaca
20.6736,-100.3603,Ninguno [CERESO],Queretaro
18.3425,-100.6344,Querendas,Guerrero
19.8742,-97.5808,Santa Cruz Xaltetela,Puebla
20.5222,-100.9197,El Chinaco (El Pujido),Guanajuato
19.8089,-98.9725,Ex-Hacienda de Guadalupe,Mexico
18.7544,-98.9161,Unidad Habitacional 10 de Abril,Morelos
19.7261,-99.0903,Colonia los Aguiluchos,Mexico
24.4942,-107.3178,Miguel Valdez Quintero (El Corazon),Sinaloa
20.0663,-97.9475,Toxtla,Puebla
19.2331,-97.7283,San Jose Ozumba,Puebla
19.0628,-98.39,San Miguel Papaxtla,Puebla
19.9825,-99.3414,Monte Alegre,Hidalgo
31.9014,-116.5478,Salvador Rosas Magallon,Baja Califor
19.4142,-99.5372,Barrio de San Juan,Mexico
21.8706,-102.35,La Loma de los Negritos,Aguascalient
17.6336,-101.4664,Villa Hermosa (Las Pozas),Guerrero
19.3704,-99.3516,Cerro de San Francisco,Mexico
19.3231,-98.2739,Fraccionamiento la Virgen,Tlaxcala
17.7361,-99.1772,Tlaltempanapa,Guerrero
19.5597,-97.66,Guadalupe Victoria,Puebla
17.5597,-92.929,Eureka y Belen,Tabasco
25.7397,-100.1344,Paseo de San Javier,Nuevo Leon
17.9435,-93.3615,La Peninsula,Tabasco
19.3169,-99.7289,El Porvenir I,Mexico
32.3514,-115.0658,Ejido Patzcuaro,Baja Califor
20.6475,-101.3956,Fraccionamiento las Liebres,Guanajuato
16.8908,-92.4579,Chixtontic,Chiapas
19.4864,-99.5989,La Canada,Mexico
19.3348,-98.2269,Santiago Tepeticpac,Tlaxcala
17.9537,-92.8907,Gaviotas Sur (El Cedral),Tabasco
18.9322,-99.0253,Lazaro Cardenas (El Empalme),Morelos
19.3733,-99.3756,Barrio de Canales,Mexico
19.7083,-98.86,Cozotlan Norte,Mexico
18.2549,-93.5562,Encrucijada 3ra. Seccion (Las Calzadas),Tabasco
18.3042,-92.4314,Chichicastle 1ra. Seccion,Tabasco
18.1577,-92.9937,Corriente 1ra. Seccion,Tabasco
19.8703,-100.9778,Tzintzimeo,Michoacan
16.2475,-91.9628,Francisco Sarabia,Chiapas
17.8292,-93.9339,Francisco Rueda,Tabasco
15.6342,-92.1447,Agua Zarca,Chiapas
23.1889,-103.1311,Tapias de Santa Cruz (Pedro Ruiz Gonzalez),Zacatecas
19.6781,-100.5764,Rincon de Cedenos (Rincon de Dolores),Michoacan
19.5881,-96.9786,Piletas,Veracruz
20.075,-102.2683,El Sauz de Abajo,Michoacan
20.4067,-103.5417,Villa de los Ninos,Jalisco
18.0419,-96.5139,Santo Tomas,Oaxaca
19.7561,-97.3569,San Antonio,Puebla
18.3014,-93.2094,Norte 1ra. Seccion (San Julian),Tabasco
20.88,-100.7786,Santa Teresita de Don Diego,Guanajuato
18.6956,-97.1647,Mexcala,Veracruz
17.2636,-98.7486,Tlacoapa,Guerrero
20.1232,-97.6542,Vicente Guerrero,Puebla
25.6472,-108.6492,Colonia 24 de Febrero,Sinaloa
16.7107,-92.7934,Apas,Chiapas
17.3419,-98.9492,Zoquitlan,Guerrero
19.4847,-99.2785,Ejido del Tejocote,Mexico
20.0912,-97.6303,Lipuntahuaca,Puebla
19.3194,-100.0747,San Martin Obispo (San Martin San Pedro),Mexico
18.7833,-97.2022,Taza de Agua Ojo Zarco,Veracruz
20.8581,-101.3175,Los Nicolases,Guanajuato
20.2989,-98.6894,La Estancia,Hidalgo
16.8064,-92.6101,Muquen,Chiapas
17.4832,-99.4155,Tepechicotlan,Guerrero
19.3458,-99.7709,El Tepetatal,Mexico
20.4267,-103.1989,Valle de los Girasoles [Fraccionamiento],Jalisco
19.3006,-99.5228,Colonia Isidro Fabela,Mexico
16.8456,-93.0164,El Palmar (San Gabriel),Chiapas
15.1206,-92.44,Primer Canton,Chiapas
18.81,-98.9825,Puxtla,Morelos
19.1492,-98.4419,San Juan Pancoac,Puebla
20.6003,-100.1183,Purisima de Cubos (La Purisima),Queretaro
15.055,-92.1911,Benito Juarez,Chiapas
16.98,-91.4911,El Sibal,Chiapas
19.6961,-99.3003,La Concepcion,Mexico
19.6814,-102.1119,Santa Maria Urapicho,Michoacan
19.2142,-96.2144,Colonia Chalchihuecan,Veracruz
17.1264,-93.275,Angel Albino Corzo (Guadalupe),Chiapas
22.925,-100.4589,Entronque de Matehuala (El Huizache),San Luis Pot
16.9947,-95.0367,Estacion Mogone,Oaxaca
19.8133,-97.5803,El Molino,Puebla
19.9883,-101.2519,San Jose Cuaro,Michoacan
16.8761,-92.4914,Chacoma,Chiapas
16.9581,-98.7308,El Potrerillo (Potrerillo del Rincon),Guerrero
19.5489,-102.4586,Gildardo Magana (Los Angeles),Michoacan
19.8119,-97.3236,Santiago,Puebla
18.3153,-99.5672,Fermin Rabadan Cervantes,Guerrero
19.5644,-99.4242,Colonia Palma,Mexico
25.8769,-109.0442,Goros Numero Dos,Sinaloa
23.9575,-104.0739,Orizaba,Durango
19.4292,-100.0747,Barrio los Tules,Mexico
16.8492,-92.6594,Majomut,Chiapas
17.5003,-92.4381,Usipa,Chiapas
25.8831,-109.0092,Gabriel Leyva Solano (Zapotillo Dos),Sinaloa
18.9225,-99.1628,Tetecolala,Morelos
20.3686,-100.0125,Vista Hermosa (Cuasinada),Queretaro
22.1108,-100.7958,Ciudad Satelite,San Luis Pot
20.7911,-103.3511,San Isidro,Jalisco
17.8357,-92.6066,Monte Largo 1ra. Seccion,Tabasco
19.3697,-98.4772,San Francisco Tlaloc,Puebla
19.3792,-99.6928,Colonia Aviacion Autopan,Mexico
22.2036,-101.0358,Paisanos,San Luis Pot
19.5328,-97.8975,San Jose Villarreal,Tlaxcala
30.7472,-116.0031,Poblado Chulavista (El Chorizo),Baja Califor
20.7111,-100.7808,Las Trojas,Guanajuato
19.3806,-99.345,Paraje la Pera,Mexico
19.7669,-101.1547,Conjunto Habitacional el Trebol,Michoacan
27.2958,-110.0375,31 de Octubre,Sonora
20.2861,-98.3475,Estacion de Apulco,Hidalgo
20.0039,-97.8664,San Jeronimo Coaltepec,Puebla
18.7994,-97.7367,La Laguna,Puebla
20.115,-98.7119,Rio de la Soledad,Hidalgo
25.6836,-103.0686,Tacubaya,Coahuila
17.9323,-93.3647,Benito Juarez (La Playita),Tabasco
20.225,-97.5931,Lazaro Cardenas (Santana),Veracruz
14.9256,-92.3653,Nuevo Pumpuapa (Cereso),Chiapas
20.7408,-101.3353,Ex-Hacienda del Copal,Guanajuato
20.3253,-99.0239,Dextho de Victoria,Hidalgo
25.4947,-108.3775,Javier Rojo Gomez,Sinaloa
16.7281,-92.9775,Juan del Grijalva,Chiapas
15.0981,-92.4981,Colonia Obrera,Chiapas
17.1958,-93.2075,San Pablo Huacano,Chiapas
20.0325,-97.9025,Jilotzingo,Puebla
17.2622,-92.4069,Cantioc,Chiapas
32.1661,-114.9617,Nuevo Michoacan (Estacion Riito),Sonora
18.2822,-95.2144,Abrevadero,Veracruz
18.805,-98.4836,Tronconal,Puebla
19.1897,-99.41,La Magdalena de los Reyes (La Magdalena),Mexico
21.9772,-103.525,Temastian (La Cantera),Jalisco
19.2361,-100.08,Polvillos (San Bartolo Quinta Seccion),Mexico
19.8081,-97.3458,Cuaxoxpan,Puebla
20.5361,-101.0,Fraccionamiento Praderas de la Venta,Guanajuato
16.8764,-92.4611,Sibanilja Pocolum,Chiapas
23.8389,-103.0786,Los Condes,Zacatecas
23.0642,-109.6683,La Playa,Baja Califor
19.6772,-99.2461,San Pablo de los Gallos,Mexico
16.5783,-98.8014,El Polvorin,Guerrero
17.7307,-92.62,Buena Vista (Puxcatan),Tabasco
19.3406,-97.165,San Antonio Xoquitla,Veracruz
19.1669,-99.4064,El Aguila (La Mesa),Mexico
19.7247,-97.2381,Adolfo Moreno,Veracruz
16.5675,-93.8172,Merida,Chiapas
18.2258,-100.5258,Nuevo Guerrero,Guerrero
18.7853,-98.9397,Colonia las Arboledas,Morelos
19.7547,-97.5775,Morelos,Puebla
19.7647,-97.3142,Cuauhtamingo,Veracruz
17.4258,-98.7189,Santa Anita,Guerrero
25.6894,-108.3628,Orba (Infiernito),Sinaloa
17.9528,-93.6908,Paso de la Mina 2da. Seccion (Barrial),Tabasco
19.3672,-98.5831,Ignacio Manuel Altamirano,Puebla
22.3406,-101.7853,Rancho Nuevo de Morelos (De Guadalupe),Zacatecas
18.8567,-97.5753,San Isidro Monterrosas,Puebla
17.1944,-100.6692,Villa Rotaria,Guerrero
16.2428,-91.9878,Buenavista,Chiapas
20.0083,-99.3203,La Amistad,Hidalgo
19.9411,-100.2231,Atotonilco,Michoacan
19.725,-97.2722,Veintiuno de Agosto,Veracruz
18.1672,-93.2358,Oriente 6ta. Seccion (Los Mulatos),Tabasco
16.5256,-92.9922,Ignacio Allende,Chiapas
20.5992,-101.5428,Las Masas (La Luz Masas),Guanajuato
18.9725,-99.6528,La Joya,Mexico
18.5814,-97.2247,Rancho Nuevo,Puebla
17.4061,-91.9836,Belisario Dominguez,Chiapas
19.2386,-99.2394,Lomas de Tepemecatl,Mexico City
18.7714,-99.3414,El Mirador,Morelos
18.1186,-94.5661,Residencial las Olas,Veracruz
17.5447,-99.2769,Zoquiapa,Guerrero
19.3881,-99.4889,Colonia Reforma Tlalmimilolpan,Mexico
20.1947,-101.2364,San Andres Enguaro,Guanajuato
14.8638,-92.2797,Cebadilla 1ra. Seccion,Chiapas
19.8739,-100.1178,Zaragoza (Puerto de Medina),Michoacan
18.9569,-99.1144,San Andres de la Cal,Morelos
17.4225,-98.9994,Ixcatla,Guerrero
19.2231,-97.3383,Cuauhtemoc,Puebla
16.7572,-91.615,Las Tazas,Chiapas
21.9592,-98.6503,Ejido los Huastecos,San Luis Pot
22.2689,-101.0081,Estanzuela,San Luis Pot
18.7758,-96.7772,San Jose de Abajo,Veracruz
19.1962,-97.4386,Alamos Tepetitlan,Puebla
20.4739,-101.0975,San Bernardo,Guanajuato
19.0356,-102.4428,Loma de los Hoyos,Michoacan
19.8247,-97.4442,Atzalan,Puebla
19.7958,-97.4972,Tepeteno de Iturbide,Puebla
20.3486,-87.3531,Ciudad Chemuyil,Quintana Roo
21.5653,-98.9803,Tandzumadz,San Luis Pot
17.2678,-99.4931,Cajelitos,Guerrero
18.4564,-96.9406,Huitzmaloc,Puebla
19.8466,-97.4853,Pezmatlan,Puebla
20.4703,-100.815,Santa Anita,Guanajuato
20.9456,-103.0222,Lazaro Cardenas,Jalisco
22.1433,-102.0014,El Copetillo,Zacatecas
16.8536,-99.5894,Apalani,Guerrero
19.4531,-100.0353,Barrio el Vivero,Mexico
16.9642,-100.0017,El Embarcadero,Guerrero
17.5548,-99.2008,Tlacoaxtla,Guerrero
19.5067,-99.5839,Tierra Blanca,Mexico
19.6186,-102.4844,La Higuerita (Colonia San Rafael),Michoacan
25.4619,-108.4783,Buen Retiro (El Retiro),Sinaloa
31.8817,-116.5439,Colonia Gomez Morin,Baja Califor
32.4031,-117.0306,Colinas del Sol,Baja Califor
18.7872,-99.2994,Xochicalco (Cirenio Longares),Morelos
23.8272,-103.0767,Tierra Blanca,Zacatecas
20.8581,-101.2728,Zangarro (Zangarro Nuevo),Guanajuato
18.9741,-98.1585,Articulo Primero Constitucional,Puebla
25.5142,-103.505,Alvaro Obregon,Durango
18.9481,-99.5842,Pueblo Nuevo,Mexico
16.9386,-99.33,Villa Hermosa,Guerrero
17.5356,-95.8936,Ignacio Zaragoza,Oaxaca
19.8478,-97.4231,Cala Norte,Puebla
17.1825,-99.2264,Xochitepec,Guerrero
19.1853,-99.5028,Colonia la Libertad,Mexico
19.2025,-98.9178,Lomas de San Pablo,Mexico
16.815,-99.6683,San Pedro Cacahuatepec,Guerrero
18.0486,-92.7775,Acachapan y Colmena 3ra. Seccion,Tabasco
19.5689,-99.4089,Ejido Palma (Ejido San Francisco),Mexico
18.2811,-100.6003,Sinahua,Guerrero
19.6883,-100.6092,Colonia Ecologica Asociacion de Lucha Social (Lucha Social),Michoacan
18.451,-97.0299,Coxolico,Puebla
16.7883,-92.635,Saclamanton,Chiapas
20.1472,-98.6161,San Antonio el Paso,Hidalgo
19.1242,-99.5808,Colonia Emiliano Zapata,Mexico
19.8697,-101.0231,Lazaro Cardenas (La Purisima),Michoacan
19.6786,-100.6239,San Lucas Huarirapeo (La Mesa de San Lucas),Michoacan
18.0786,-93.3506,Miguel Hidalgo 2da. Seccion B (La Natividad),Tabasco
19.9958,-99.1494,Colonia Juarez,Mexico
18.5772,-98.5583,San Juan Colon,Puebla
25.6431,-108.2333,Alfredo V. Bonfil (Siete Ejidos),Sinaloa
20.03,-98.2819,San Juan Hueyapan,Hidalgo
20.6039,-100.2403,Paseos del Marques,Queretaro
18.5583,-98.8469,Ixtlilco el Chico,Morelos
18.935,-98.7525,Ocoxaltepec,Morelos
19.0394,-98.9436,Felipe Neri (Cuatepec),Morelos
21.9222,-102.2375,Cumbres III,Aguascalient
18.9158,-96.9911,Fraccionamiento Villas de la Llave,Veracruz
16.6922,-99.6339,San Andres Playa Encantada (El Podrido),Guerrero
19.4939,-99.3744,Barrio de Ensido,Mexico
22.0372,-101.9592,Pilotos,Aguascalient
19.5822,-100.4689,Santa Ana,Michoacan
20.9917,-101.8519,Fraccionamiento Villa Jardin,Guanajuato
25.7472,-100.1197,Lomas de San Martin,Nuevo Leon
18.2739,-96.9997,Tlixco,Puebla
19.8239,-100.8269,Santa Clara del Tule,Michoacan
20.5678,-100.6336,San Jose Viborillas,Guanajuato
21.1419,-100.9117,Ejido Jesus Maria,Guanajuato
20.0053,-99.3458,Colonia Sesenta y Dos,Hidalgo
19.0978,-99.5978,El Coloso,Mexico
17.2628,-93.0325,San Francisco Jacona,Chiapas
19.6433,-97.1239,Barrio de San Miguel,Veracruz
19.3214,-100.2128,Barrio Chiquichuca,Mexico
20.1559,-97.6156,Putlunichuchut (Vista Hermosa),Puebla
17.4353,-91.9319,Doctor Samuel Leon Brindis,Chiapas
17.6296,-99.2274,Ahuihuiyuco,Guerrero
22.9119,-102.4183,Santa Rita,Zacatecas
16.7803,-92.7378,Catishtic,Chiapas
22.1894,-104.2408,San Andres Cohamiata,Jalisco
17.2792,-97.6742,Barrio San Diego,Oaxaca
20.0764,-98.3997,Fraccionamiento del Magisterio Tulancinguense,Hidalgo
18.9317,-99.0389,Colonia Obrera,Morelos
20.7161,-105.2231,Banus Vallarta (Verde Vallarta),Jalisco
19.1722,-99.4039,San Juan Tomasquillo Herradura,Mexico
20.5981,-97.4169,Residencial Tajin,Veracruz
22.3036,-101.8206,Colonia San Francisco (San Francisco),Zacatecas
25.5572,-103.3436,Fraccionamiento la Noria,Coahuila
16.8286,-98.9856,Ahuacachahue (Ndog'yo Itun Tichi),Guerrero
19.4883,-97.6772,Progreso,Puebla
20.9908,-97.3936,Banderas,Veracruz
19.8439,-97.3356,Ixtahuiata (La Legua),Puebla
16.7653,-92.5675,Romerillo,Chiapas
17.2303,-93.0603,San Isidro las Banderas,Chiapas
20.0836,-97.4936,Tepetitan Reyeshogpan de Hidalgo,Puebla
19.1647,-101.9161,La Iberica (La Gotera),Michoacan
20.3531,-99.0122,Cerritos,Hidalgo
20.1903,-99.2828,Colonia San Juan,Hidalgo
20.0192,-97.3647,El Progreso,Puebla
18.3942,-92.7998,Alvaro Obregon (Santa Cruz),Tabasco
16.9819,-100.095,Las Lomas,Guerrero
27.1167,-109.4672,Los Bahuises,Sonora
18.12,-92.7983,Jolochero 2da. Seccion,Tabasco
16.92,-98.1669,La Soledad,Guerrero
20.2753,-101.5756,La Calera (Nacimientos),Michoacan
15.6469,-92.1564,El Triunfo de las Tres Maravillas,Chiapas
18.2547,-93.1347,Potrerillo,Tabasco
17.4264,-98.8059,San Pedro Huitzapula Norte (Huitzapula Norte),Guerrero
16.8828,-92.5681,Tzoeptic,Chiapas
19.6081,-97.7106,La Union Ejido Mexcaltepec,Puebla
18.9642,-98.3139,Francisco Sarabia,Puebla
16.6464,-92.5433,Mitziton,Chiapas
17.5044,-99.095,Alcozacan,Guerrero
21.3797,-101.9014,Granadillas (La Colonia),Jalisco
17.375,-98.3375,Tlahuapa,Guerrero
18.9294,-99.4344,Plaza Nueva,Mexico
18.0192,-92.8694,La Manga 2da. Seccion (El Jobal),Tabasco
20.4703,-100.8039,Los Mancera,Guanajuato
22.3542,-100.1919,Palo Seco (El Gato),San Luis Pot
16.7628,-98.1822,Colonia Renacimiento,Guerrero
20.4881,-103.5497,Santa Cruz de la Loma (Tepetates),Jalisco
19.7722,-101.1306,Fraccionamiento Laureles Erendira,Michoacan
18.1836,-98.0461,Las Nieves,Puebla
19.2982,-99.8088,Colonia Bellavista,Mexico
18.2783,-93.1287,Nicolas Bravo 5ta. Seccion (Punta Brava),Tabasco
20.1514,-98.4486,Almoloya,Hidalgo
20.6,-100.2389,La Loma,Queretaro
16.9575,-92.5036,Yibeljoj,Chiapas
19.3697,-98.5547,San Pedro Matamoros,Puebla
32.1008,-116.8692,Santa Anita,Baja Califor
19.8906,-98.8167,Colonia Morelos,Hidalgo
19.4486,-100.3272,La Mesa (La Mesa de Cedano),Michoacan
19.3939,-97.7594,Rancheria de Pocitos,Tlaxcala
19.4803,-99.9606,San Roque,Mexico
16.9278,-92.1136,Patria Nueva (San Jose el Contento),Chiapas
19.0219,-97.8103,San Cristobal Hidalgo,Puebla
20.9267,-98.5633,San Andres (San Andres Chichayotla),Hidalgo
18.6522,-99.2214,San Antonio Chiverias,Morelos
19.9808,-99.1636,Colonia 3 de Mayo (La Cruz),Mexico
19.4115,-99.3856,La Glorieta,Mexico
21.6747,-98.9275,Ejido San Jose Xilatzen,San Luis Pot
18.1617,-100.315,Villa Hidalgo (El Cubo),Guerrero
19.4633,-99.5886,La Magdalena Tenexpan,Mexico
17.8097,-96.2169,Vega del Sol,Oaxaca
17.8081,-99.4514,Tlanipatla,Guerrero
17.2281,-97.8808,San Martin Itunyoso,Oaxaca
16.7772,-92.7042,Cuchulumtic,Chiapas
19.6936,-99.7919,Barrio la Teneria,Mexico
17.2267,-98.4242,San Rafael,Guerrero
22.3253,-101.2617,Paso Bonito,San Luis Pot
18.0614,-96.5183,Playa Chica,Oaxaca
21.37,-98.9417,Iztacapa,San Luis Pot
18.7494,-97.2183,Acatla,Veracruz
19.6522,-99.3687,Loma de Guadalupe (La Biznaga),Mexico
20.1417,-98.4322,Metepec Primero,Hidalgo
19.8206,-97.4672,Tanhuixco,Puebla
19.2261,-98.1875,Guadalupe Hidalgo,Tlaxcala
19.3514,-99.3567,El Palacio,Mexico
23.9003,-106.9311,Empaque Tarriba,Sinaloa
21.3547,-98.9214,Zapuyo,San Luis Pot
17.8661,-96.3086,Cerro Armadillo Grande,Oaxaca
18.115,-95.7661,Estacion Dobladero,Veracruz
22.3653,-101.0656,Puerto de Providencia,San Luis Pot
25.6011,-108.2236,Estacion Capomas,Sinaloa
18.4439,-95.2433,Los Pinos,Veracruz
18.6656,-96.4975,Huixcolotla,Veracruz
19.4461,-98.9047,Colonia Lazaro Cardenas,Mexico
19.9088,-97.9347,San Miguel Tenango,Puebla
17.2175,-92.5569,El Calvario,Chiapas
23.9644,-104.5181,Jose Refugio Salcido,Durango
19.6825,-98.5764,Jose Maria Morelos (San Jose),Hidalgo
19.1792,-98.3983,Los Encinos,Puebla
20.0983,-98.7003,Privada del Alamo,Hidalgo
15.8219,-96.3183,Cuapinolito (Azulillo),Oaxaca
20.6481,-100.9647,Los Dulces Nombres,Guanajuato
19.2294,-97.7975,Colonia Obrera,Puebla
19.7878,-97.3792,Seccion 23,Puebla
18.8033,-98.9003,Mixtlalcingo,Morelos
19.8234,-97.8183,Zoyatitla,Puebla
18.4683,-95.22,Tonalapan,Veracruz
23.8117,-104.0244,Gabriel Hernandez (Mancinas),Durango
25.655,-107.9578,Higuera de los Vega,Sinaloa
18.4678,-95.2381,San Isidro Xoteapan (San Isidro Texcaltitan),Veracruz
17.535,-98.3483,La Luz de Juarez,Guerrero
19.7067,-100.5353,Colonia Aquiles Cordoba Moran,Michoacan
18.1517,-92.8988,Banderas (Guatacalca 2da. Seccion),Tabasco
22.3008,-102.0386,Ejido Hidalgo,Zacatecas
19.1536,-90.5056,Maya Tecun I,Campeche
17.6222,-99.2278,Tepozcuautla,Guerrero
30.9689,-116.1586,La Providencia,Baja Califor
19.42,-100.0997,Barrio la Joya,Mexico
19.2833,-99.8092,Loma de San Francisco,Mexico
17.3414,-91.8764,Arimatea,Chiapas
20.6528,-101.3931,Las Huertas Tercera Seccion,Guanajuato
21.7447,-101.8261,Francisco Primo de Verdad (Cienega de Mata),Jalisco
17.9003,-93.0292,Pablo L. Sidar,Tabasco
20.4439,-100.7719,San Jose el Nuevo,Guanajuato
18.8947,-100.9467,Paso de Nunez (Buenavista),Michoacan
16.9731,-98.2517,San Pedro Cuitlapan,Guerrero
21.4425,-98.9492,La Herradura,San Luis Pot
16.1367,-91.3219,Santo Domingo de las Palmas,Chiapas
20.1658,-99.9144,El Mogote,Mexico
19.8277,-99.1244,Colonia Wenceslao Labra,Mexico
20.1769,-96.8958,Cementeras del Pital,Veracruz
16.9158,-92.5039,Puebla,Chiapas
16.7397,-92.3092,Tzopilja,Chiapas
20.2317,-98.2553,Tonalixco,Puebla
20.2386,-97.6819,Cerro Grande,Veracruz
18.2642,-93.2031,Oriente 1ra. Seccion (Santo Domingo),Tabasco
16.6067,-93.5619,Quintana Roo,Chiapas
18.9208,-96.9258,El Porvenir,Veracruz
19.3914,-99.6581,Barrio del Cajon,Mexico
20.905,-97.6294,Hidalgo Amajac,Veracruz
18.9722,-99.5919,Tierra Blanca,Mexico
19.7564,-97.3216,Tomaquilapa,Puebla
18.6322,-91.0028,Licenciado Gustavo Diaz Ordaz (18 de Marzo),Campeche
17.5156,-99.1525,Zizicazapa,Guerrero
20.645,-100.4208,Sergio Villasenor,Queretaro
20.9908,-101.4856,San Miguel del Arenal,Guanajuato
18.4913,-97.129,Cuatro Caminos,Puebla
20.1694,-100.1911,La Soledad,Queretaro
21.3681,-98.7192,Chiconamel,San Luis Pot
18.9197,-96.9636,San Jose de Abajo [Unidad Habitacional],Veracruz
17.4394,-98.7217,Patlicha,Guerrero
19.6917,-99.1072,San Antonio Xahuento,Mexico
18.9264,-99.0297,Colonia Angel Bocanegra (Adolfo Lopez Mateos),Morelos
22.3297,-102.0358,Colonia Hidalgo (El Tecolote),Zacatecas
19.0364,-97.8119,Carmen Serdan,Puebla
19.9392,-98.7656,Colonia Guadalupe,Hidalgo
15.6692,-92.2386,Emiliano Zapata,Chiapas
20.4617,-101.4825,San Bernardo Pena Blanca,Guanajuato
17.585,-99.9544,Izotepec,Guerrero
17.7397,-99.2458,Rancho de las Lomas,Guerrero
16.8825,-96.1614,San Juan del Rio,Oaxaca
18.2161,-96.3367,Arroyo Chical (Nuevo Arroyo Chicali),Oaxaca
17.2256,-92.5267,Buenavista,Chiapas
16.9156,-92.4728,Tres Cerros,Chiapas
17.5267,-98.6556,Atlamajalcingo del Rio,Guerrero
19.0497,-97.0411,Xalatlaco,Veracruz
25.8914,-109.0422,CERESO Nuevo,Sinaloa
17.0547,-98.8097,Pascala del Oro,Guerrero
25.5981,-108.4494,Ladrilleras de Ocoro,Sinaloa
20.7853,-103.4614,Puerta del Llano,Jalisco
19.7227,-99.9626,El Obraje,Mexico
17.29,-92.9381,Ignacio Zaragoza,Chiapas
17.0383,-99.2006,El Refugio,Guerrero
17.2894,-92.6283,Majastic,Chiapas
20.2308,-101.4336,Las Letras,Michoacan
20.6375,-100.3331,El Pozo,Queretaro
18.3292,-93.1853,Oriente 2da. Seccion (Palma Huaca),Tabasco
22.1628,-102.0947,Molinos,Aguascalient
32.5419,-116.6361,Maclovio Herrera (Colonia Aviacion),Baja Califor
16.7317,-98.3367,Cumbre de Barranca Honda,Guerrero
19.2025,-99.5808,Colonia Arboledas (San Andres),Mexico
19.6872,-99.1722,Fraccion San Roque (El Prieto),Mexico
18.9953,-97.8319,San Cristobal los Nava,Puebla
21.1153,-101.5511,Lucio Blanco (Los Gavilanes),Guanajuato
14.8572,-92.2582,Los Palacios,Chiapas
20.9189,-98.3256,Oxeloco,Hidalgo
19.8825,-100.1397,El Cesped,Michoacan
19.7553,-98.0819,San Antonio Matlahuacales,Puebla
16.9886,-95.0128,Piedra Blanca,Oaxaca
20.5144,-100.6725,La Purisima,Guanajuato
25.8183,-100.4025,Praderas de San Francisco,Nuevo Leon
25.8219,-103.1947,Alejo Gonzalez (Bilbao),Coahuila
20.5283,-100.8794,Colonia Patria Nueva,Guanajuato
20.5667,-103.2189,Colonia Guadalupana,Jalisco
19.843,-97.5956,Xalticpac,Puebla
19.5844,-99.9891,Santa Ana Nichi Ejido,Mexico
17.88,-92.7231,Tequila 1ra. Seccion (La Aurora),Tabasco
21.4661,-101.8272,Primero de Mayo (Chupaderos),Jalisco
21.0219,-100.3925,Prados del Rosario,Guanajuato
16.9967,-92.2967,San Antonio Bulujib,Chiapas
21.2819,-100.5372,San Ignacio,Guanajuato
19.7344,-98.7911,Colonia los Remedios,Mexico
20.7456,-100.9636,San Antonio de Corrales,Guanajuato
20.2875,-100.8772,El Salvador (Ranchito San Jose del Carmen),Guanajuato
25.11,-107.9011,Potrero de los Sanchez (Estacion Techa),Sinaloa
18.1867,-93.2294,Oriente 2da. Seccion (San Cayetano),Tabasco
19.4964,-99.2908,Rincon Verde,Mexico
24.9092,-107.4519,La Palmita y Anexos (La Presita),Sinaloa
19.3858,-99.6872,San Carlos Autopan,Mexico
20.6322,-100.4769,Patria Nueva,Queretaro
16.7169,-92.8267,Zequentic,Chiapas
25.7989,-103.3736,Eureka de Media Luna (Eureka),Durango
20.0372,-99.6417,San Vicente (Calpulalpan Tercera Manzana),Mexico
26.0802,-106.7797,Las Yerbitas [Aserradero],Chihuahua
20.64,-101.4014,San Jose de Bernalejo (El Guayabo),Guanajuato
17.1078,-93.0669,Buenavista (Matasanos),Chiapas
17.2461,-91.9331,Rio Jordan,Chiapas
17.3781,-98.8467,Escalerilla Lagunas,Guerrero
19.5569,-97.7719,El Mirador,Puebla
18.2933,-95.2211,Cuesta de Laja,Veracruz
18.4446,-92.8841,La Sabana,Tabasco
19.3294,-98.2453,La Trinidad Chimalpa,Tlaxcala
19.1444,-98.7867,La Colonia,Mexico
19.0831,-96.0978,Playa de la Libertad,Veracruz
19.4992,-100.355,Macutzio,Michoacan
17.5831,-95.7772,San Lorenzo,Oaxaca
17.1125,-96.7772,Fraccionamiento Riberas de San Jeronimo,Oaxaca
27.468,-113.2999,El Silencio,Baja Califor
18.9431,-97.2875,Santa Cruz Texmalaquilla,Puebla
18.9244,-97.73,Lomas de Santa Cruz,Puebla
20.5422,-97.4111,El Mollejon,Veracruz
17.0903,-92.3703,Tacuba Nueva,Chiapas
17.0989,-92.7875,Calido,Chiapas
20.9503,-101.2997,Paso de Pirules,Guanajuato
17.9556,-94.5611,Las Lomas,Veracruz
32.5467,-116.6172,Alfonso Garzon [Granjas Familiares],Baja Califor
21.0631,-101.6742,San Jose de Duran (Los Troncoso),Guanajuato
16.8381,-92.4753,Ococh,Chiapas
19.1431,-97.4006,Lazaro Cardenas,Puebla
27.5486,-105.4036,Boquilla de Babisas (La Boquilla de Conchos),Chihuahua
17.5367,-98.5994,Colonia Constitucion,Guerrero
18.4006,-97.0469,Chichicapa,Puebla
18.4694,-97.14,Tulimanca,Puebla
15.8986,-92.0592,Nueva Libertad (El Colorado),Chiapas
19.7733,-101.1775,El Colegio,Michoacan
16.3889,-95.202,Colonia Jordan,Oaxaca
23.3228,-103.0144,Jose Maria Morelos,Zacatecas
18.1269,-93.1906,Pechucalco 2da. Seccion (Las Cruces),Tabasco
20.0664,-98.6386,Xolostitla de Morelos (Xolostitla),Hidalgo
16.6775,-93.2494,La Independencia (Las Pilas),Chiapas
19.7131,-99.2497,Colonia Guadalupe,Mexico
16.6761,-92.4892,Lazaro Cardenas (Chilil),Chiapas
18.3467,-95.2339,Cuesta Amarilla,Veracruz
20.0105,-97.6345,Ignacio Allende (Concepcion),Puebla
30.6217,-115.9658,Ejido General Leandro Valle,Baja Califor
19.2547,-99.4792,El Llano del Compromiso,Mexico
18.0764,-96.5442,Arroyo Zapotillo,Oaxaca
21.3767,-98.8794,Tenexio,San Luis Pot
32.4628,-117.105,La Esperanza [Granjas Familiares],Baja Califor
16.7997,-92.7119,Bautista Chico,Chiapas
17.3258,-91.9264,Profresor Roberto Barrios,Chiapas
21.5964,-101.0039,San Jose de Rancho Nuevo (Los Arrieros),Guanajuato
19.5108,-101.4492,El Pedregal,Michoacan
18.9197,-98.1763,Buenavista Tetela,Puebla
16.8928,-99.5439,Barrio Nuevo de los Muertos,Guerrero
27.3403,-110.0936,Progreso (Campo 47),Sonora
19.6717,-99.3572,Colonia el Mirador,Mexico
18.3689,-95.2822,Soyata,Veracruz
20.4981,-100.8781,La Palmita (La Palmita de San Gabriel),Guanajuato
20.9794,-101.4164,Colonia Francisco Javier Mina,Guanajuato
18.7781,-102.1878,Cupuan del Rio,Michoacan
20.875,-97.46,Tierra Blanca,Veracruz
19.7858,-101.1014,Colonia Miguel Hidalgo,Michoacan
18.9403,-99.0144,Ignacio Bastida (Santa Catarina Tlayca),Morelos
16.6883,-94.9058,Santiago Ixtaltepec,Oaxaca
17.0286,-96.7775,San Francisco Javier,Oaxaca
22.3231,-101.1764,Rincon del Porvenir,San Luis Pot
18.4103,-93.2217,El Escribano,Tabasco
18.4347,-95.1658,Matacapan,Veracruz
17.3694,-98.3425,Ixcuinatoyac,Guerrero
17.6006,-101.4175,Los Achotes,Guerrero
20.0029,-97.8541,Pochalcatl,Puebla
18.5761,-98.5272,Zolonquiapa,Puebla
15.5528,-93.0069,Hermenegildo Galeana,Chiapas
19.9633,-99.5881,Octeyuco Dos Mil,Mexico
19.2764,-100.4414,Santa Ana de Guerrero (El Cascabel),Michoacan
18.1622,-93.3954,Arena 6ta. Seccion (La Bolsa),Tabasco
22.4606,-98.0083,Nuevo Cereso Regional de Altamira,Tamaulipas
17.025,-92.8342,El Ambar,Chiapas
21.1125,-101.5808,Fraccionamiento Paraiso Real,Guanajuato
20.1569,-101.3356,El Canario,Guanajuato
20.7506,-100.2356,San Miguel Amazcala,Queretaro
16.7231,-91.9678,Morelia (Victorico Rodolfo Grajales),Chiapas
17.3869,-92.8658,Reforma y Planada,Chiapas
19.2417,-97.2011,El Carmen,Puebla
18.1611,-93.1375,Boquiapa,Tabasco
20.1922,-97.5292,Santa Isabel,Veracruz
19.8008,-100.9156,Colonia de Guadalupe,Michoacan
22.1633,-101.07,Guadalupe Victoria,San Luis Pot
20.2764,-99.1522,Jagueey Blanco,Hidalgo
20.0183,-102.7369,Fraccionamiento Colinas Universidad,Michoacan
17.3872,-91.9586,Estrella de Belen,Chiapas
17.3681,-92.0608,Jerusalen,Chiapas
17.1979,-92.3811,Lazaro Cardenas,Chiapas
25.6517,-108.3864,Gambino,Sinaloa
21.7817,-102.4675,Los Canos,Aguascalient
20.0336,-98.3378,Ventoquipa,Hidalgo
19.6156,-100.3239,Colonia Independencia,Michoacan
18.9239,-96.9753,Fraccionamiento los Alamos,Veracruz
20.6081,-97.5014,La Isla (Kilometro 10),Veracruz
20.0611,-97.6886,Chipahuatlan,Puebla
18.1375,-93.2758,Rio Seco 2da. Seccion (Santiaguito),Tabasco
20.0803,-98.7328,San Cristobal Chacon,Hidalgo
21.4017,-101.8375,El Ojuelo,Jalisco
29.3639,-110.9517,Las Mercedes [Agropecuaria],Sonora
19.2633,-99.4472,Loma Bonita,Mexico
19.7842,-101.2147,Ex-Hacienda de Guadalupe,Michoacan
32.4658,-117.0369,Colinas del Sol,Baja Califor
20.4503,-99.1908,El Barrido,Hidalgo
18.9314,-97.125,Barrio de San Miguel,Veracruz
20.9619,-100.7803,Nigromante,Guanajuato
19.2408,-99.4719,Colonia el Pirame,Mexico
19.5211,-100.4833,La Soledad,Michoacan
19.8447,-97.3639,San Juan Tezongo,Puebla
16.89,-92.5314,Chimhucum,Chiapas
18.7503,-97.2417,Sierra de Agua,Veracruz
17.6078,-93.2331,El Triunfo 1ra. Seccion (Cardona),Chiapas
21.0372,-101.8247,Estacion de San Francisco,Guanajuato
19.4496,-99.3444,Chimalpa Viejo,Mexico
18.0936,-93.1661,Pechucalco,Tabasco
21.1253,-101.93,San Jose del Caliche (El Caliche),Jalisco
19.2097,-100.1192,Colonia Rincon Villa del Valle,Mexico
17.3917,-92.1044,Arroyo Palenque,Chiapas
17.2358,-92.8739,Aurora Ermita,Chiapas
17.7414,-98.5667,Coyahualco,Guerrero
20.4578,-99.2103,Cantinela,Hidalgo
15.9817,-96.4589,Los Naranjos Esquipulas,Oaxaca
22.1053,-103.2542,Las Golondrinas [Fraccionamiento],Jalisco
18.0867,-96.5162,Colonia la Central,Oaxaca
14.7819,-92.3134,Congregacion Reforma,Chiapas
18.3311,-95.2417,Los Naranjos,Veracruz
26.1314,-106.7042,Turuachi,Chihuahua
19.8911,-99.2381,Paseos de la Pradera,Hidalgo
20.0458,-97.4908,Xiloxochico de Rafael Avila Camacho,Puebla
22.2236,-101.0625,Cerrito de Jaral,San Luis Pot
18.2378,-93.0342,San Simon,Tabasco
19.7797,-101.1169,El Cuitzillo Grande,Michoacan
20.8692,-87.6031,Nuevo Xcan,Quintana Roo
19.0675,-100.0753,La Albarrada (San Francisco la Albarrada),Mexico
18.8033,-97.3942,Los Garcias,Puebla
22.84,-102.6128,Las Pilas,Zacatecas
19.6606,-101.1656,Montana Monarca (Punta Altozano),Michoacan
18.7678,-99.6925,La Concepcion (La Concha),Guerrero
18.8217,-96.8181,General Juan Jose Baz (San Jose del Corral),Veracruz
16.8436,-93.1928,Alvaro Obregon,Chiapas
17.3842,-92.5739,Chulum Cardenas,Chiapas
20.3731,-101.1125,Santa Ana,Guanajuato
19.7681,-100.2036,San Isidro,Michoacan
17.2945,-98.9674,Caxitepec,Guerrero
18.28,-93.3208,Betania,Tabasco
14.8578,-92.2639,Octavio Paz,Chiapas
20.3675,-101.9981,Estacion la Piedad,Guanajuato
19.3722,-98.6225,Santa Cruz Otlatla,Puebla
22.2375,-101.0422,Agua Senora,San Luis Pot
19.0286,-96.7836,Ejido la Pina (Maromilla),Veracruz
17.5285,-99.244,Ahuexotitlan,Guerrero
18.1542,-96.575,Cerro Quemado,Oaxaca
17.9817,-92.7823,El Bajio,Tabasco
16.8633,-92.6822,Tentic,Chiapas
19.9753,-99.9547,Doxteje Centro,Mexico
19.5589,-99.6783,Seccion del Cerrito,Mexico
22.3781,-102.0575,General Lauro G. Caloca (El Rascon),Zacatecas
19.7189,-100.6464,Tierras Coloradas (San Pedro),Michoacan
18.9306,-98.9589,Emiliano Zapata (Casahuates),Morelos
20.1286,-97.6534,Lacapan Camallagne,Puebla
15.3419,-92.7475,Jiquilpan (Estacion Bonanza),Chiapas
17.1544,-93.4333,Nuevo Naranjo,Chiapas
16.865,-99.2894,Rancho Viejo,Guerrero
20.2503,-99.9673,San Pedro Denxhi Centro,Mexico
25.6378,-100.1583,Valle de Juarez,Nuevo Leon
19.8272,-97.5542,Nexticapan,Puebla
21.1706,-100.9356,Colonia Padre Hidalgo,Guanajuato
21.0447,-101.6761,San Antonio de los Tepetates,Guanajuato
18.1889,-96.5864,San Felipe Tilpam,Oaxaca
18.6203,-98.5503,San Felix Rijo,Puebla
20.2681,-103.6647,Barranca de Otates (Barranca de Otatan),Jalisco
19.3333,-99.6769,La Planada (El Arenal),Mexico
19.5908,-98.6153,San Felipe Sultepec,Tlaxcala
20.685,-99.9561,Los Benitos,Queretaro
19.5044,-96.8644,Las Trancas,Veracruz
20.9694,-97.5281,Ojite Rancho Nuevo,Veracruz
17.7661,-96.3161,Santa Fe y la Mar,Oaxaca
20.4561,-101.0078,De Parral,Guanajuato
20.9603,-101.2981,Fraccionamiento Villas de Guanajuato,Guanajuato
19.4261,-100.1064,Barrio el Boncho,Mexico
16.9428,-92.4797,Miguel Utrilla (Los Chorros),Chiapas
20.5947,-102.5297,Ojo de Agua de Moran,Jalisco
18.4253,-93.1508,El Bellote (Miguel de la Madrid),Tabasco
16.9006,-92.4722,Jomanichim,Chiapas
21.4911,-98.94,Tazaquil,San Luis Pot
23.0094,-106.1525,Los Pozos,Sinaloa
16.6547,-92.445,San Jose Yashitinin,Chiapas
20.5844,-101.115,Zapote de Palomas,Guanajuato
18.1061,-96.8108,Llano de Agua,Oaxaca
17.0317,-93.0269,Luis Espinoza,Chiapas
16.7797,-92.7203,Arvenza Uno,Chiapas
18.8273,-99.693,Colonia 3 de Mayo,Mexico
18.8222,-98.5506,San Miguel Aguacomulican,Puebla
20.025,-97.4872,Cuauhtamazaco,Puebla
16.2578,-92.3222,Tzinil,Chiapas
19.7522,-101.1914,Fraccionamiento Privadas del Sol,Michoacan
18.1964,-93.1022,Gregorio Mendez,Tabasco
17.4494,-98.6775,Ocotequila,Guerrero
20.4611,-99.345,Santa Maria Xigui,Hidalgo
18.6758,-98.9581,El Salitre,Morelos
16.1281,-95.8519,Santa Maria Zapotitlan,Oaxaca
18.8403,-96.7936,General Alatriste (San Joaquin),Veracruz
17.0756,-92.5242,Constitucion,Chiapas
17.2597,-92.4817,Jolsibaquil,Chiapas
20.0644,-99.3017,Residencial Arboledas,Hidalgo
20.5222,-103.3333,Paseos del Valle [Fraccionamiento],Jalisco
19.7714,-99.9092,Concepcion Caro,Mexico
19.2775,-99.495,San Antonio el Llanito,Mexico
19.9225,-100.2764,La Higuerilla (Los Lirios),Michoacan
16.9911,-91.9603,Chiquinival,Chiapas
21.2053,-98.8636,Santiago Centro,San Luis Pot
18.9661,-97.8583,Guadalupe Calderon,Puebla
22.8872,-103.4853,J. Jesus Gonzalez Ortega (San Mateo),Zacatecas
18.6833,-95.9711,Zacate Colorado Segundo (Fraternidad),Veracruz
25.8828,-109.0736,Vallejo (Porvenir Vallejo),Sinaloa
18.0333,-92.9169,Los Sauces,Tabasco
16.7397,-98.2172,Los Liros,Guerrero
19.8839,-97.4233,Nexpan,Puebla
21.345,-98.8372,Ahuehueyo Primero Centro,San Luis Pot
17.971,-92.7617,Barrancas y Amate 3ra. Seccion,Tabasco
19.875,-100.9358,Francisco Villa,Michoacan
20.1142,-97.0144,El Progreso,Veracruz
19.1899,-98.8537,El Cabi,Mexico
19.2206,-99.4706,Agua Blanca,Mexico
19.3525,-96.3383,Nicolas Blanco (San Pancho),Veracruz
19.1714,-99.4222,Techichili,Mexico
19.7733,-101.1894,Pena del Panal,Michoacan
19.5939,-96.9242,El Pueblito (Garbanzal),Veracruz
21.4442,-104.8122,La Corregidora,Nayarit
16.7358,-92.7169,Bochojbo Alto,Chiapas
19.2611,-97.2147,San Jose Manzanitos,Puebla
17.2661,-92.3817,Misija,Chiapas
20.5236,-100.8967,Colonia Fraccionamiento el Puente,Guanajuato
18.9144,-97.7172,Lomas de Romero,Puebla
32.4831,-116.8017,Lomas de Tlatelolco,Baja Califor
19.6519,-103.5,Ciudad Guzman [CERESO],Jalisco
17.0494,-99.7706,Kilometro 40,Guerrero
20.9442,-101.8008,Barrio de Guadalupe del Mezquitillo,Guanajuato
19.38,-99.6489,La Loma Cuexcontitlan,Mexico
19.3745,-99.8005,El Plan,Mexico
16.8417,-99.7489,El Metlapil,Guerrero
20.4692,-103.4219,El Cortijo,Jalisco
17.9872,-95.9106,San Benito Encinal,Oaxaca
19.1044,-97.6056,Guadalupe Victoria,Puebla
19.2686,-98.2231,Santiago Tlacochcalco,Tlaxcala
18.9775,-97.1431,Metlac Hernandez (Metlac Primero),Veracruz
17.2464,-92.5569,El Paraiso,Chiapas
19.5425,-98.8942,Ejido San Cristobal,Mexico
20.0581,-98.7583,El Roble,Hidalgo
18.9406,-99.5969,Quetzalapa,Mexico
25.8564,-108.6294,Concentracion 5 de Febrero,Sinaloa
19.2819,-99.7547,Cerro del Murcielago,Mexico
20.2433,-97.9567,Tierra Negra,Puebla
19.8397,-97.3067,Melchor Ocampo,Veracruz
30.9606,-116.1644,Las Brisas,Baja Califor
15.5933,-92.2681,La Rinconada,Chiapas
17.3469,-99.0041,San Marcos,Guerrero
18.7339,-97.1442,Tlatilpa,Veracruz
16.8881,-99.8158,Nueva Frontera,Guerrero
19.0131,-99.3967,Colonia Doctor Gustavo Baz,Mexico
18.4528,-96.8161,San Martin Mazateopan,Puebla
20.0664,-97.9075,San Cristobal Xochimilpa,Puebla
18.9442,-96.9658,San Isidro Palotal,Veracruz
18.1995,-93.2923,Sargento Lopez 2da. Seccion (El Chuzo),Tabasco
19.8706,-99.7917,La Estancia Sector Uno (La Estancia),Mexico
20.2153,-99.0022,El Colorado,Hidalgo
19.2413,-97.8107,Unidad Grajales INFONAVIT,Puebla
20.8919,-87.4661,El Tintal,Quintana Roo
16.9208,-92.1086,Los Pinos,Chiapas
21.0606,-101.4494,Loma de Yerbabuena,Guanajuato
16.9217,-99.1564,Tutepec,Guerrero
20.2472,-99.4211,Jose Maria Pino Suarez,Hidalgo
18.2297,-96.2781,El Capulin (La Nueva Pochota),Oaxaca
18.4053,-97.2683,San Jose Buena Vista,Puebla
25.8714,-103.3567,Banco Nacional,Durango
20.0636,-98.7633,Rinconadas del Venado I,Hidalgo
18.8995,-100.1366,Rincon de Aguirre,Mexico
21.9725,-102.3114,Miravalle,Aguascalient
19.7625,-97.5644,Acuaco,Puebla
20.1628,-99.8728,La Presita Segundo Cuartel,Mexico
17.0453,-97.5703,Progreso,Oaxaca
20.3547,-101.5275,Monte Blanco,Guanajuato
21.1167,-100.8681,Adjuntas del Rio,Guanajuato
18.9539,-99.1925,Colonia los Cerritos,Morelos
17.8053,-96.6064,San Juan Zapotitlan,Oaxaca
19.9778,-88.2625,Santa Rosa Segundo,Quintana Roo
19.1944,-97.1606,Rincon de los Reyes,Puebla
18.81,-97.7642,La Soledad,Puebla
19.8847,-99.2303,Praderas del Potrero,Hidalgo
18.2453,-96.3056,Corral de Piedra,Oaxaca
19.9278,-97.6939,Zoyotla,Puebla
22.0811,-102.2678,Santa Isabel [Fraccionamiento],Aguascalient
20.5633,-100.7836,La Trinidad,Guanajuato
17.6358,-101.4375,San Miguelito,Guerrero
20.2072,-97.6389,Rancho Alegre,Veracruz
32.6244,-115.0622,Ejido Netzahualcoyotl,Baja Califor
19.5672,-99.5939,Manzana Segunda,Mexico
19.7711,-101.1408,La Palma (Las Palmas),Michoacan
19.4528,-97.1936,La Toma,Veracruz
19.8231,-97.335,Ixtlahuaca,Puebla
16.4042,-91.9994,Veracruz,Chiapas
20.27,-99.0256,El Olvera,Hidalgo
19.4056,-99.3122,Paraje Trejo (El Chaparral),Mexico
19.4358,-99.3058,Ejido el Castillo,Mexico
21.6386,-98.8708,Tocoy,San Luis Pot
17.6986,-95.8083,La Nueva Era,Veracruz
21.3244,-98.7286,Ocuiltzapoyo,San Luis Pot
20.2072,-98.8725,La Sala (La Caliente),Hidalgo
20.4522,-102.6764,Joconoxtle (La Tuna),Jalisco
18.3917,-92.7881,Alvaro Obregon 2da. Seccion (El Lechugal),Tabasco
19.04,-99.5847,La Herradura,Mexico
19.0256,-97.8042,Guadalupe Morelos,Puebla
20.4756,-101.3494,Santa Barbara,Guanajuato
18.7286,-97.1411,Tlatzala,Veracruz
17.9064,-93.1175,Miguel Hidalgo,Chiapas
20.5583,-103.1125,La Mezquitera,Jalisco
18.7475,-98.8522,Unidad Habitacional Mariano Matamoros,Morelos
19.0678,-97.3919,Manuel Edgardo Avalos (San Isidro),Puebla
14.7175,-92.3286,Tinajas 1ra. Seccion,Chiapas
15.8658,-92.9456,El Ramal (Porvenir),Chiapas
19.2078,-102.8619,Los Olivos,Jalisco
21.5708,-101.2639,Molino de San Jose,Guanajuato
18.7558,-96.945,San Jose Independencia,Veracruz
31.9114,-116.2606,Fraccionamiento del Valle,Baja Califor
18.8644,-98.9481,Tierra Larga (Campo Nuevo),Morelos
18.3316,-93.3351,Ignacio Zaragoza 1ra. Seccion,Tabasco
16.8292,-99.7408,10 de Abril,Guerrero
16.9847,-100.1269,El Espinalillo,Guerrero
19.6806,-99.1722,La Trinidad,Mexico
21.935,-102.0219,Santa Rosa (El Huizache),Aguascalient
20.3644,-101.2083,Hoya de Cintora (La Hoya de Arriba),Guanajuato
27.0772,-109.5275,El Recodo,Sonora
17.6564,-91.5367,General Luis Felipe Dominguez Suarez,Tabasco
16.8639,-92.8236,Pugchen Mumuntic,Chiapas
15.1142,-92.3526,Canton Villaflor,Chiapas
25.9364,-103.4208,San Julio,Durango
18.5742,-99.37,Coahuixtla,Morelos
15.8725,-96.6236,El Camalote,Oaxaca
19.8267,-97.3803,Yopi,Puebla
21.2375,-98.8681,Tlacuilola,San Luis Pot
20.0853,-101.1983,Rinconadas del Bosque,Guanajuato
19.5636,-98.8764,Atenguillo,Mexico
19.5261,-101.6525,Santa Ana Chapitiro,Michoacan
18.1197,-96.8392,Loma Chapultepec,Oaxaca
18.0675,-94.9861,Campo de Aguila,Veracruz
20.8403,-97.6014,Buenos Aires (San Isidro),Veracruz
22.2961,-102.0633,Jarillas,Aguascalient
18.8381,-96.9394,Centro de Readaptacion Social,Veracruz
19.5494,-100.3558,Manzana la Cofradia,Michoacan
17.9061,-97.8953,Santiago Chilixtlahuaca,Oaxaca
19.7778,-97.5903,Texocoyohuac,Puebla
19.4358,-99.3225,Llano de las Flores (Barrio del Hueso),Mexico
19.6758,-100.5536,Colonia el Mirador (Llano del Ejido),Michoacan
20.2624,-99.1008,San Jose Boxay,Hidalgo
17.3325,-92.3808,Mariscal Subikuski,Chiapas
17.6097,-99.2119,Lodo Grande,Guerrero
20.7967,-100.4169,Pintillo,Queretaro
19.2292,-98.3142,Jesus Tepactepec,Tlaxcala
21.0097,-101.8347,Fraccionamiento la Mezquitera,Guanajuato
20.0058,-99.2569,Zacamulpa,Hidalgo
19.5697,-100.2869,Cuartel la Mesa (El Asoleadero),Michoacan
16.8631,-92.5492,Oxinam,Chiapas
17.07,-96.7781,La Canada,Oaxaca
19.2028,-98.9028,El Recodo de San Jose Axalco,Mexico
19.505,-100.405,Puentecillas (Tercera Manzana de Zirahuato),Michoacan
19.6556,-97.9953,Calpaneria Atezquilla,Puebla
18.4867,-95.4133,Arroyo San Isidro,Veracruz
15.4492,-93.1642,La Esperanza (El Zapotal),Chiapas
17.1261,-99.6725,Pueblo Madero (El Playon),Guerrero
19.3736,-99.3311,Barrio de San Ramon,Mexico
20.4956,-100.8928,Santa Fe de la Purisima,Guanajuato
19.4736,-100.2442,El Tigre (Segunda Manzana de Crescencio Morales),Michoacan
18.2392,-98.0267,Tetelcingo,Puebla
18.9689,-98.1603,18 de Marzo,Puebla
21.9803,-102.2731,Ejido la Guayana (Rancho Seco),Aguascalient
30.5158,-115.9328,Pueblo Benito Garcia,Baja Califor
17.3031,-98.0169,Santa Rosa Caxtlahuaca,Oaxaca
19.2577,-97.0753,Buenavista,Puebla
17.0397,-99.1694,Apantla,Guerrero
19.5356,-99.9846,Barrio de Puentecillas,Mexico
16.38,-95.2411,Colonia San Luis,Oaxaca
18.5133,-96.8678,Loma Bonita,Puebla
20.8967,-100.6544,Corralejo de Arriba,Guanajuato
17.4906,-99.2419,Tonalapa,Guerrero
19.6519,-101.2775,La Mintzita (Piedra Dura),Michoacan
19.1439,-97.0422,Nenehuaca,Puebla
20.9703,-101.3725,Aguas Buenas,Guanajuato
16.8983,-99.8058,Colonia Nueva Revolucion,Guerrero
17.8832,-93.3679,El Dorado,Tabasco
20.3014,-99.1736,El Moreno (San Miguel Moreno),Hidalgo
21.0975,-100.5142,Derramadero Segundo (Infiernillo),Guanajuato
19.6947,-103.8333,Las Primaveras [Invernadero],Jalisco
18.9522,-97.8292,Miguel Negrete,Puebla
19.4272,-100.3989,Camembaro,Michoacan
20.7372,-105.2708,San Clemente de Lima,Nayarit
27.1022,-109.5008,El Siviral (Jigica),Sonora
17.9469,-92.4666,Jose Colomo,Tabasco
20.9019,-101.5161,Colonia Rafael Corrales Ayala,Guanajuato
19.9597,-99.9586,Doxteje Barrio Primero,Mexico
19.8967,-98.8869,Las Pintas,Mexico
17.6625,-97.4708,Villa Tejupam de la Union,Oaxaca
22.2061,-101.0706,Paso Blanco,San Luis Pot
18.9184,-99.4941,Jalmolonga (La Hacienda),Mexico
19.7308,-101.3403,Cuto de la Esperanza,Michoacan
18.9494,-98.2689,El Capulo (La Quebradora),Puebla
19.6733,-97.7269,San Andres Yahuitlalpan,Puebla
16.8815,-99.8178,Colonia Alborada,Guerrero
16.9058,-98.9758,La Concordia,Guerrero
19.57,-99.3975,Ejido Miraflores,Mexico
20.1103,-98.4303,Fraccionamiento Carlos Salinas de Gortari,Hidalgo
19.1631,-99.455,San Jose Mezapa Seccion I,Mexico
20.5028,-100.9589,Colonia la Calzada (La Olla),Guanajuato
17.8278,-97.7456,La Junta,Oaxaca
25.8322,-100.3842,Union Agropecuarios Lazaro Cardenas del Norte,Nuevo Leon
19.1408,-99.4264,Pueblo Nuevo,Mexico
19.0419,-97.7008,Candelaria Portezuelo,Puebla
17.2808,-92.3997,Union Juarez,Chiapas
18.7042,-99.1128,Colonia Palo Prieto (Chipitongo),Morelos
17.4778,-97.7942,Pena Colorada,Oaxaca
18.6947,-97.1844,Tetlatzinga,Veracruz
20.0661,-98.7681,Rinconadas de San Francisco,Hidalgo
16.6967,-92.9556,Nuevo Carmen Tonapac,Chiapas
16.8742,-99.7856,Las Plazuelas,Guerrero
18.8464,-99.6142,El Progreso Hidalgo,Mexico
25.8061,-100.6225,Las Torres de Guadalupe,Nuevo Leon
19.3242,-98.2397,San Miguel Tlamahuco,Tlaxcala
18.3875,-95.1792,El Huidero,Veracruz
19.2758,-99.72,San Jose Barbabosa,Mexico
18.3539,-96.3494,Rancho Grande,Oaxaca
17.6486,-93.3946,Caobanal 1ra. Seccion (Mezcalapa),Tabasco
21.2164,-101.01,Rancho de Guadalupe,Guanajuato
20.47,-101.6164,Estacion Corralejo,Guanajuato
17.359,-98.4475,Melchor Ocampo,Guerrero
20.1489,-98.2169,Tlacpac,Hidalgo
18.7383,-99.3672,Colonia el Florido,Morelos
20.1469,-97.8031,Tlamaya Grande,Puebla
27.1219,-109.4592,Loma del Refugio,Sonora
22.4339,-97.9717,Unidos Avanzamos,Tamaulipas
16.3028,-91.9267,El Progreso,Chiapas
17.3317,-98.6856,Moyotepec (Moyotepec de Juarez),Guerrero
19.1357,-99.44,Tlaminca,Mexico
17.4047,-92.3194,Cenobio Aguilar (La Trinidad),Chiapas
19.1375,-97.1086,Cruz Verde,Veracruz
17.0768,-92.6216,Joltealal,Chiapas
20.8236,-101.3686,Rancho Nuevo del Llanito,Guanajuato
19.9853,-99.0317,Oriental de Zapata,Hidalgo
18.8961,-98.9036,Colonia San Francisco,Morelos
19.2789,-97.1994,Ignacio Zaragoza,Puebla
20.5489,-102.7072,Nuevo Refugio de Afuera (Nuevo Refugio),Jalisco
19.6458,-101.4119,Iratzio,Michoacan
20.0581,-97.0983,San Pedro Tlapacoyan,Veracruz
19.2917,-99.5056,Nueva Ameyalco,Mexico
20.7008,-99.8353,Puerto de Chiquihuite,Queretaro
21.3794,-101.9503,El Bajio (La Laguna),Jalisco
20.0964,-99.7628,El Colorado,Mexico
20.2388,-98.2125,Honey,Hidalgo
20.2105,-98.0066,Nuevo Necaxa,Puebla
20.2432,-97.4072,Espinal,Puebla
23.4058,-99.3804,Juamave,Tamaulipas
21.7798,-103.7807,Chimaltitan,Jalisco
19.3135,-100.4336,Benito Juarez,Michoacan
16.9877,-99.26,Tecoanapa,Guerrero
16.7383,-96.6796,Santa Lucia Ocotlan,Oaxaca
16.9641,-96.4534,Yagul,Oaxaca
19.9496,-102.4441,El Guayabito,Mexico
30.883,-87.773,Bay Minette,AL
28.9786,-96.6461,Edna,TX
30.4035,-88.2485,Bayou La Batre,AL
32.1532,-94.7994,Henderson,TX
29.1897,-98.8625,Natalia,TX
34.2748,-87.7006,Bear Creek,AL
38.7329,-77.058,Fort Hunt,VA
37.2388,-76.5097,Yorktown,VA
33.4343,-86.9472,Brighton,AL
38.5451,-75.0891,Ocean View,DE
33.6598,-87.6,Berry,AL
28.1808,-82.6818,Trinity,FL
26.5504,-81.8687,Villas,FL
33.4018,-86.9544,Bessemer,AL
39.057,-84.9013,Aurora,IN
38.5051,-86.0169,New Pekin,IN
39.4381,-99.2651,Stockton,KS
37.0834,-88.6,Paducah,KY
32.5965,-91.394,Monticello,LA
32.556,-93.6132,Red Chute,LA
39.1493,-76.7752,Jessup,MD
33.5207,-86.8025,Birmingham,AL
39.0928,-84.6127,Delhi Hills,OH
39.1101,-84.3799,Turpin Hills,OH
34.2274,-80.6893,Lugoff,SC
34.0815,-86.5911,Blountsville,AL
32.4926,-86.1905,Blue Ridge,AL
30.0852,-97.8403,Buda,TX
34.2007,-86.1664,Boaz,AL
32.9374,-87.1647,Brent,AL
31.1052,-87.0722,Brewton,AL
34.9476,-85.7144,Bridgeport,AL
33.4357,-86.6739,Brook Highland,AL
33.6379,-86.9167,Brookside,AL
33.2557,-87.3208,Brookwood,AL
31.7202,-85.8161,Brundidge,AL
32.0896,-88.222,Butler,AL
33.6132,-85.9611,Bynum,AL
33.464,-86.7319,Cahaba Heights,AL
33.1029,-86.7536,Calera,AL
31.991,-87.2905,Camden,AL
32.8004,-85.6536,Camp Hill,AL
33.8918,-87.5261,Carbon Hill,AL
33.2618,-88.095,Carrollton,AL
34.2201,-85.6077,Cedar Bluff,AL
33.6457,-86.6836,Center Point,AL
34.152,-85.6788,Centre,AL
32.9462,-87.1167,Centreville,AL
33.6532,-86.6478,Chalkville,AL
31.4652,-88.2545,Chatom,AL
33.3401,-86.6303,Chelsea,AL
34.757,-87.9728,Cherokee,AL
30.7638,-88.0747,Chickasaw,AL
33.2782,-86.355,Childersburg,AL
33.6593,-85.7036,Choccolocco,AL
31.0907,-88.2281,Citronelle,AL
32.8387,-86.6294,Clanton,AL
33.7026,-86.5997,Clay,AL
31.8782,-85.4497,Clayton,AL
33.9909,-86.5775,Cleveland,AL
31.7088,-85.6105,Clio,AL
33.159,-87.3408,Coaling,AL
34.264,-85.8605,Collinsville,AL
33.1782,-86.6072,Columbiana,AL
33.4676,-87.0311,Concord,AL
32.4979,-86.3314,Coosada,AL
33.7598,-87.1833,Cordova,AL
31.0488,-85.3049,Cottonwood,AL
31.2002,-85.3046,Cowarts,AL
30.8919,-88.0397,Creola,AL
34.2876,-85.9941,Crossville,AL
34.1748,-86.8436,Cullman,AL
32.8312,-85.7636,Dadeville,AL
31.3102,-85.713,Daleville,AL
34.4145,-87.0875,Danville,AL
30.6035,-87.9036,Daphne,AL
30.2555,-88.1097,Dauphin Island,AL
32.6082,-86.3958,Deatsville,AL
34.6059,-86.9833,Decatur,AL
32.5176,-87.8364,Demopolis,AL
33.7287,-87.0903,Dora,AL
31.2232,-85.3905,Dothan,AL
34.1465,-87.4022,Double Springs,AL
31.0932,-87.0627,East Brewton,AL
34.8095,-87.6495,East Florence,AL
32.6354,-86.0344,Eclectic,AL
30.4144,-87.5978,Elberta,AL
31.3152,-85.8552,Enterprise,AL
31.8913,-85.1455,Eufaula,AL
32.8407,-87.8875,Eutaw,AL
31.4335,-86.9569,Evergreen,AL
33.4859,-86.9119,Fairfield,AL
30.523,-87.9033,Fairhope,AL
34.3684,-86.9086,Falkville,AL
33.6846,-87.8308,Fayette,AL
33.1457,-86.4058,Fayetteville,AL
34.5232,-86.9703,Flint City,AL
31.0052,-86.328,Florala,AL
34.7998,-87.6773,Florence,AL
31.0002,-87.2608,Flomaton,AL
30.4066,-87.6836,Foley,AL
33.5701,-86.8964,Forestdale,AL
31.9846,-86.5786,Fort Deposit,AL
34.4442,-85.7197,Fort Payne,AL
31.4335,-87.4014,Frisco City,AL
33.6048,-86.7939,Fultondale,AL
34.4468,-85.9041,Fyffe,AL
34.0143,-86.0066,Gadsden,AL
33.6601,-86.8128,Gardendale,AL
31.033,-85.8638,Geneva,AL
31.6371,-86.7419,Georgiana,AL
33.957,-85.9325,Glencoe,AL
34.1159,-86.8636,Good Hope,AL
33.0657,-86.0533,Goodwater,AL
33.3201,-87.9028,Gordo,AL
30.4763,-88.3422,Grand Bay,AL
33.6482,-86.6394,Grayson Valley,AL
33.6207,-86.9714,Graysville,AL
32.7046,-87.5958,Greensboro,AL
31.8296,-86.6178,Greenville,AL
31.7088,-87.7772,Grove Hill,AL
33.9657,-87.9147,Guin,AL
30.246,-87.7008,Gulf Shores,AL
34.3582,-86.2947,Guntersville,AL
34.2773,-87.8286,Hackleburg,AL
34.2265,-87.6214,Haleyville,AL
34.1423,-87.9886,Hamilton,AL
34.0607,-86.7675,Hanceville,AL
33.344,-86.438,Harpersville,AL
31.1024,-85.6969,Hartford,AL
34.4434,-86.9353,Hartselle,AL
34.8556,-86.7508,Harvest,AL
32.184,-86.5803,Hayneville,AL
34.9323,-86.5719,Hazel Green,AL
31.3513,-85.3422,Headland,AL
33.649,-85.5875,Heflin,AL
33.2962,-86.8436,Helena,AL
34.6351,-85.7672,Henagar,AL
33.9982,-85.8664,Hokes Bluff,AL
33.234,-87.4844,Holt,AL
32.6362,-86.3266,Holtville,AL
33.4718,-86.8008,Homewood,AL
33.4054,-86.8114,Hoover,AL
33.4512,-86.9967,Hueytown,AL
32.8346,-85.2297,Huguley,AL
34.7304,-86.5861,Huntsville,AL
33.3554,-86.7544,Indian Springs Village,AL
32.0149,-85.7461,Inverness,AL
33.5382,-86.7072,Irondale,AL
31.509,-87.8944,Jackson,AL
33.8137,-85.7613,Jacksonville,AL
33.8312,-87.2775,Jasper,AL
32.9599,-86.7467,Jemison,AL
34.8629,-87.5375,Killen,AL
33.7734,-86.8139,Kimberly,AL
31.2991,-85.3444,Kinsey,AL
32.4682,-85.0791,Ladonia,AL
32.8999,-85.4011,Lafayette,AL
33.4301,-86.6805,Lake Purdy,AL
33.2807,-87.1375,Lake View,AL
32.8687,-85.1905,Lanett,AL
33.5482,-86.5444,Leeds,AL
34.1798,-85.7614,Leesburg,AL
31.2996,-85.778,Level Plains,AL
32.3062,-87.7981,Linden,AL
33.6132,-86.1183,Lincoln,AL
33.3107,-85.7544,Lineville,AL
33.4257,-86.9267,Lipscomb,AL
34.5906,-87.677,Littleville,AL
32.5843,-88.1873,Livingston,AL
33.9076,-86.6153,Locust Fork,AL
30.6182,-87.7531,Loxley,AL
31.7166,-86.2639,Luverne,AL
34.6993,-86.7483,Madison,AL
31.1393,-85.5191,Malvern,AL
32.7012,-86.4711,Marbury,AL
33.6862,-86.475,Margaret,AL
32.6324,-87.3192,Marion,AL
33.4021,-86.6967,Meadowbrook,AL
34.8515,-86.5722,Meridianville,AL
33.4615,-86.9089,Midfield,AL
31.3191,-85.4938,Midland City,AL
33.1835,-86.2611,Mignon,AL
32.4799,-86.3619,Millbrook,AL
33.5635,-88.0814,Millport,AL
33.5373,-86.9406,Minor,AL
30.6944,-88.043,Mobile,AL
31.5279,-87.3247,Monroeville,AL
33.1007,-86.8642,Montevallo,AL
32.3668,-86.3,Montgomery,AL
33.5909,-86.4908,Moody,AL
34.844,-86.5183,Moores Mill,AL
33.7482,-86.8086,Morris,AL
32.1746,-86.6719,Mosses,AL
34.4812,-87.2934,Moulton,AL
32.9976,-87.63,Moundville,AL
33.6709,-86.8561,Mount Olive,AL
31.0852,-88.0133,Mount Vernon,AL
33.5009,-86.7522,Mountain Brook,AL
33.5298,-85.9508,Munford,AL
34.7448,-87.6675,Muscle Shoals,AL
31.3857,-85.9294,New Brockton,AL
34.537,-86.3944,New Hope,AL
34.9101,-86.4278,New Market,AL
31.3352,-85.6052,Newton,AL
33.204,-87.153,North Bibb,AL
33.229,-87.5772,Northport,AL
33.6773,-86.3966,Odenville,AL
33.7834,-86.0025,Ohatchee,AL
32.6454,-85.3783,Opelika,AL
33.9481,-86.4728,Oneonta,AL
31.2827,-86.2555,Opp,AL
30.2944,-87.5736,Orange Beach,AL
34.5881,-86.4589,Owens Cross Roads,AL
33.6143,-85.835,Oxford,AL
31.4591,-85.6405,Ozark,AL
33.2857,-86.81,Pelham,AL
33.5862,-86.2861,Pell City,AL
32.471,-85.0008,Phenix City,AL
34.3509,-87.7064,Phil Campbell,AL
33.9246,-85.6114,Piedmont,AL
32.2843,-86.103,Pike Road,AL
32.5837,-86.4655,Pine Level,AL
33.689,-86.6833,Pinson,AL
33.4909,-86.9703,Pleasant Grove,AL
30.4741,-87.9192,Point Clear,AL
32.464,-86.4597,Prattville,AL
34.5251,-86.8947,Priceville,AL
30.7388,-88.0789,Prichard,AL
33.7445,-86.1558,Ragland,AL
33.9548,-86.0419,Rainbow City,AL
34.4943,-85.8478,Rainsville,AL
34.4398,-88.1409,Red Bay,AL
33.3785,-88.0153,Reform,AL
31.123,-85.4527,Rehobeth,AL
33.6062,-86.2044,Riverside,AL
33.1512,-85.3722,Roanoke,AL
30.5538,-87.7119,Robertsdale,AL
33.477,-87.0803,Rock Creek,AL
32.8896,-86.2197,Rockford,AL
34.8256,-87.2947,Rogersville,AL
34.5079,-87.7286,Russellville,AL
33.6987,-85.8397,Saks,AL
31.113,-86.046,Samson,AL
30.8207,-88.0706,Saraland,AL
34.1743,-86.1227,Sardis City,AL
30.8532,-88.0561,Satsuma,AL
34.6723,-86.0341,Scottsboro,AL
32.4074,-87.0211,Selma,AL
34.7651,-87.6986,Sheffield,AL
33.1104,-86.5841,Shelby,AL
31.1082,-85.5944,Slocomb,AL
32.5401,-85.0986,Smiths Station,AL
33.8918,-86.8203,Smoke Rise,AL
33.9245,-86.0225,Southside,AL
30.6749,-87.9153,Spanish Fort,AL
33.7751,-86.4716,Springville,AL
33.9398,-86.2016,Steele,AL
34.8687,-85.8394,Stevenson,AL
33.0793,-86.2444,Stewartville,AL
33.9018,-88.1345,Sulligent,AL
33.7557,-87.05,Sumiton,AL
33.1732,-86.2516,Sylacauga,AL
33.5157,-87.015,Sylvan Springs,AL
34.5623,-85.8125,Sylvania,AL
33.4359,-86.1058,Talladega,AL
32.536,-85.8933,Tallassee,AL
33.5834,-86.7728,Tarrant,AL
31.1649,-85.4683,Taylor,AL
31.9754,-86.2333,Taylor,AL
30.5477,-88.1753,Theodore,AL
31.9135,-87.7358,Thomasville,AL
32.9157,-86.7158,Thorsby,AL
30.5902,-88.1708,Tillmans Corner,AL
34.6812,-87.4061,Town Creek,AL
34.6068,-87.0884,Trinity,AL
31.8088,-85.9699,Troy,AL
33.6198,-86.6089,Trussville,AL
33.2098,-87.5692,Tuscaloosa,AL
34.7312,-87.7025,Tuscumbia,AL
32.424,-85.6916,Tuskegee,AL
32.1443,-85.715,Union Springs,AL
32.4496,-87.5142,Uniontown,AL
32.8187,-85.1794,Valley,AL
32.509,-86.9875,Valley Grande,AL
33.4707,-86.5133,Vandiver,AL
33.1743,-87.2336,Vance,AL
33.757,-88.1089,Vernon,AL
33.4487,-86.7878,Vestavia Hills,AL
33.3845,-86.4119,Vincent,AL
33.8143,-86.8094,Warrior,AL
33.752,-85.8114,Weaver,AL
31.2604,-85.2733,Webb,AL
33.309,-85.4847,Wedowee,AL
33.1182,-87.125,West Blocton,AL
33.3496,-86.5358,Westover,AL
32.5437,-86.2119,Wetumpka,AL
34.1634,-86.0694,Whitesboro,AL
33.2343,-86.4836,Wilsonville,AL
33.929,-87.8173,Winfield,AL
33.2068,-87.15,Woodstock,AL
32.4862,-88.2964,York,AL
34.6295,-92.4413,Alexander,AR
35.4779,-94.2219,Alma,AR
34.1209,-93.0538,Arkadelphia,AR
33.6087,-91.2068,Arkansas City,AR
36.224,-91.6085,Ash Flat,AR
33.6743,-94.1313,Ashdown,AR
35.2465,-92.9366,Atkins,AR
35.2823,-91.3654,Augusta,AR
34.9984,-91.9838,Austin,AR
35.3098,-91.5679,Bald Knob,AR
35.3257,-94.3016,Barling,AR
35.7698,-91.641,Batesville,AR
35.7423,-90.5623,Bay,AR
35.0706,-91.8796,Beebe,AR
36.4807,-94.2713,Bella Vista,AR
34.5645,-92.5868,Benton,AR
36.3728,-94.2088,Bentonville,AR
36.3648,-93.568,Berryville,AR
36.2142,-94.1294,Bethel Heights,AR
35.9273,-89.919,Blytheville,AR
35.9087,-90.8026,Bono,AR
35.1401,-93.9216,Booneville,AR
34.8879,-91.1946,Brinkley,AR
35.9001,-90.582,Brookland,AR
34.5959,-92.4891,Bryant,AR
36.384,-92.5815,Bull Shoals,AR
34.9745,-92.0165,Cabot,AR
36.1195,-92.136,Calico Rock,AR
33.5846,-92.8343,Camden,AR
35.7581,-90.3223,Caraway,AR
34.7831,-91.7465,Carlisle,AR
35.9417,-91.5485,Cave City,AR
36.2634,-94.2319,Cave Springs,AR
35.5698,-94.3669,Cedarville,AR
36.3598,-94.2852,Centerton,AR
35.297,-94.0363,Charleston,AR
36.2978,-91.516,Cherokee Village,AR
34.6932,-91.3137,Clarendon,AR
35.4715,-93.4666,Clarksville,AR
35.5915,-92.4604,Clinton,AR
35.4373,-93.673,Coal Hill,AR
35.0887,-92.4421,Conway,AR
36.4078,-90.5798,Corning,AR
33.1282,-91.9612,Crossett,AR
35.054,-93.3935,Danville,AR
35.2231,-93.1579,Dardanelle,AR
34.0379,-94.3413,De Queen,AR
34.2929,-91.3379,De Witt,AR
36.3359,-94.4608,Decatur,AR
33.5254,-91.436,Dermott,AR
34.977,-91.4951,Des Arc,AR
35.6384,-91.2651,Diaz,AR
34.1193,-94.0166,Dierks,AR
35.4015,-93.1143,Dover,AR
33.8871,-91.4918,Dumas,AR
35.2751,-90.4668,Earle,AR
34.5506,-92.341,East End,AR
33.2076,-92.6663,El Dorado,AR
36.0015,-94.0083,Elkins,AR
36.2062,-94.2344,Elm Springs,AR
34.5443,-91.969,England,AR
33.1096,-91.2621,Eudora,AR
36.4012,-93.738,Eureka Springs,AR
35.5942,-92.2779,Fairfield Bay,AR
36.042,-94.2472,Farmington,AR
36.0626,-94.1574,Fayetteville,AR
36.279,-92.5971,Flippin,AR
33.7218,-94.3969,Foreman,AR
33.8137,-92.4129,Fordyce,AR
35.0082,-90.7898,Forrest City,AR
35.3859,-94.3986,Fort Smith,AR
36.2831,-92.4941,Gassville,AR
36.2676,-94.4847,Gentry,AR
34.8843,-92.2357,Gibson,AR
34.3268,-93.5507,Glenwood,AR
35.9598,-89.972,Gosnell,AR
36.1012,-93.9913,Goshen,AR
34.8684,-92.1907,Gravel Ridge,AR
36.422,-94.4536,Gravette,AR
36.3353,-93.436,Green Forest,AR
35.234,-92.3876,Greenbrier,AR
35.9943,-94.1752,Greenland,AR
35.2156,-94.2558,Greenwood,AR
33.9209,-93.1541,Gurdon,AR
33.2282,-91.7976,Hamburg,AR
33.5379,-92.4699,Hampton,AR
35.5643,-90.7168,Harrisburg,AR
36.2298,-93.1077,Harrison,AR
34.5015,-92.6365,Haskell,AR
34.7809,-91.581,Hazen,AR
35.4915,-92.0313,Heber Springs,AR
34.5296,-90.5918,Helena,AR
36.2759,-91.524,Highland,AR
36.4853,-93.7321,Holiday Island,AR
33.6671,-93.5916,Hope,AR
33.9385,-94.3572,Horatio,AR
36.2292,-91.7643,Horseshoe Bend,AR
34.5037,-93.0552,Hot Springs,AR
34.672,-92.9988,Hot Springs Village,AR
36.0504,-90.9751,Hoxie,AR
34.9493,-90.4715,Hughes,AR
36.0862,-93.7413,Huntsville,AR
34.8662,-92.1102,Jacksonville,AR
36.0081,-93.1866,Jasper,AR
36.1329,-94.1655,Johnson,AR
35.8423,-90.7043,Jonesboro,AR
35.2701,-91.6399,Judsonia,AR
35.2317,-91.6676,Kensett,AR
35.8162,-90.4343,Lake City,AR
34.4245,-93.0952,Lake Hamilton,AR
33.3287,-91.2818,Lake Village,AR
35.4406,-93.388,Lamar,AR
34.6112,-92.3196,Landmark,AR
35.3362,-94.1733,Lavaca,AR
35.9359,-90.2579,Leachville,AR
35.6112,-90.3298,Lepanto,AR
33.3585,-93.5777,Lewisville,AR
35.9495,-94.4236,Lincoln,AR
36.3859,-94.1352,Little Flock,AR
34.7465,-92.2896,Little Rock,AR
35.329,-93.253,London,AR
34.784,-91.8999,Lonoke,AR
36.2553,-94.1308,Lowell,AR
35.7562,-89.9281,Luxora,AR
33.2671,-93.2393,Magnolia,AR
34.3623,-92.813,Malvern,AR
35.8801,-90.167,Manila,AR
35.0595,-94.2527,Mansfield,AR
34.7737,-90.7576,Marianna,AR
35.2145,-90.1965,Marion,AR
35.5329,-90.4207,Marked Tree,AR
36.187,-90.3832,Marmaduke,AR
35.909,-92.6313,Marshall,AR
34.5557,-90.9129,Marvell,AR
34.8668,-92.4043,Maumelle,AR
34.957,-92.4274,Mayflower,AR
34.8084,-92.1818,McAlmont,AR
35.2562,-91.2001,McCrory,AR
33.629,-91.3996,McGehee,AR
36.0595,-91.9085,Melbourne,AR
34.5862,-94.2397,Mena,AR
36.3853,-92.4618,Midway,AR
33.8751,-93.9138,Mineral Springs,AR
35.8906,-90.3443,Monette,AR
33.629,-91.791,Monticello,AR
35.1509,-92.7441,Morrilton,AR
34.5568,-93.6341,Mount Ida,AR
35.8684,-92.1176,Mountain View,AR
36.3353,-92.3852,Mountain Home,AR
35.5006,-94.0516,Mulberry,AR
34.0623,-93.6899,Murfreesboro,AR
33.9457,-93.8471,Nashville,AR
35.7017,-91.4415,Newark,AR
35.6048,-91.2818,Newport,AR
33.1657,-91.9415,North Crossett,AR
34.7695,-92.2671,North Little Rock,AR
35.0323,-93.2232,Ola,AR
35.7051,-89.9695,Osceola,AR
35.487,-93.8277,Ozark,AR
36.0584,-90.4973,Paragould,AR
35.292,-93.7299,Paris,AR
35.2634,-90.5712,Parkin,AR
33.9207,-91.3368,Pea Ridge,AR
36.454,-94.1152,Pea Ridge,AR
35.0048,-92.8027,Perryville,AR
36.3828,-90.1907,Piggott,AR
34.2284,-92.0032,Pine Bluff,AR
34.5031,-93.126,Piney,AR
36.2615,-90.9712,Pocahontas,AR
35.2481,-93.0491,Pottsville,AR
36.342,-94.0619,Prairie Creek,AR
35.9759,-94.3177,Prairie Grove,AR
33.8026,-93.381,Prescott,AR
36.2631,-90.2926,Rector,AR
34.4451,-92.1832,Redfield,AR
33.9584,-92.1902,Rison,AR
34.4643,-93.1338,Rockwell,AR
36.332,-94.1185,Rogers,AR
35.2784,-93.1338,Russellville,AR
36.3712,-91.8226,Salem,AR
34.629,-92.5582,Salem,AR
35.2506,-91.7362,Searcy,AR
34.6201,-92.3954,Shannon Hills,AR
34.307,-92.4013,Sheridan,AR
36.1881,-94.5405,Siloam Springs,AR
33.3648,-92.7249,Smackover,AR
36.1867,-94.1288,Springdale,AR
33.3654,-93.4952,Stamps,AR
33.9429,-91.8435,Star City,AR
34.5004,-91.5526,Stuttgart,AR
34.1806,-92.1235,Sulphur Springs,AR
33.4418,-94.0377,Texarkana,AR
36.1779,-94.2335,Tontitown,AR
35.6737,-90.5073,Trumann,AR
35.7306,-91.1985,Tuckerman,AR
35.4368,-94.3483,Van Buren,AR
35.084,-92.2079,Vilonia,AR
33.3515,-93.2957,Waldo,AR
34.8984,-94.0908,Waldron,AR
36.0684,-90.956,Walnut Ridge,AR
35.0304,-91.9504,Ward,AR
33.6126,-92.0646,Warren,AR
33.141,-91.994,West Crossett,AR
35.9243,-94.1885,West Fork,AR
34.5507,-90.6418,West Helena,AR
35.1465,-90.1845,West Memphis,AR
34.274,-92.091,White Hall,AR
34.6023,-92.2168,Wrightsville,AR
35.2245,-90.7868,Wynne,AR
36.2262,-92.6849,Yellville,AR
39.6293,-75.6583,Bear,DE
39.7662,-75.5094,Bellefonte,DE
38.5396,-75.0552,Bethany Beach,DE
38.6357,-75.6099,Blades,DE
38.7426,-75.6044,Bridgeville,DE
39.6671,-75.7269,Brookside,DE
39.1135,-75.5419,Camden,DE
39.2193,-75.5858,Cheswold,DE
39.8007,-75.4596,Claymont,DE
39.2907,-75.6344,Clayton,DE
39.5779,-75.5888,Delaware City,DE
38.4565,-75.5772,Delmar,DE
39.1582,-75.5244,Dover,DE
39.7501,-75.4996,Edgemoor,DE
39.7393,-75.598,Elsmere,DE
39.0085,-75.578,Felton,DE
38.6901,-75.3855,Georgetown,DE
39.6048,-75.7452,Glasgow,DE
39.779,-75.5983,Greenville,DE
38.9237,-75.5777,Harrington,DE
39.121,-75.5219,Highland Acres,DE
39.7876,-75.6966,Hockessin,DE
39.1318,-75.5249,Kent Acres,DE
38.5565,-75.5713,Laurel,DE
38.7746,-75.1393,Lewes,DE
38.6201,-75.1507,Long Neck,DE
39.4496,-75.7163,Middletown,DE
38.9126,-75.428,Milford,DE
38.5915,-75.2913,Millsboro,DE
38.7776,-75.3099,Milton,DE
39.6621,-75.5663,New Castle,DE
39.6837,-75.7497,Newark,DE
39.7137,-75.6094,Newport,DE
39.7612,-75.7191,North Star,DE
39.7309,-75.7041,Pike Creek,DE
39.7362,-75.6983,Pike Creek Valley,DE
38.721,-75.076,Rehoboth Beach,DE
39.0265,-75.5108,Riverview,DE
39.1321,-75.5324,Rodney Village,DE
38.6412,-75.611,Seaford,DE
38.4604,-75.2207,Selbyville,DE
39.2998,-75.6047,Smyrna,DE
39.3951,-75.6916,Townsend,DE
39.746,-75.5466,Wilmington,DE
39.6868,-75.5844,Wilmington Manor,DE
39.1182,-75.5588,Wyoming,DE
29.7516,-82.4248,Alachua,FL
25.8145,-80.2239,Allapattah,FL
28.6611,-81.3656,Altamonte Springs,FL
27.8717,-81.7151,Alturas,FL
26.7156,-81.6101,Alva,FL
25.9684,-80.2128,Andover,FL
27.5312,-82.7334,Anna Maria,FL
29.7258,-84.9832,Apalachicola,FL
27.7731,-82.4076,Apollo Beach,FL
28.6762,-81.5119,Apopka,FL
27.2159,-81.8584,Arcadia,FL
29.53,-82.519,Archer,FL
30.0491,-81.8215,Asbury Lake,FL
28.7097,-81.7328,Astatula,FL
29.1625,-81.5254,Astor,FL
30.3344,-81.3987,Atlantic Beach,FL
26.5909,-80.1009,Atlantis,FL
28.0653,-81.7887,Auburndale,FL
25.9565,-80.1392,Aventura,FL
27.5959,-81.5062,Avon Park,FL
28.5411,-81.3006,Azalea Park,FL
27.832,-81.5223,Babson Park,FL
30.5988,-87.0311,Bagdad,FL
25.8918,-80.127,Bal Harbour,FL
30.3027,-81.9754,Baldwin,FL
27.7595,-82.2612,Balm,FL
27.8964,-81.8431,Bartow,FL
25.8876,-80.1312,Bay Harbor Islands,FL
28.4681,-81.5162,Bay Hill,FL
27.8142,-82.7782,Bay Pines,FL
28.3267,-82.6834,Bayonet Point,FL
27.4253,-82.5904,Bayshore Gardens,FL
28.2086,-82.7554,Beacon Square,FL
27.2839,-82.4806,Bee Ridge,FL
26.6845,-80.6676,Belle Glade,FL
26.6576,-80.6828,Belle Glade Camp,FL
28.4583,-81.3592,Belle Isle,FL
27.9358,-82.8062,Belleair,FL
27.9231,-82.8432,Belleair Beach,FL
27.9214,-82.817,Belleair Bluffs,FL
29.0553,-82.0623,Belleview,FL
30.4616,-87.315,Bellview,FL
28.9169,-82.4582,Beverly Hills,FL
24.5965,-81.6601,Big Coppitt Key,FL
24.6699,-81.354,Big Pine Key,FL
25.8826,-80.1806,Biscayne Park,FL
28.5547,-81.1064,Bithlo,FL
28.9125,-82.4859,Black Diamond,FL
27.8936,-82.2404,Bloomingdale,FL
30.4435,-85.0452,Blountstown,FL
26.3451,-80.1467,Boca Del Mar,FL
26.3331,-80.1595,Boca Pointe,FL
26.3587,-80.0831,Boca Raton,FL
26.7056,-82.159,Bokeelia,FL
30.7919,-85.6796,Bonifay,FL
26.3398,-81.7787,Bonita Springs,FL
27.6384,-81.824,Bowling Green,FL
27.8175,-82.2226,Boyette,FL
26.5253,-80.0664,Boynton Beach,FL
27.4989,-82.5748,Bradenton,FL
27.467,-82.704,Bradenton Beach,FL
27.9378,-82.2859,Brandon,FL
30.4688,-87.2361,Brent,FL
30.4325,-84.977,Bristol,FL
26.0995,-80.2087,Broadview Park,FL
29.4477,-82.6423,Bronson,FL
28.5511,-82.492,Brookridge,FL
28.5553,-82.3879,Brooksville,FL
26.1256,-80.1934,Broward Estates,FL
25.8218,-80.2412,Brownsville,FL
27.1303,-80.8937,Buckhead Ridge,FL
26.6751,-81.732,Buckingham,FL
28.3358,-81.3531,Buenaventura Lakes,FL
25.9206,-80.237,Bunche Park,FL
29.4661,-81.2578,Bunnell,FL
26.7651,-82.0509,Burnt Store Marina,FL
28.665,-82.1129,Bushnell,FL
29.7983,-81.267,Butler Beach,FL
30.5622,-81.8307,Callahan,FL
30.153,-85.5699,Callaway,FL
28.2589,-81.4565,Campbell,FL
30.6085,-87.34,Cantonment,FL
28.4058,-80.6048,Cape Canaveral,FL
26.5629,-81.9495,Cape Coral,FL
25.9407,-80.2456,Carol City,FL
29.8533,-84.6643,Carrabelle,FL
28.05,-82.4929,Carrollwood,FL
28.0675,-82.5209,Carrollwood Village,FL
25.9884,-80.1923,Carver Ranches,FL
28.6778,-81.3278,Casselberry,FL
30.171,-85.6252,Cedar Grove,FL
28.3253,-81.5331,Celebration,FL
30.9732,-87.2639,Century,FL
26.9584,-82.067,Charlotte Harbor,FL
26.9101,-82.054,Charlotte Park,FL
30.7052,-84.843,Chattahoochee,FL
28.1486,-82.5145,Cheval,FL
29.475,-82.8598,Chiefland,FL
30.7819,-85.5385,Chipley,FL
28.5364,-81.0176,Christmas,FL
28.6419,-81.1234,Chuluota,FL
29.4119,-82.1098,Citra,FL
28.8883,-82.4326,Citrus Hills,FL
28.0784,-82.5698,Citrus Park,FL
28.3339,-81.6423,Citrus Ridge,FL
28.9975,-82.4707,Citrus Springs,FL
28.6128,-81.4987,Clarcona,FL
27.9658,-82.8001,Clearwater,FL
28.5494,-81.7729,Clermont,FL
26.7542,-80.9337,Clewiston,FL
26.9617,-81.984,Cleveland,FL
28.3861,-80.742,Cocoa,FL
28.32,-80.6076,Cocoa Beach,FL
26.2518,-80.1789,Coconut Creek,FL
25.7126,-80.257,Coconut Grove,FL
28.0584,-81.9054,Combee Settlement,FL
28.5028,-81.3306,Conway,FL
26.0573,-80.2717,Cooper City,FL
25.7215,-80.2684,Coral Gables,FL
26.2712,-80.2706,Coral Springs,FL
25.7459,-80.3045,Coral Terrace,FL
27.4692,-82.6862,Cortez,FL
25.634,-80.4323,Country Walk,FL
25.9481,-80.317,Country Club,FL
30.176,-84.3752,Crawfordville,FL
29.4303,-81.5106,Crescent City,FL
30.7621,-86.5705,Crestview,FL
27.8292,-81.584,Crooked Lake Park,FL
29.6347,-83.1269,Cross City,FL
28.0356,-81.9084,Crystal Lake,FL
28.9025,-82.5926,Crystal River,FL
28.1814,-82.1576,Crystal Springs,FL
24.6715,-81.4984,Cudjoe Key,FL
25.6151,-80.3106,Cutler,FL
25.5807,-80.3467,Cutler Ridge,FL
27.9939,-81.6901,Cypress Gardens,FL
26.5381,-81.8992,Cypress Lake,FL
27.252,-80.814,Cypress Quarters,FL
28.3647,-82.1959,Dade City,FL
26.0523,-80.1439,Dania Beach,FL
28.1614,-81.6017,Davenport,FL
26.0629,-80.2331,Davie,FL
29.2108,-81.0228,Daytona Beach,FL
29.1761,-80.9828,Daytona Beach Shores,FL
30.721,-86.1152,DeFuniak Springs,FL
29.0283,-81.3031,DeLand,FL
29.1199,-81.3529,De Leon Springs,FL
28.8831,-81.3087,DeBary,FL
26.3184,-80.0998,Deerfield Beach,FL
26.4615,-80.0728,Delray Beach,FL
28.9005,-81.2637,Deltona,FL
27.3714,-82.4898,Desoto Lakes,FL
30.3935,-86.4958,Destin,FL
28.4494,-81.4923,Doctor Phillips,FL
25.8195,-80.3553,Doral,FL
27.9942,-82.2195,Dover,FL
28.0225,-81.6192,Dundee,FL
28.0197,-82.7718,Dunedin,FL
29.0491,-82.4609,Dunnellon,FL
27.9784,-81.7565,Eagle Lake,FL
28.1108,-82.6948,East Lake,FL
30.6152,-87.0216,East Milton,FL
29.6583,-81.5984,East Palatka,FL
30.4288,-87.18,East Pensacola Heights,FL
25.6087,-80.3389,East Perrine,FL
29.7366,-84.8785,Eastpoint,FL
28.6147,-81.3806,Eatonville,FL
28.9889,-80.9023,Edgewater,FL
28.4861,-81.3723,Edgewood,FL
30.463,-86.5394,Eglin Village,FL
28.0177,-82.5062,Egypt Lake-Leto,FL
25.8554,-80.1931,El Portal,FL
28.2167,-82.7223,Elfers,FL
27.5217,-82.5276,Ellenton,FL
26.962,-82.3526,Englewood,FL
30.5188,-87.2728,Ensley,FL
26.4381,-81.8067,Estero,FL
28.8528,-81.6853,Eustis,FL
28.5911,-81.3942,Fairview Shores,FL
27.9097,-82.657,Feather Sound,FL
27.7678,-80.6014,Fellsmere,FL
28.6492,-81.3512,Fern Park,FL
30.6697,-81.4626,Fernandina Beach,FL
30.5102,-87.2125,Ferry Pass,FL
27.8506,-82.2109,Fish Hawk,FL
30.2091,-82.6373,Five Points,FL
25.7623,-80.3162,Flagami,FL
29.475,-81.127,Flagler Beach,FL
28.75,-82.2968,Floral City,FL
25.4479,-80.4792,Florida City,FL
27.5803,-80.3867,Florida Ridge,FL
28.6668,-81.4433,Forest City,FL
26.1223,-80.1434,Fort Lauderdale,FL
27.7523,-81.8017,Fort Meade,FL
26.6217,-81.8406,Fort Myers,FL
26.452,-81.9481,Fort Myers Beach,FL
26.7092,-81.7459,Fort Myers Shores,FL
27.4467,-80.3256,Fort Pierce,FL
30.4058,-86.6188,Fort Walton Beach,FL
25.7729,-80.3478,Fountainebleau,FL
30.4982,-86.136,Freeport,FL
27.7459,-81.5306,Frostproof,FL
30.1111,-81.6418,Fruit Cove,FL
28.8614,-81.9065,Fruitland Park,FL
27.3298,-82.4576,Fruitville,FL
27.9092,-81.9981,Fuller Heights,FL
28.0542,-81.8606,Fussels Corner,FL
29.6516,-82.3248,Gainesville,FL
27.8685,-82.6161,Gandy,FL
26.5776,-81.7504,Gateway,FL
28.7397,-81.1151,Geneva,FL
28.1147,-81.9737,Gibsonia,FL
27.8536,-82.3826,Gibsonton,FL
27.6753,-80.4092,Gifford,FL
25.8393,-80.2356,Gladeview,FL
29.0258,-80.972,Glencoe,FL
25.7076,-80.3256,Glenvar Heights,FL
26.1879,-81.6951,Golden Gate,FL
25.9118,-80.2003,Golden Glades,FL
28.6103,-81.2887,Goldenrod,FL
30.5816,-87.2914,Gonzalez,FL
28.5278,-81.5231,Gotha,FL
30.443,-87.2225,Goulding,FL
25.5626,-80.3823,Goulds,FL
30.9568,-85.5166,Graceville,FL
29.9919,-81.6782,Green Cove Springs,FL
26.6237,-80.1253,Greenacres City,FL
30.6171,-84.6599,Gretna,FL
26.9142,-82.327,Grove City,FL
28.5581,-81.8512,Groveland,FL
30.3571,-87.1639,Gulf Breeze,FL
27.2517,-82.5147,Gulf Gate Estates,FL
27.7484,-82.7034,Gulfport,FL
28.1142,-81.6179,Haines City,FL
25.9812,-80.1484,Hallandale Beach,FL
27.9095,-82.8276,Harbor Bluffs,FL
26.9909,-82.0023,Harbour Heights,FL
26.7376,-80.9509,Harlem,FL
26.5162,-81.9279,Harlem Heights,FL
30.6238,-84.4146,Havana,FL
26.6912,-80.12,Haverhill,FL
29.5919,-82.0873,Hawthorne,FL
28.7614,-81.8709,Hawthorne,FL
28.7633,-81.3722,Heathrow,FL
28.9,-82.3745,Hernando,FL
28.4694,-82.6593,Hernando Beach,FL
25.8576,-80.2781,Hialeah,FL
25.8651,-80.3245,Hialeah Gardens,FL
29.8269,-82.5968,High Springs,FL
26.3995,-80.0656,Highland Beach,FL
27.9653,-81.8779,Highland City,FL
30.201,-85.6269,Hiland Park,FL
28.5197,-82.2993,Hill 'n Dale,FL
30.6911,-81.9173,Hilliard,FL
26.294,-80.0789,Hillsboro Beach,FL
27.0595,-80.1364,Hobe Sound,FL
28.4967,-81.3879,Holden Heights,FL
28.1878,-82.7395,Holiday,FL
30.4469,-86.9069,Holley,FL
29.2436,-81.0376,Holly Hill,FL
26.0112,-80.1495,Hollywood,FL
27.4953,-82.7109,Holmes Beach,FL
25.4687,-80.4776,Homestead,FL
28.7814,-82.6151,Homosassa,FL
28.8036,-82.5759,Homosassa Springs,FL
28.7169,-81.7734,Howie In The Hills,FL
28.3645,-82.6934,Hudson,FL
28.3606,-81.4223,Hunters Creek,FL
26.5665,-80.0534,Hypoluxo,FL
26.4187,-81.4173,Immokalee,FL
28.0895,-80.5656,Indialantic,FL
28.1489,-80.5884,Indian Harbour Beach,FL
27.3645,-80.3098,Indian River Estates,FL
27.7167,-80.3842,Indian River Shores,FL
27.8753,-82.8512,Indian Rocks Beach,FL
27.8628,-82.8484,Indian Shores,FL
27.0273,-80.4856,Indiantown,FL
29.0302,-82.6687,Inglis,FL
29.6239,-81.8904,Interlachen,FL
28.8358,-82.3304,Inverness,FL
28.037,-81.7651,Inwood,FL
26.5204,-81.964,Iona,FL
24.9243,-80.6278,Islamorada,FL
25.9623,-80.1767,Ives Estates,FL
30.3322,-81.6556,Jacksonville,FL
30.2947,-81.3931,Jacksonville Beach,FL
28.0147,-81.7717,Jan-Phyl Village,FL
28.2931,-82.6901,Jasmine Estates,FL
30.5183,-82.9482,Jasper,FL
27.2545,-80.2298,Jensen Beach,FL
28.0722,-80.6801,June Park,FL
26.8798,-80.0534,Juno Beach,FL
26.9342,-80.0942,Jupiter,FL
28.1209,-82.0231,Kathleen,FL
25.7082,-80.407,Kendale Lakes,FL
25.6793,-80.3173,Kendall,FL
26.254,-80.1239,Kendall Green,FL
27.8156,-82.7201,Kenneth City,FL
27.3595,-82.4965,Kensington Park,FL
25.6937,-80.1628,Key Biscayne,FL
25.0865,-80.4473,Key Largo,FL
24.5557,-81.7826,Key West,FL
28.1559,-82.6212,Keystone,FL
29.7861,-82.0315,Keystone Heights,FL
26.4454,-80.1398,Kings Point,FL
28.3047,-81.4167,Kissimmee,FL
26.7617,-81.4384,LaBelle,FL
28.4658,-82.172,Lacoochee,FL
28.9175,-81.9229,Lady Lake,FL
30.2397,-85.9241,Laguna Beach,FL
28.092,-81.7234,Lake Alfred,FL
26.6892,-80.1334,Lake Belvedere Estates,FL
30.0227,-82.3396,Lake Butler,FL
28.5017,-81.5409,Lake Butler,FL
30.1897,-82.6393,Lake City,FL
26.6453,-80.0759,Lake Clarke Shores,FL
25.9776,-80.1831,Lake Forest,FL
28.0445,-81.6278,Lake Hamilton,FL
28.9808,-81.2334,Lake Helen,FL
30.4416,-86.5652,Lake Lorraine,FL
25.9651,-80.2414,Lake Lucerne,FL
28.0742,-82.4718,Lake Magdalene,FL
28.7558,-82.0948,Lake Panasoffkee,FL
26.8003,-80.0664,Lake Park,FL
27.2931,-81.3628,Lake Placid,FL
27.2925,-82.4376,Lake Sarasota,FL
28.7589,-81.3178,Lake Mary,FL
27.9014,-81.5859,Lake Wales,FL
26.6159,-80.057,Lake Worth,FL
26.6165,-80.101,Lake Worth Corridor,FL
28.0395,-81.9498,Lakeland,FL
27.9597,-81.9501,Lakeland Highlands,FL
25.5723,-80.3253,Lakes by the Bay,FL
30.13,-81.7682,Lakeside,FL
27.5431,-80.4023,Lakewood Park,FL
27.4814,-80.3742,Lakewood Park,FL
28.2189,-82.4576,Land O' Lakes,FL
26.5867,-80.052,Lantana,FL
27.9098,-82.7884,Largo,FL
26.1665,-80.2084,Lauderdale Lakes,FL
26.192,-80.0964,Lauderdale-by-the-Sea,FL
26.1404,-80.2134,Lauderhill,FL
27.1438,-82.4616,Laurel,FL
27.8211,-82.6793,Lealman,FL
28.8516,-82.4876,Lecanto,FL
28.8108,-81.8779,Leesburg,FL
26.6254,-81.6248,Lehigh Acres,FL
25.4954,-80.4292,Leisure City,FL
26.1007,-81.7284,Lely,FL
26.0809,-81.6979,Lely Resort,FL
26.2756,-80.0873,Lighthouse Point,FL
26.9428,-80.1411,Limestone Creek,FL
30.295,-82.984,Live Oak,FL
26.6442,-81.9098,Lochmoor Waterway Estates,FL
28.6194,-81.4426,Lockhart,FL
27.4125,-82.659,Longboat Key,FL
28.7031,-81.3384,Longwood,FL
28.242,-81.5667,Loughman,FL
30.1441,-85.7508,Lower Grand Lagoon,FL
26.6837,-80.2798,Loxahatchee Groves,FL
28.1511,-82.4615,Lutz,FL
30.2455,-85.6483,Lynn Haven,FL
30.2822,-82.1221,Macclenny,FL
27.7981,-82.7973,Madeira Beach,FL
30.4694,-83.4129,Madison,FL
28.6278,-81.3631,Maitland,FL
28.0036,-80.5656,Malabar,FL
30.9577,-85.1621,Malone,FL
26.9253,-82.352,Manasota Key,FL
29.513,-82.9143,Manatee Road,FL
27.9797,-82.3065,Mango,FL
26.7603,-80.0737,Mangonia Park,FL
24.7138,-81.0904,Marathon,FL
25.9726,-81.729,Marco,FL
26.2445,-80.2064,Margate,FL
30.7744,-85.2269,Marianna,FL
30.4099,-86.663,Mary Esther,FL
28.4417,-82.457,Masaryktown,FL
28.5783,-81.8868,Mascotte,FL
30.053,-83.1749,Mayo,FL
26.5609,-81.9145,McGregor,FL
28.3856,-81.3665,Meadow Woods,FL
27.9678,-81.9734,Medulla,FL
28.0836,-80.6081,Melbourne,FL
28.0683,-80.5603,Melbourne Beach,FL
26.1134,-80.1934,Melrose Park,FL
27.5359,-82.5612,Memphis,FL
28.5392,-80.672,Merritt Island,FL
29.9481,-85.42,Mexico Beach,FL
25.7743,-80.1937,Miami,FL
25.7906,-80.13,Miami Beach,FL
25.9798,-80.2026,Miami Gardens,FL
25.942,-80.2456,Miami Gardens,FL
25.9087,-80.3087,Miami Lakes,FL
25.8632,-80.1928,Miami Shores,FL
25.8223,-80.2895,Miami Springs,FL
27.8806,-80.5003,Micco,FL
30.4955,-84.4544,Midway,FL
28.7903,-81.2309,Midway,FL
30.0689,-81.8604,Middleburg,FL
30.6324,-87.0397,Milton,FL
28.6653,-80.8448,Mims,FL
28.5744,-81.7462,Minneola,FL
25.9873,-80.2323,Miramar,FL
30.3744,-86.3586,Miramar Beach,FL
30.7241,-87.3141,Molino,FL
30.5452,-83.8702,Monticello,FL
28.6003,-81.674,Montverde,FL
26.8331,-81.0931,Moore Haven,FL
28.8025,-81.6445,Mount Dora,FL
28.8081,-81.5331,Mount Plymouth,FL
27.8953,-81.9734,Mulberry,FL
30.421,-87.3075,Myrtle Grove,FL
26.142,-81.7948,Naples,FL
26.0887,-81.7262,Naples Manor,FL
26.2617,-81.8093,Naples Park,FL
25.5182,-80.4228,Naranja,FL
30.4016,-86.8636,Navarre,FL
30.3119,-81.3965,Neptune Beach,FL
28.2442,-82.7193,New Port Richey,FL
29.0258,-80.927,New Smyrna Beach,FL
29.6464,-82.6065,Newberry,FL
30.5169,-86.4822,Niceville,FL
27.1603,-81.8823,Nocatee,FL
27.1192,-82.4443,Nokomis,FL
25.949,-80.2123,Norland,FL
26.1915,-80.1442,North Andrews Gardens,FL
25.8462,-80.1539,North Bay Village,FL
28.573,-82.4082,North Brooksville,FL
29.0494,-81.2981,North DeLand,FL
26.6673,-81.8801,North Fort Myers,FL
25.2673,-80.3234,North Key Largo,FL
26.2173,-80.2259,North Lauderdale,FL
25.8901,-80.1867,North Miami,FL
25.9332,-80.1625,North Miami Beach,FL
26.8176,-80.082,North Palm Beach,FL
27.0442,-82.2359,North Port,FL
27.8161,-82.8207,North Redington Beach,FL
27.2175,-80.2698,North River Shores,FL
27.3739,-82.5184,North Sarasota,FL
28.8644,-80.8545,Oak Hill,FL
28.4711,-81.4245,Oak Ridge,FL
28.555,-81.6331,Oakland,FL
26.1723,-80.132,Oakland Park,FL
29.1872,-82.1401,Ocala,FL
30.441,-86.6136,Ocean City,FL
26.527,-80.0484,Ocean Ridge,FL
28.5692,-81.544,Ocoee,FL
28.1939,-82.5918,Odessa,FL
25.9484,-80.1506,Ojus,FL
27.2439,-80.8298,Okeechobee,FL
28.0342,-82.6651,Oldsmar,FL
26.719,-81.7123,Olga,FL
25.7268,-80.3553,Olympia Heights,FL
25.9023,-80.2503,Opa-locka,FL
28.9489,-81.2987,Orange City,FL
30.1661,-81.7065,Orange Park,FL
26.2929,-81.5884,Orangetree,FL
30.3738,-87.0914,Oriole Beach,FL
28.5383,-81.3792,Orlando,FL
28.5383,-81.4604,Orlovista,FL
29.2858,-81.0559,Ormond Beach,FL
29.3491,-81.0665,Ormond-by-the-Sea,FL
27.1962,-82.4904,Osprey,FL
28.67,-81.2081,Oviedo,FL
30.5994,-87.1611,Pace,FL
26.8201,-80.6653,Pahokee,FL
29.6486,-81.6376,Palatka,FL
26.2062,-80.1917,Palm Aire,FL
28.0345,-80.5887,Palm Bay,FL
26.7056,-80.0364,Palm Beach,FL
26.8234,-80.1386,Palm Beach Gardens,FL
26.7781,-80.0356,Palm Beach Shores,FL
27.1678,-80.2662,Palm City,FL
29.585,-81.2078,Palm Coast,FL
28.0781,-82.7637,Palm Harbor,FL
26.6359,-80.0961,Palm Springs,FL
25.9351,-80.3338,Palm Springs North,FL
30.1775,-81.3876,Palm Valley,FL
27.5214,-82.5723,Palmetto,FL
25.6218,-80.3248,Palmetto Bay,FL
25.6215,-80.362,Palmetto Estates,FL
26.6865,-81.8965,Palmona Park,FL
30.1595,-85.6598,Panama City,FL
30.1766,-85.8055,Panama City Beach,FL
28.6236,-81.544,Paradise Heights,FL
30.131,-85.6033,Parker,FL
26.3101,-80.2373,Parkland,FL
28.1484,-82.3457,Pebble Creek,FL
26.2312,-81.8056,Pelican Bay,FL
25.9879,-80.1748,Pembroke Park,FL
26.0032,-80.2239,Pembroke Pines,FL
30.4213,-87.2169,Pensacola,FL
30.1177,-83.5827,Perry,FL
29.2394,-81.4656,Pierson,FL
28.4719,-81.3679,Pine Castle,FL
28.5578,-81.4534,Pine Hills,FL
26.6137,-82.1181,Pine Island Center,FL
26.0948,-80.2739,Pine Island Ridge,FL
26.5728,-81.8781,Pine Manor,FL
28.9383,-82.4734,Pine Ridge,FL
26.2306,-81.7959,Pine Ridge,FL
25.667,-80.3081,Pinecrest,FL
27.8428,-82.6995,Pinellas Park,FL
25.869,-80.217,Pinewood,FL
27.2414,-81.407,Placid Lakes,FL
28.0189,-82.1147,Plant City,FL
26.1342,-80.2318,Plantation,FL
24.9762,-80.5523,Plantation,FL
27.0681,-82.3729,Plantation,FL
26.7031,-80.1323,Plantation Mobile Home Park,FL
28.1403,-81.4584,Poinciana,FL
30.6902,-87.0536,Point Baker,FL
28.1825,-81.824,Polk City,FL
26.2379,-80.1248,Pompano Beach,FL
26.2829,-80.107,Pompano Beach Highlands,FL
29.0964,-80.937,Ponce Inlet,FL
30.2397,-81.3856,Ponte Vedra Beach,FL
26.9762,-82.0906,Port Charlotte,FL
26.7565,-81.4051,Port LaBelle,FL
29.1383,-80.9956,Port Orange,FL
28.2717,-82.7195,Port Richey,FL
29.8119,-85.303,Port Saint Joe,FL
28.4769,-80.7887,Port Saint John,FL
27.2939,-80.3503,Port Saint Lucie,FL
27.1442,-80.2006,Port Salerno,FL
30.1966,-85.6966,Pretty Bayou,FL
25.5384,-80.4089,Princeton,FL
27.9003,-82.3645,Progress Village,FL
26.9298,-82.0454,Punta Gorda,FL
26.9176,-82.0784,Punta Gorda Isles,FL
26.4879,-82.0123,Punta Rassa,FL
30.5871,-84.5833,Quincy,FL
27.8086,-82.8112,Redington Beach,FL
27.8261,-82.829,Redington Shores,FL
25.6315,-80.3689,Richmond Heights,FL
25.6105,-80.4297,Richmond West,FL
28.5075,-82.1704,Ridge Manor,FL
27.2873,-82.5131,Ridge Wood Heights,FL
27.8975,-82.8053,Ridgecrest,FL
27.3142,-80.3473,River Park,FL
27.8661,-82.3265,Riverview,FL
26.7753,-80.0581,Riviera Beach,FL
26.1551,-80.177,Rock Island,FL
28.3508,-80.7253,Rockledge,FL
27.8359,-80.4931,Roseland,FL
26.8837,-82.2901,Rotonda,FL
26.7084,-80.2306,Royal Palm Beach,FL
26.6817,-80.125,Royal Palm Estates,FL
27.7209,-82.4331,Ruskin,FL
27.9908,-82.6932,Safety Harbor,FL
29.8947,-81.3145,Saint Augustine,FL
29.8505,-81.2653,Saint Augustine Beach,FL
29.8108,-81.3103,Saint Augustine Shores,FL
28.2489,-81.2812,Saint Cloud,FL
28.0564,-82.7279,Saint George,FL
26.4976,-82.0784,Saint James City,FL
28.3372,-82.2584,Saint Leo,FL
27.7253,-82.7412,Saint Pete Beach,FL
27.7709,-82.6793,Saint Petersburg,FL
27.4695,-82.5415,Samoset,FL
28.3361,-82.2745,San Antonio,FL
26.4673,-81.8015,San Carlos Park,FL
26.449,-82.0223,Sanibel,FL
28.8006,-81.2731,Sanford,FL
27.3364,-82.5306,Sarasota,FL
27.3089,-82.4795,Sarasota Springs,FL
28.1761,-80.5901,Satellite Beach,FL
30.1927,-81.3706,Sawgrass,FL
26.7156,-80.115,Schall Circle,FL
25.9415,-80.232,Scott Lake,FL
30.321,-86.1416,Seaside,FL
27.8164,-80.4706,Sebastian,FL
27.4956,-81.4409,Sebring,FL
27.9836,-82.2756,Seffner,FL
27.8397,-82.7912,Seminole,FL
26.5837,-80.1003,Seminole Manor,FL
27.1995,-80.2023,Sewall's Point,FL
28.41,-82.5429,Shady Hills,FL
28.4322,-80.7601,Sharpes,FL
27.302,-82.5515,Siesta Key,FL
28.8419,-81.7984,Silver Lake,FL
29.1044,-82.0206,Silver Springs Shores,FL
28.4572,-81.3915,Sky Lake,FL
30.7077,-84.9244,Sneads,FL
26.664,-80.7162,South Bay,FL
27.5911,-80.3442,South Beach,FL
27.4631,-82.5818,South Bradenton,FL
28.6619,-81.5095,South Apopka,FL
28.5314,-82.4023,South Brooksville,FL
29.1658,-81.0045,South Daytona,FL
27.2864,-82.4968,South Gate Ridge,FL
27.917,-82.7129,South Highpoint,FL
25.7076,-80.2934,South Miami,FL
25.5976,-80.3806,South Miami Heights,FL
26.589,-80.0387,South Palm Beach,FL
27.755,-82.7376,South Pasadena,FL
28.2022,-80.6095,South Patrick Shores,FL
27.2862,-82.5329,South Sarasota,FL
27.0531,-82.4243,South Venice,FL
28.3931,-81.3834,Southchase,FL
27.3081,-82.5098,Southgate,FL
26.0587,-80.3373,Southwest Ranches,FL
28.4769,-82.5255,Spring Hill,FL
30.1533,-85.6113,Springfield,FL
29.9441,-82.1098,Starke,FL
29.6711,-83.3876,Steinhatchee,FL
24.5671,-81.7384,Stock Island,FL
27.1975,-80.2528,Stuart,FL
28.7322,-82.5062,Sugarmill Woods,FL
27.7181,-82.3518,Sun City Center,FL
26.7117,-81.869,Suncoast Estates,FL
25.9506,-80.1228,Sunny Isles Beach,FL
26.134,-80.1131,Sunrise,FL
25.7059,-80.3523,Sunset,FL
26.0459,-80.3289,Sunshine Ranches,FL
25.8784,-80.1256,Surfside,FL
25.7634,-80.3731,Sweetwater,FL
28.4297,-81.3651,Taft,FL
30.4383,-84.2807,Tallahassee,FL
26.2129,-80.2498,Tamarac,FL
25.7587,-80.3984,Tamiami,FL
27.9475,-82.4584,Tampa,FL
28.4558,-81.4459,Tangelo Park,FL
28.765,-81.6306,Tangerine,FL
28.1461,-82.7568,Tarpon Springs,FL
28.8042,-81.7256,Tavares,FL
25.0115,-80.5151,Tavernier,FL
27.2167,-80.7895,Taylor Creek,FL
26.2843,-80.1223,Tedder,FL
28.0353,-82.3893,Temple Terrace,FL
26.9681,-80.1286,Tequesta,FL
26.2162,-80.0953,Terra Mar,FL
25.6707,-80.4012,The Crossings,FL
25.6715,-80.4445,The Hammocks,FL
27.3617,-82.469,The Meadows,FL
28.9341,-81.9599,The Villages,FL
28.0614,-82.3023,Thonotosassa,FL
25.6421,-80.3984,Three Lakes,FL
26.4701,-81.794,Three Oaks,FL
26.6748,-81.8151,Tice,FL
27.692,-82.7234,Tierra Verde,FL
30.3785,-87.0555,Tiger Point,FL
28.4703,-82.6032,Timber Pines,FL
28.6122,-80.8076,Titusville,FL
28.0106,-82.5773,Town 'n' Country,FL
27.7692,-82.769,Treasure Island,FL
29.6133,-82.8176,Trenton,FL
26.1809,-80.16,Twin Lakes,FL
28.9294,-81.6656,Umatilla,FL
28.5681,-81.2862,Union Park,FL
25.7465,-80.3675,University Park,FL
30.1633,-85.7408,Upper Grand Lagoon,FL
30.5085,-86.5027,Valparaiso,FL
27.9379,-82.2364,Valrico,FL
27.222,-82.4979,Vamo,FL
27.0998,-82.4543,Venice,FL
27.0731,-82.4076,Venice Gardens,FL
27.6386,-80.3973,Vero Beach,FL
26.4623,-80.1528,Villages of Oriole,FL
29.9386,-81.302,Villano Beach,FL
26.2279,-81.7092,Vineyards,FL
25.8104,-80.3023,Virginia Gardens,FL
27.7647,-80.3989,Wabasso Beach,FL
27.9528,-81.727,Wahneta,FL
29.7897,-82.1673,Waldo,FL
30.6774,-87.18,Wallace,FL
27.0598,-82.2601,Warm Mineral Springs,FL
30.3841,-87.275,Warrington,FL
26.1326,-80.1812,Washington Park,FL
30.1925,-82.6146,Watertown,FL
27.5473,-81.8115,Wauchula,FL
28.4878,-81.0773,Wedgefield,FL
28.5336,-82.6295,Weeki Wachee Gardens,FL
28.6986,-81.4256,Wekiwa Springs,FL
30.2311,-82.8196,Wellborn,FL
26.6587,-80.2414,Wellington,FL
28.2397,-82.3279,Wesley Chapel,FL
27.5025,-82.614,West Bradenton,FL
28.055,-82.6098,Westchase,FL
29.0158,-81.3331,West DeLand,FL
25.857,-80.237,West Little River,FL
28.0717,-80.6534,West Melbourne,FL
25.7634,-80.2962,West Miami,FL
26.7153,-80.0534,West Palm Beach,FL
25.9845,-80.1989,West Park,FL
30.4266,-87.2797,West Pensacola,FL
25.6059,-80.3628,West Perrine,FL
27.4695,-82.5568,West Samoset,FL
27.6378,-80.4858,West Vero Corridor,FL
27.8199,-82.6894,West and East Lealman,FL
25.7548,-80.3273,Westchester,FL
26.1004,-80.3998,Weston,FL
25.882,-80.242,Westview,FL
25.7293,-80.3728,Westwood Lake,FL
30.1127,-85.2005,Wewahitchka,FL
26.5726,-81.8901,Whiskey Creek,FL
27.3739,-80.3339,White City,FL
27.4117,-82.5659,Whitfield,FL
28.8653,-82.039,Wildwood,FL
28.4144,-81.4429,Williamsburg,FL
29.3875,-82.4468,Williston,FL
29.3405,-82.5415,Williston Highlands,FL
27.9161,-82.0179,Willow Oak,FL
26.1604,-80.1389,Wilton Manors,FL
27.7125,-82.299,Wimauma,FL
28.4956,-81.5348,Windermere,FL
28.0317,-82.0148,Winston,FL
27.7192,-80.4206,Winter Beach,FL
28.5653,-81.5862,Winter Garden,FL
28.0222,-81.7329,Winter Haven,FL
28.6,-81.3392,Winter Park,FL
28.6989,-81.3081,Winter Springs,FL
30.3882,-86.9908,Woodlawn Beach,FL
30.3141,-84.2474,Woodville,FL
30.4557,-86.6383,Wright,FL
28.7386,-81.8087,Yalaha,FL
30.3644,-85.4383,Youngstown,FL
30.6319,-81.6065,Yulee,FL
28.7311,-81.6012,Zellwood,FL
28.2336,-82.1812,Zephyrhills,FL
27.4934,-81.7959,Zolfo Springs,FL
31.9921,-83.3068,Abbeville,GA
34.0663,-84.6784,Acworth,GA
34.3687,-84.9341,Adairsville,GA
31.1373,-83.4241,Adel,GA
32.1471,-82.7779,Alamo,GA
31.5785,-84.1557,Albany,GA
31.5394,-82.4624,Alma,GA
34.0754,-84.2941,Alpharetta,GA
34.4673,-83.5738,Alto,GA
32.0724,-84.2327,Americus,GA
33.5461,-82.3173,Appling,GA
34.0457,-85.0561,Aragon,GA
34.0779,-83.5615,Arcade,GA
31.4399,-84.7249,Arlington,GA
31.706,-83.6532,Ashburn,GA
33.9609,-83.3779,Athens,GA
33.749,-84.388,Atlanta,GA
34.0137,-83.8277,Auburn,GA
33.471,-81.9748,Augusta,GA
33.8126,-84.6344,Austell,GA
33.7715,-84.2671,Avondale Estates,GA
30.9038,-84.5755,Bainbridge,GA
34.4918,-83.5374,Baldwin,GA
34.3381,-84.3766,Ball Ground,GA
33.0546,-84.1557,Barnesville,GA
31.7782,-82.3485,Baxley,GA
33.7548,-84.2674,Belvedere Park,GA
33.9837,-84.1866,Berkeley Lake,GA
31.306,-82.2421,Blackshear,GA
34.8762,-83.9582,Blairsville,GA
31.3777,-84.9341,Blakely,GA
32.1324,-81.299,Bloomingdale,GA
34.864,-84.3241,Blue Ridge,GA
33.9493,-83.5346,Bogart,GA
33.4657,-84.3366,Bonanza,GA
30.7919,-83.7899,Boston,GA
33.5379,-85.2533,Bowdon,GA
34.1093,-83.7627,Braselton,GA
33.7212,-85.1455,Bremen,GA
32.3796,-81.6632,Brooklet,GA
31.6252,-82.8868,Broxton,GA
31.15,-81.4915,Brunswick,GA
33.8026,-85.1886,Buchanan,GA
32.319,-84.5171,Buena Vista,GA
34.1207,-84.0044,Buford,GA
32.5571,-84.2382,Butler,GA
32.6538,-83.7596,Byron,GA
30.8775,-84.2021,Cairo,GA
34.5026,-84.951,Calhoun,GA
31.2313,-84.2105,Camilla,GA
34.2368,-84.4908,Canton,GA
34.3698,-83.2352,Carnesville,GA
33.5801,-85.0766,Carrollton,GA
34.1653,-84.8023,Cartersville,GA
34.1076,-85.3363,Cave Spring,GA
34.0537,-85.2549,Cedartown,GA
32.6301,-83.6896,Centerville,GA
33.892,-84.2988,Chamblee,GA
34.7659,-84.7699,Chatsworth,GA
34.9329,-85.3555,Chattanooga Valley,GA
32.3938,-83.1529,Chester,GA
34.8712,-85.2908,Chickamauga,GA
34.6126,-83.5249,Clarkesville,GA
33.8096,-84.2396,Clarkston,GA
32.1616,-81.904,Claxton,GA
34.8781,-83.401,Clayton,GA
34.597,-83.7632,Cleveland,GA
32.3868,-83.3546,Cochran,GA
33.6534,-84.4494,College Park,GA
31.1713,-84.7332,Colquitt,GA
32.461,-84.9877,Columbus,GA
34.0637,-83.1254,Comer,GA
34.204,-83.4571,Commerce,GA
33.6448,-84.3258,Conley,GA
33.6676,-84.0177,Conyers,GA
31.9635,-83.7824,Cordele,GA
34.5115,-83.5271,Cornelia,GA
33.9893,-83.4096,Country Club Estates,GA
31.2127,-81.4643,Country Club Estates,GA
33.5968,-83.8602,Covington,GA
33.554,-82.896,Crawfordville,GA
34.2073,-84.1402,Cumming,GA
32.3054,-84.7727,Cusseta,GA
31.7713,-84.7894,Cuthbert,GA
33.9887,-83.898,Dacula,GA
34.5326,-83.9849,Dahlonega,GA
34.7698,-84.9702,Dalton,GA
33.9237,-84.8408,Dallas,GA
34.1243,-83.2213,Danielsville,GA
31.3702,-81.434,Darien,GA
32.979,-82.6079,Davisboro,GA
31.7738,-84.448,Dawson,GA
34.4212,-84.1191,Dawsonville,GA
33.7748,-84.2963,Decatur,GA
31.222,-82.3872,Deenwood,GA
34.5651,-83.5452,Demorest,GA
31.2024,-81.5168,Dock Junction,GA
31.0405,-84.8791,Donalsonville,GA
33.8982,-84.2833,Doraville,GA
31.5088,-82.8499,Douglas,GA
33.7515,-84.7477,Douglasville,GA
33.7804,-84.336,Druid Hills,GA
32.5404,-82.9038,Dublin,GA
34.0029,-84.1446,Duluth,GA
33.9462,-84.3346,Dunwoody,GA
32.5482,-82.8718,East Dublin,GA
33.2437,-84.2288,East Griffin,GA
33.6795,-84.4394,East Point,GA
33.3507,-84.7766,East Newnan,GA
32.1977,-83.1776,Eastman,GA
33.3268,-83.3885,Eatonton,GA
31.5582,-84.7382,Edison,GA
34.1116,-82.8686,Elberton,GA
32.2382,-84.3091,Ellaville,GA
34.6948,-84.4822,Ellijay,GA
34.127,-84.7555,Emerson,GA
31.413,-83.329,Enigma,GA
34.1448,-84.933,Euharlee,GA
33.5337,-82.1307,Evans,GA
33.2654,-84.2816,Experiment,GA
33.9165,-84.5447,Fair Oaks,GA
33.5671,-84.581,Fairburn,GA
34.9456,-85.2844,Fairview,GA
33.4487,-84.4549,Fayetteville,GA
31.7149,-83.2527,Fitzgerald,GA
34.1851,-83.9252,Flowery Branch,GA
30.831,-82.0113,Folkston,GA
33.6221,-84.3691,Forest Park,GA
33.0343,-83.9382,Forsyth,GA
31.6092,-85.0493,Fort Gaines,GA
34.949,-85.2569,Fort Oglethorpe,GA
32.5538,-83.8874,Fort Valley,GA
33.2776,-85.098,Franklin,GA
34.2979,-83.8241,Gainesville,GA
32.1144,-81.154,Garden City,GA
31.9833,-81.2273,Georgetown,GA
31.8846,-85.1074,Georgetown,GA
33.2335,-82.5954,Gibson,GA
31.9366,-81.9284,Glennville,GA
32.8821,-83.3324,Gordon,GA
33.2348,-84.8358,Grantville,GA
33.0096,-83.5338,Gray,GA
33.8943,-83.9557,Grayson,GA
33.5757,-83.1824,Greensboro,GA
33.0287,-84.713,Greenville,GA
33.7034,-84.3144,Gresham Park,GA
33.2468,-84.2641,Griffin,GA
33.4504,-82.1982,Grovetown,GA
34.4918,-83.0965,Gumlog,GA
32.3363,-81.3915,Guyton,GA
30.9913,-83.3727,Hahira,GA
32.7579,-84.8749,Hamilton,GA
33.3871,-84.283,Hampton,GA
32.9329,-84.3494,Hannahs Mill,GA
33.6601,-84.4102,Hapeville,GA
33.0682,-83.2235,Hardwick,GA
33.4146,-82.3126,Harlem,GA
34.3529,-82.9321,Hartwell,GA
32.2838,-83.4721,Hawkinsville,GA
31.8696,-82.5943,Hazlehurst,GA
32.0738,-82.9146,Helena,GA
33.314,-82.0968,Hephzibah,GA
34.9493,-83.7574,Hiawassee,GA
31.8469,-81.596,Hinesville,GA
33.8757,-84.7622,Hiram,GA
33.1732,-84.9149,Hogansville,GA
34.174,-84.5013,Holly Springs,GA
34.3337,-83.499,Homer,GA
31.0366,-82.7471,Homerville,GA
34.0965,-83.7613,Hoschton,GA
33.2426,-83.9207,Indian Springs,GA
34.9579,-85.1644,Indian Springs,GA
33.4807,-84.3588,Irondale,GA
32.8113,-83.1727,Irwinton,GA
31.9819,-81.0609,Isle of Hope,GA
33.2946,-83.966,Jackson,GA
34.4679,-84.4291,Jasper,GA
34.117,-83.5724,Jefferson,GA
33.4493,-83.3115,Jefferson,GA
32.6876,-83.3466,Jeffersonville,GA
31.6078,-81.8863,Jesup,GA
33.5215,-84.3538,Jonesboro,GA
34.0234,-84.6155,Kennesaw,GA
30.8,-81.6898,Kingsland,GA
32.7243,-83.9977,Knoxville,GA
33.0393,-85.0313,La Grange,GA
34.7048,-85.2819,LaFayette,GA
33.6065,-84.3352,Lake City,GA
31.041,-83.0751,Lakeland,GA
34.9792,-85.2588,Lakeview,GA
33.7068,-84.0316,Lakeview Estates,GA
34.4359,-83.1068,Lavonia,GA
33.9562,-83.988,Lawrenceville,GA
31.7321,-84.1707,Leesburg,GA
33.8698,-83.1118,Lexington,GA
33.8901,-84.143,Lilburn,GA
33.7923,-82.479,Lincolnton,GA
34.1868,-85.1747,Lindale,GA
33.794,-84.6605,Lithia Springs,GA
33.7123,-84.1052,Lithonia,GA
33.346,-84.1091,Locust Grove,GA
33.839,-83.9007,Loganville,GA
34.9776,-85.3577,Lookout Mountain,GA
33.0015,-82.4112,Louisville,GA
33.4362,-84.3144,Lovejoy,GA
31.708,-81.7423,Ludowici,GA
34.3876,-83.6663,Lula,GA
31.9293,-82.6796,Lumber City,GA
32.051,-84.7991,Lumpkin,GA
32.2043,-82.3218,Lyons,GA
33.8187,-84.5824,Mableton,GA
32.8407,-83.6324,Macon,GA
33.5957,-83.4679,Madison,GA
32.8599,-84.6199,Manchester,GA
33.9526,-84.5499,Marietta,GA
32.4563,-83.9402,Marshallville,GA
33.5174,-82.0757,Martinez,GA
34.2529,-83.5615,Maysville,GA
34.9862,-84.3713,McCaysville,GA
33.4473,-84.1469,McDonough,GA
32.068,-82.9007,McRae,GA
31.0724,-84.0891,Meigs,GA
32.3971,-82.0601,Metter,GA
31.8058,-81.4307,Midway,GA
33.0801,-83.2321,Milledgeville,GA
32.804,-81.9493,Millen,GA
33.7948,-83.7132,Monroe,GA
32.3052,-84.0274,Montezuma,GA
31.9405,-81.1221,Montgomery,GA
33.3049,-83.6832,Monticello,GA
31.5377,-84.5994,Morgan,GA
33.5832,-84.3394,Morrow,GA
34.5187,-83.5007,Mount Airy,GA
31.1799,-83.7891,Moultrie,GA
32.1785,-82.5946,Mount Vernon,GA
33.6343,-85.1872,Mount Zion,GA
33.3612,-83.0076,Mount Zion,GA
34.9181,-83.3854,Mountain City,GA
33.8443,-84.1294,Mountain Park,GA
31.2044,-81.9812,Nahunta,GA
31.2074,-83.2502,Nashville,GA
34.382,-84.371,Nelson,GA
33.3807,-84.7997,Newnan,GA
31.313,-84.3357,Newton,GA
31.5174,-82.6349,Nicholls,GA
34.114,-83.4316,Nicholson,GA
33.9412,-84.2135,Norcross,GA
33.8651,-84.3366,North Atlanta,GA
33.7904,-84.306,North Decatur,GA
33.8168,-84.3133,North Druid Hills,GA
34.2276,-83.8843,Oakwood,GA
33.5482,-83.9744,Oakwood,GA
31.5945,-83.2513,Ocilla,GA
32.2938,-84.061,Oglethorpe,GA
31.341,-83.5935,Omega,GA
33.619,-83.8674,Oxford,GA
33.5179,-84.6697,Palmetto,GA
33.7073,-84.2719,Panthersville,GA
33.3968,-84.5958,Peachtree City,GA
31.2977,-82.8524,Pearson,GA
31.128,-84.153,Pelham,GA
32.1363,-81.6235,Pembroke,GA
32.4582,-83.7316,Perry,GA
33.6759,-84.1149,Pine Mountain,GA
32.8648,-84.8541,Pine Mountain,GA
32.1155,-81.2471,Pooler,GA
32.1491,-81.1632,Port Wentworth,GA
33.5751,-83.8938,Porterdale,GA
33.8595,-84.6838,Powder Springs,GA
32.066,-84.5374,Preston,GA
31.4702,-84.1177,Putney,GA
30.7849,-83.5599,Quitman,GA
34.4495,-83.5943,Raoul,GA
31.0746,-83.1993,Ray City,GA
33.7454,-84.1316,Redan,GA
34.4459,-82.9249,Reed Creek,GA
32.0869,-82.1179,Reidsville,GA
30.8441,-83.3104,Remerton,GA
32.5599,-84.0963,Reynolds,GA
32.0879,-84.6674,Richland,GA
31.9383,-81.3034,Richmond Hill,GA
32.296,-81.2354,Rincon,GA
34.9159,-85.1091,Ringgold,GA
33.5726,-84.4133,Riverdale,GA
32.7218,-84.0132,Roberta,GA
31.951,-83.4563,Rochelle,GA
34.0026,-85.0416,Rockmart,GA
34.257,-85.1647,Rome,GA
34.0232,-84.3616,Roswell,GA
34.9831,-85.2861,Rossville,GA
34.2871,-83.1102,Royston,GA
33.9787,-83.7002,Russell,GA
34.3354,-84.7155,Rydal,GA
30.7305,-81.5465,St. Marys,GA
31.1708,-81.4073,Saint Simon Mills,GA
31.1505,-81.3695,Saint Simons Island,GA
32.9815,-82.8101,Sandersville,GA
33.9243,-84.3785,Sandy Springs,GA
32.7965,-84.6388,Sardis,GA
32.0835,-81.0998,Savannah,GA
33.7898,-84.2641,Scottdale,GA
33.3023,-84.5538,Senoia,GA
34.3368,-85.0713,Shannon,GA
33.4046,-84.4683,Shannon,GA
31.7563,-84.6152,Shellman,GA
31.9349,-81.047,Skidaway Island,GA
33.884,-84.5144,Smyrna,GA
33.8573,-84.0199,Snellville,GA
33.6562,-83.7182,Social Circle,GA
32.3771,-82.5924,Soperton,GA
31.1669,-83.4374,Sparks,GA
33.0879,-82.7376,Sparks,GA
33.2757,-82.9763,Sparta,GA
32.3724,-81.3115,Springfield,GA
30.7033,-83.0276,Statenville,GA
32.4488,-81.7832,Statesboro,GA
33.9651,-83.5965,Statham,GA
33.5443,-84.2338,Stockbridge,GA
33.8082,-84.1702,Stone Mountain,GA
34.1065,-84.0335,Sugar Hill,GA
34.4806,-85.3477,Summerville,GA
31.2394,-82.3421,Sunnyside,GA
34.0515,-84.0713,Suwanee,GA
32.5974,-82.3337,Swainsboro,GA
32.7504,-81.6368,Sylvania,GA
31.5309,-83.8369,Sylvester,GA
32.6776,-84.5394,Talbotton,GA
33.7445,-85.288,Tallapoosa,GA
33.7371,-85.0324,Temple,GA
32.936,-82.8115,Tennille,GA
30.8366,-83.9788,Thomasville,GA
32.8882,-84.3266,Thomaston,GA
33.4707,-82.5046,Thomson,GA
32.0335,-81.0498,Thunderbolt,GA
31.4505,-83.5085,Tifton,GA
34.5773,-83.3324,Toccoa,GA
34.872,-85.5091,Trenton,GA
34.544,-85.3105,Trion,GA
33.8546,-84.2171,Tucker,GA
32.5829,-82.1551,Twin City,GA
32.0002,-80.8457,Tybee Island,GA
33.4712,-84.5971,Tyrone,GA
32.2615,-83.7366,Unadilla,GA
33.5871,-84.5424,Union City,GA
33.6157,-83.0746,Union Point,GA
31.4349,-83.5096,Unionville,GA
30.8333,-83.2803,Valdosta,GA
34.9012,-84.9738,Varnell,GA
32.2177,-82.4135,Vidalia,GA
32.0916,-83.7955,Vienna,GA
33.7321,-84.9191,Villa Rica,GA
33.8648,-84.4644,Vinings,GA
32.8668,-82.404,Wadley,GA
33.7426,-83.8524,Walnut Grove,GA
31.7741,-81.6326,Walthourville,GA
32.621,-83.5999,Warner Robins,GA
33.4071,-82.6621,Warrenton,GA
33.7368,-82.7393,Washington,GA
33.8629,-83.4088,Watkinsville,GA
31.2137,-82.3557,Waycross,GA
33.0899,-82.0157,Waynesboro,GA
32.8779,-85.1833,West Point,GA
32.7935,-83.8074,West Point,GA
32.0288,-81.0168,Whitemarsh Island,GA
31.3408,-83.046,Willacoochee,GA
32.0035,-80.9737,Wilmington Island,GA
33.9926,-83.7202,Winder,GA
33.9671,-83.2782,Winterville,GA
30.964,-81.7242,Woodbine,GA
34.1015,-84.5194,Woodstock,GA
33.2077,-82.3918,Wrens,GA
32.7293,-82.7199,Wrightsville,GA
33.1024,-84.3427,Zebulon,GA
38.5434,-89.6123,Albers,IL
38.3775,-88.0562,Albion,IL
38.5898,-90.1201,Alorton,IL
39.062,-88.7481,Altamont,IL
38.8906,-90.1843,Alton,IL
37.4603,-89.247,Anna,IL
39.6848,-88.3064,Arcola,IL
39.7148,-88.4723,Arthur,IL
39.8878,-90.0079,Ashland,IL
39.5203,-89.049,Assumption,IL
39.9609,-89.724,Athens,IL
39.7995,-88.4623,Atwood,IL
39.5917,-89.7465,Auburn,IL
38.6067,-89.6076,Aviston,IL
39.6942,-91.039,Barry,IL
38.6056,-89.4359,Beckemeyer,IL
39.922,-88.572,Bement,IL
39.0928,-89.804,Benld,IL
37.9967,-88.9201,Benton,IL
38.9092,-90.0407,Bethalto,IL
39.6456,-88.7381,Bethany,IL
38.52,-89.984,Belleville,IL
39.7011,-89.1231,Blue Mound,IL
38.6106,-89.527,Breese,IL
38.7059,-87.76,Bridgeport,IL
39.0398,-90.1407,Brighton,IL
39.0428,-89.9518,Bunker Hill,IL
38.5709,-90.1901,Cahokia,IL
37.0053,-89.1765,Cairo,IL
37.7814,-89.1192,Cambria,IL
37.7273,-89.2168,Carbondale,IL
39.2798,-89.8818,Carlinville,IL
38.6103,-89.3726,Carlyle,IL
38.0909,-88.1586,Carmi,IL
37.6842,-88.6328,Carrier Mills,IL
39.3023,-90.4071,Carrollton,IL
37.76,-89.0773,Carterville,IL
39.2992,-87.9925,Casey,IL
38.6367,-90.0257,Caseyville,IL
38.5489,-89.127,Central City,IL
38.5251,-89.1334,Centralia,IL
38.5834,-90.1251,Centreville,IL
39.8906,-88.7281,Cerro Gordo,IL
39.4962,-88.1762,Charleston,IL
39.6762,-89.7045,Chatham,IL
37.9137,-89.8221,Chester,IL
39.8036,-87.6736,Chrisman,IL
37.9725,-89.0534,Christopher,IL
37.5314,-89.2534,Cobden,IL
38.6703,-89.9845,Collinsville,IL
38.4437,-90.2012,Columbia,IL
37.752,-89.0679,Crainville,IL
37.8175,-89.2279,De Soto,IL
39.8403,-88.9548,Decatur,IL
39.5656,-89.6573,Divernon,IL
38.0114,-89.2362,Du Quoin,IL
38.5162,-90.2104,Dupo,IL
38.8803,-90.1112,East Alton,IL
38.6245,-90.1509,East Saint Louis,IL
39.6573,-89.3895,Edinburg,IL
38.8114,-89.9532,Edwardsville,IL
39.12,-88.5434,Effingham,IL
37.8137,-88.4381,Eldorado,IL
37.4459,-88.305,Elizabethtown,IL
37.7739,-89.0265,Energy,IL
38.3789,-88.3598,Fairfield,IL
38.6498,-90.0932,Fairmont City,IL
38.5889,-89.9904,Fairview Heights,IL
38.6689,-88.4856,Flora,IL
39.9325,-88.9512,Forsyth,IL
38.4275,-89.9137,Freeburg,IL
39.9753,-87.6359,Georgetown,IL
38.5537,-89.5384,Germantown,IL
39.1298,-89.8195,Gillespie,IL
38.7484,-89.9832,Glen Carbon,IL
39.4464,-89.7809,Girard,IL
38.9556,-90.1868,Godfrey,IL
37.3673,-88.4864,Golconda,IL
37.5545,-88.9723,Goreville,IL
39.8164,-89.6187,Grandview,IL
38.7014,-90.1487,Granite City,IL
38.2576,-87.9936,Grayville,IL
39.3437,-90.2126,Greenfield,IL
39.2478,-88.1634,Greenup,IL
38.8923,-89.4131,Greenville,IL
39.7089,-90.7246,Griggsville,IL
39.1567,-90.6179,Hardin,IL
37.7384,-88.5406,Harrisburg,IL
39.8539,-89.084,Harristown,IL
38.8334,-90.0959,Hartford,IL
37.8031,-89.0276,Herrin,IL
38.7395,-89.6712,Highland,IL
39.1613,-89.4954,Hillsboro,IL
38.922,-89.9407,Holiday Shores,IL
38.1512,-88.904,Ina,IL
39.7339,-90.229,Jacksonville,IL
39.7675,-89.6807,Jerome,IL
39.12,-90.3285,Jerseyville,IL
37.8206,-88.9276,Johnston City,IL
37.4517,-89.2681,Jonesboro,IL
39.5887,-89.4145,Kincaid,IL
38.7292,-87.6817,Lawrenceville,IL
38.6039,-89.8073,Lebanon,IL
39.777,-89.6793,Leland Grove,IL
39.1753,-89.6543,Litchfield,IL
39.812,-88.8476,Long Creek,IL
38.7723,-88.5025,Louisville,IL
39.7156,-88.6326,Lovington,IL
39.7128,-88.997,Macon,IL
38.6825,-90.157,Madison,IL
37.7306,-88.9331,Marion,IL
38.2501,-89.7501,Marissa,IL
39.3914,-87.6936,Marshall,IL
39.3356,-87.882,Martinsville,IL
38.7237,-89.9559,Maryville,IL
38.4903,-89.7931,Mascoutah,IL
39.4831,-88.3728,Mattoon,IL
38.0934,-88.5356,McLeansboro,IL
39.8312,-90.5596,Meredosia,IL
37.1512,-88.732,Metropolis,IL
38.4614,-90.0918,Millstadt,IL
38.762,-90.0854,Mitchell,IL
39.4201,-89.4557,Morrisonville,IL
37.0853,-89.1626,Mound City,IL
38.4109,-87.7614,Mount Carmel,IL
39.0723,-89.7273,Mount Olive,IL
39.9873,-90.7635,Mount Sterling,IL
38.3173,-88.9031,Mount Vernon,IL
39.7714,-88.8742,Mount Zion,IL
39.6248,-89.019,Moweaqua,IL
37.7645,-89.3351,Murphysboro,IL
38.3437,-89.3806,Nashville,IL
39.3195,-88.4528,Neoga,IL
38.3264,-89.877,New Athens,IL
38.535,-89.7006,New Baden,IL
39.7253,-89.9107,New Berlin,IL
39.3012,-89.2851,Nokomis,IL
37.9812,-88.3292,Norris City,IL
38.5923,-89.9112,O'Fallon,IL
39.002,-87.9089,Oblong,IL
38.6173,-89.0523,Odin,IL
38.4342,-89.5504,Okawville,IL
38.7309,-88.0853,Olney,IL
39.0037,-87.6128,Palestine,IL
39.3889,-89.0801,Pana,IL
39.6112,-87.6961,Paris,IL
39.5917,-89.5804,Pawnee,IL
39.817,-91.2424,Payson,IL
38.0803,-89.382,Pinckneyville,IL
39.6078,-90.8051,Pittsfield,IL
38.7317,-90.0804,Pontoon Beach,IL
39.9356,-91.4099,Quincy,IL
39.1445,-89.1087,Ramsey,IL
39.3195,-89.572,Raymond,IL
38.2117,-89.9943,Red Bud,IL
39.8442,-89.5395,Riverton,IL
39.0053,-87.7392,Robinson,IL
39.7495,-89.5318,Rochester,IL
39.4839,-90.3715,Roodhouse,IL
38.8878,-90.0848,Rosewood Heights,IL
37.4237,-88.3461,Rosiclare,IL
38.8484,-90.0762,Roxana,IL
37.877,-89.1145,Royalton,IL
39.0273,-88.8481,Saint Elmo,IL
38.7139,-89.7682,Saint Jacob,IL
38.627,-88.9456,Salem,IL
38.6156,-89.1142,Sandoval,IL
38.0917,-89.0503,Sesser,IL
37.7131,-88.1867,Shawneetown,IL
39.4064,-88.7901,Shelbyville,IL
39.8937,-89.6048,Sherman,IL
38.5614,-89.8973,Shiloh,IL
38.4087,-89.9921,Smithton,IL
39.7087,-90.2282,South Jacksonville,IL
38.8295,-90.0629,South Roxana,IL
39.7573,-89.6537,Southern View,IL
38.1231,-89.7018,Sparta,IL
39.8017,-89.6437,Springfield,IL
39.0123,-89.7912,Staunton,IL
38.0073,-89.6584,Steeleville,IL
39.5995,-88.6078,Sullivan,IL
38.717,-87.8614,Sumner,IL
38.5339,-89.989,Swansea,IL
39.5489,-89.2945,Taylorville,IL
39.1331,-88.472,Teutopolis,IL
39.2737,-88.2437,Toledo,IL
39.9861,-88.2589,Tolono,IL
38.6056,-89.682,Trenton,IL
38.7292,-89.8832,Troy,IL
39.7992,-88.2831,Tuscola,IL
38.9114,-90.1507,Upper Alton,IL
38.3056,-90.2765,Valmeyer,IL
38.9606,-89.0937,Vandalia,IL
38.6723,-90.1698,Venice,IL
37.4153,-88.8978,Vienna,IL
39.8628,-88.1623,Villa Grove,IL
39.5009,-89.7679,Virden,IL
39.9512,-90.2123,Virginia,IL
38.5089,-89.1406,Wamac,IL
39.9328,-89.062,Warrensburg,IL
38.635,-90.0929,Washington Park,IL
38.3359,-90.1498,Waterloo,IL
38.3453,-88.5878,Wayne City,IL
39.5917,-89.9529,Waverly,IL
37.8978,-88.9315,West Frankfort,IL
39.437,-90.4032,White Hall,IL
39.9542,-89.5487,Williamsville,IL
39.6298,-90.4562,Winchester,IL
39.4409,-88.5948,Windsor,IL
38.8612,-90.0976,Wood River,IL
38.9314,-89.839,Worden,IL
37.8995,-89.052,Zeigler,IL
38.7584,-85.808,Austin,IN
39.7628,-86.3997,Avon,IN
39.5209,-86.1678,Bargersville,IN
39.3,-85.2222,Batesville,IN
38.8612,-86.4872,Bedford,IN
39.722,-86.09,Beech Grove,IN
38.7742,-87.3078,Bicknell,IN
39.027,-86.9375,Bloomfield,IN
39.1653,-86.5264,Bloomington,IN
38.0492,-87.2742,Boonville,IN
39.5237,-87.125,Brazil,IN
39.2184,-84.8561,Bright,IN
39.8667,-86.1416,Broad Ripple,IN
39.5392,-86.3692,Brooklyn,IN
39.4231,-85.0127,Brookville,IN
39.8434,-86.3978,Brownsburg,IN
38.8789,-86.0419,Brownstown,IN
39.8126,-85.1716,Cambridge City,IN
37.9114,-86.7444,Cannelton,IN
39.9784,-86.118,Carmel,IN
39.9487,-87.4597,Cayuga,IN
39.8178,-84.9964,Centerville,IN
38.0417,-87.3681,Chandler,IN
38.4531,-85.6702,Charlestown,IN
38.2967,-85.76,Clarksville,IN
39.8098,-86.3225,Clermont,IN
39.657,-87.3981,Clinton,IN
39.5148,-86.7939,Cloverdale,IN
39.2014,-85.9214,Columbus,IN
39.6412,-85.1411,Connersville,IN
38.212,-86.1219,Corydon,IN
39.0348,-85.6986,Country Squire Lakes,IN
38.8006,-85.8416,Crothersville,IN
39.7762,-85.9572,Cumberland,IN
38.1689,-86.99,Dale,IN
39.7606,-86.5264,Danville,IN
38.0992,-87.5789,Darmstadt,IN
39.0178,-85.0588,Dillsboro,IN
39.3542,-85.9667,Edinburgh,IN
39.2339,-86.625,Ellettsville,IN
38.3345,-86.4642,English,IN
37.9748,-87.5559,Evansville,IN
39.6803,-87.4175,Fairview Park,IN
39.2486,-87.382,Farmersburg,IN
38.2239,-86.8622,Ferdinand,IN
39.9556,-86.0139,Fishers,IN
38.2512,-87.5811,Fort Branch,IN
39.9323,-85.848,Fortville,IN
38.5489,-86.62,French Lick,IN
38.3517,-85.9416,Galena,IN
39.3917,-85.72,Geneva,IN
38.2945,-85.9755,Georgetown,IN
39.6445,-86.8647,Greencastle,IN
39.1126,-84.8641,Greendale,IN
39.785,-85.7694,Greenfield,IN
39.3373,-85.4836,Greensburg,IN
39.6137,-86.1067,Greenwood,IN
39.9112,-85.1616,Hagerstown,IN
38.7142,-85.4736,Hanover,IN
38.205,-87.5742,Haubstadt,IN
38.5417,-85.7677,Henryville,IN
39.1623,-84.843,Hidden Valley,IN
38.0398,-87.5731,Highland,IN
39.3039,-85.7714,Hope,IN
38.2989,-86.955,Huntingburg,IN
39.7684,-86.158,Indianapolis,IN
39.957,-85.8053,Ingalls,IN
39.1631,-87.1992,Jasonville,IN
38.3914,-86.9311,Jasper,IN
38.2776,-85.7372,Jeffersonville,IN
39.7956,-85.5264,Knightstown,IN
39.8387,-86.0253,Lawrence,IN
39.0909,-84.85,Lawrenceburg,IN
39.6356,-84.9311,Liberty,IN
39.0348,-87.1659,Linton,IN
38.677,-86.9142,Loogootee,IN
39.2531,-85.9464,Lowell,IN
38.7359,-85.38,Madison,IN
39.4278,-86.4283,Martinsville,IN
39.9081,-85.9228,McCordsville,IN
38.0262,-87.5159,Melody Hill,IN
39.89,-86.1572,Meridian Hills,IN
39.2642,-87.1189,Middlebury,IN
39.1212,-85.1313,Milan,IN
38.7328,-86.4736,Mitchell,IN
39.5789,-86.4822,Monrovia,IN
39.7928,-87.3709,Montezuma,IN
39.6128,-86.3742,Mooresville,IN
39.6734,-85.6986,Morristown,IN
37.9323,-87.895,Mount Vernon,IN
39.2073,-86.2511,Nashville,IN
38.2856,-85.8241,New Albany,IN
39.9289,-85.3702,New Castle,IN
39.722,-85.8892,New Palestine,IN
39.5581,-86.0953,New Whiteland,IN
37.9445,-87.4053,Newburgh,IN
39.8842,-87.4086,Newport,IN
38.7678,-85.3966,North Madison,IN
39.5278,-87.3603,North Terre Haute,IN
39.0062,-85.6236,North Vernon,IN
38.3056,-85.6963,Oak Park,IN
38.3387,-87.345,Oakland City,IN
38.8428,-86.9914,Odon,IN
38.9009,-86.5253,Oolitic,IN
38.6617,-86.4517,Orleans,IN
39.1292,-85.2916,Osgood,IN
38.272,-87.6878,Owensville,IN
38.5562,-86.4683,Paoli,IN
39.9975,-85.7466,Pendleton,IN
38.492,-87.2786,Petersburg,IN
39.8639,-86.4669,Pittsboro,IN
39.7042,-86.3994,Plainfield,IN
38.17,-87.7831,Poseyville,IN
39.3537,-86.0981,Princes Lakes,IN
38.3553,-87.5675,Princeton,IN
39.8289,-84.8902,Richmond,IN
38.9495,-84.8538,Rising Sun,IN
39.8809,-87.2789,Rockport,IN
39.7625,-87.2292,Rockville,IN
37.8831,-87.0494,Rockport,IN
39.6092,-85.4464,Rushville,IN
39.4281,-85.6283,Saint Paul,IN
38.6056,-86.1011,Salem,IN
38.12,-86.9142,Santa Claus,IN
38.6856,-85.7703,Scottsburg,IN
39.492,-87.2672,Seelyville,IN
38.3981,-85.755,Sellersburg,IN
38.9592,-85.8902,Seymour,IN
39.5214,-85.7769,Shelbyville,IN
39.1784,-87.3936,Shelburn,IN
38.6664,-86.7911,Shoals,IN
39.6651,-86.1278,Southport,IN
39.8023,-86.2672,Speedway,IN
39.2867,-86.7625,Spencer,IN
39.0953,-87.4059,Sullivan,IN
39.237,-85.0947,Sunman,IN
37.9514,-86.7678,Tell City,IN
39.4667,-87.4139,Terre Haute,IN
39.4162,-86.1508,Trafalgar,IN
39.072,-85.2519,Versailles,IN
38.7478,-85.0672,Vevay,IN
38.6773,-87.5286,Vincennes,IN
39.782,-86.0503,Warren Park,IN
38.6592,-87.1728,Washington,IN
39.5626,-86.1975,Waterloo,IN
39.465,-87.45,West Terre Haute,IN
39.1759,-85.573,Westport,IN
39.55,-86.0797,Whiteland,IN
39.9973,-86.3458,Whitestown,IN
39.125,-86.9794,Worthington,IN
39.9509,-86.2619,Zionsville,IN
38.9172,-97.2139,Abilene,KS
39.0167,-96.2892,Alma,KS
37.1903,-95.2972,Altamont,KS
37.7139,-97.1364,Andover,KS
37.1534,-98.0312,Anthony,KS
37.062,-97.0384,Arkansas City,KS
37.5439,-94.7002,Arma,KS
37.1886,-99.7657,Ashland,KS
39.563,-95.1216,Atchison,KS
38.9061,-95.8161,Auburn,KS
37.6867,-96.9767,Augusta,KS
38.775,-95.1864,Baldwin City,KS
39.1417,-94.9386,Basehor,KS
37.0237,-94.7355,Baxter Springs,KS
37.7625,-97.267,Bellaire,KS
37.3939,-97.2811,Belle Plaine,KS
39.8244,-97.6325,Belleville,KS
39.4561,-98.1062,Beloit,KS
39.6819,-96.6597,Blue Rapids,KS
39.0597,-94.8836,Bonner Springs,KS
38.1345,-97.77,Buhler,KS
38.1945,-95.7428,Burlington,KS
37.0322,-97.607,Caldwell,KS
37.0115,-95.9353,Caney,KS
38.8186,-95.6891,Carbondale,KS
37.6792,-95.4572,Chanute,KS
38.9722,-97.0225,Chapman,KS
37.63,-97.7826,Cheney,KS
37.2703,-95.5525,Cherryvale,KS
37.0373,-95.09,Chetopa,KS
37.5195,-96.7711,Clay Center,KS
39.3769,-97.1247,Clay Center,KS
37.5028,-97.5045,Clearwater,KS
37.0373,-95.6164,Coffeyville,KS
37.2689,-99.3268,Coldwater,KS
37.1692,-94.8441,Columbus,KS
37.7792,-97.5364,Colwich,KS
39.5708,-97.6625,Concordia,KS
37.3903,-97.6423,Conway Springs,KS
38.3722,-96.5428,Cottonwood Falls,KS
38.6611,-96.492,Council Grove,KS
38.9792,-94.9686,De Soto,KS
37.5456,-97.2689,Derby,KS
37.5195,-97.0128,Douglass,KS
38.7647,-95.008,Edgerton,KS
39.0611,-94.8197,Edwardsville,KS
37.8172,-96.8623,El Dorado,KS
38.3556,-98.5809,Ellinwood,KS
38.9381,-99.5607,Ellis,KS
38.7306,-98.2281,Ellsworth,KS
39.7555,-94.8725,Elwood,KS
38.4039,-96.1817,Emporia,KS
37.5681,-95.2433,Erie,KS
37.8239,-96.2892,Eureka,KS
38.9433,-95.0986,Eudora,KS
39.0222,-94.6319,Fairway,KS
37.8398,-94.7083,Fort Scott,KS
37.5339,-95.8267,Fredonia,KS
37.0759,-94.6397,Galena,KS
37.4556,-94.6891,Frontenac,KS
38.8108,-94.9272,Gardner,KS
38.2806,-95.2419,Garnett,KS
37.5112,-94.838,Girard,KS
37.6597,-97.5753,Goddard,KS
39.0292,-96.7892,Grandview Plaza,KS
38.3645,-98.7648,Great Bend,KS
37.6028,-99.2926,Greensburg,KS
38.0014,-97.5087,Halstead,KS
37.2867,-98.0259,Harper,KS
37.8989,-97.7828,Haven,KS
38.8792,-99.3268,Hays,KS
37.5645,-97.3523,Haysville,KS
38.6711,-96.9425,Herington,KS
38.1383,-97.4314,Hesston,KS
39.8525,-95.5358,Hiawatha,KS
39.8597,-95.2697,Highland,KS
39.3647,-99.8421,Hill City,KS
38.352,-97.2045,Hillsboro,KS
38.5181,-98.7781,Hoisington,KS
39.4653,-95.7364,Holton,KS
39.6606,-95.5264,Horton,KS
37.4703,-96.2636,Howard,KS
37.8106,-95.4369,Humboldt,KS
38.0608,-97.9298,Hutchinson,KS
37.2242,-95.7083,Independence,KS
38.2319,-97.7734,Inman,KS
37.9245,-95.4,Iola,KS
38.0845,-99.8935,Jetmore,KS
39.0286,-96.8314,Junction City,KS
39.1142,-94.6275,Kansas City,KS
37.7959,-97.2795,Kechi,KS
37.6459,-98.1137,Kingman,KS
37.9231,-99.4098,Kinsley,KS
37.0172,-98.4853,Kiowa,KS
38.5314,-99.3087,La Crosse,KS
38.35,-94.7613,La Cygne,KS
39.2486,-94.9002,Lansing,KS
38.1806,-99.0987,Larned,KS
38.9717,-95.2352,Lawrence,KS
39.3111,-94.9225,Leavenworth,KS
38.9667,-94.6169,Leawood,KS
38.9536,-94.7336,Lenexa,KS
39.0408,-98.1448,Lincoln,KS
38.5736,-97.6745,Lindsborg,KS
38.6195,-94.6808,Louisburg,KS
38.61,-95.6844,Lyndon,KS
38.345,-98.2017,Lyons,KS
37.7792,-97.4673,Maize,KS
39.1836,-96.5717,Manhattan,KS
39.7872,-98.21,Mankato,KS
38.3484,-97.0173,Marion,KS
39.8411,-96.6472,Marysville,KS
38.3708,-97.6642,McPherson,KS
37.2811,-98.5804,Medicine Lodge,KS
39.0236,-94.6936,Merriam,KS
39.1219,-97.7067,Minneapolis,KS
39.0278,-94.6558,Mission,KS
39.0178,-94.6169,Mission Hills,KS
38.1428,-94.8136,Mound City,KS
38.2031,-97.5192,Moundridge,KS
37.4745,-97.2439,Mulvane,KS
37.4184,-95.6803,Neodesha,KS
38.4528,-99.9065,Ness City,KS
38.0467,-97.345,Newton,KS
38.1472,-98.0837,Nickerson,KS
38.0722,-97.3456,North Newton,KS
39.8339,-99.8915,Norton,KS
39.1111,-96.7061,Ogden,KS
38.8814,-94.8191,Olathe,KS
38.6339,-95.8258,Osage City,KS
38.4972,-94.9505,Osawatomie,KS
39.4389,-98.6948,Osborne,KS
39.2153,-95.3127,Oskaloosa,KS
37.1676,-95.11,Oswego,KS
38.6156,-95.2678,Ottawa,KS
38.7806,-95.5572,Overbrook,KS
38.9822,-94.6708,Overland Park,KS
37.2742,-97.1689,Oxford,KS
38.5722,-94.8791,Paola,KS
37.8,-97.3184,Park City,KS
37.3403,-95.2611,Parsons,KS
38.1695,-97.1067,Peabody,KS
39.7561,-99.324,Phillipsburg,KS
37.4109,-94.705,Pittsburg,KS
39.2347,-99.2982,Plainville,KS
38.1778,-94.7113,Pleasanton,KS
38.9917,-94.6336,Prairie Village,KS
37.6439,-98.7376,Pratt,KS
39.0375,-94.6322,Roeland Park,KS
37.5583,-97.135,Rose Hill,KS
39.1361,-95.9517,Rossville,KS
38.8953,-98.8598,Russell,KS
39.9022,-95.8008,Sabetha,KS
38.0022,-98.7601,Saint John,KS
39.1942,-96.0711,Saint Marys,KS
37.7067,-97.6401,Saint Marys,KS
38.8403,-97.6114,Salina,KS
37.1267,-96.1869,Sedan,KS
37.9167,-97.4225,Sedgwick,KS
39.8342,-96.0642,Seneca,KS
39.0417,-94.7202,Shawnee,KS
39.1042,-95.8586,Silver Lake,KS
39.7792,-98.7851,Smith Center,KS
38.9194,-97.3711,Solomon,KS
38.0281,-97.9403,South Hutchinson,KS
38.7431,-94.8255,Spring Hill,KS
37.9622,-98.6006,Stafford,KS
38.21,-98.207,Sterling,KS
39.1097,-95.0877,Tonganoxie,KS
37.7975,-96.9998,Towanda,KS
39.0483,-95.678,Topeka,KS
39.7831,-95.09,Troy,KS
37.8347,-97.3734,Valley Center,KS
39.3433,-95.4603,Valley Falls,KS
38.8528,-99.1476,Victoria,KS
39.025,-99.8796,WaKeeney,KS
39.2019,-96.305,Wamego,KS
39.8181,-97.0509,Washington,KS
39.7592,-94.9497,Wathena,KS
37.2653,-97.3717,Wellington,KS
38.7183,-95.0816,Wellsville,KS
39.3939,-96.4136,Westmoreland,KS
39.0406,-94.6169,Westwood,KS
37.6922,-97.3375,Wichita,KS
37.2398,-96.9956,Winfield,KS
37.8811,-95.7333,Yates Center,KS
36.6909,-85.1347,Albany,KY
38.9595,-84.388,Alexandria,KY
38.2667,-85.533,Anchorage,KY
37.3192,-83.9705,Annville,KY
38.4784,-82.6379,Ashland,KY
36.8642,-86.7103,Auburn,KY
38.204,-85.7252,Audubon Park,KY
38.7717,-84.0058,Augusta,KY
38.2973,-85.6033,Barbourmeade,KY
36.8665,-83.8888,Barbourville,KY
37.8092,-85.4669,Bardstown,KY
36.8706,-89.0098,Bardwell,KY
37.5718,-83.7069,Beattyville,KY
37.402,-86.8758,Beaver Dam,KY
38.5926,-85.3177,Bedford,KY
38.2548,-85.6313,Beechwood Village,KY
39.1065,-84.4788,Bellevue,KY
36.8573,-88.3503,Benton,KY
37.5687,-84.2963,Berea,KY
37.4762,-83.6749,Booneville,KY
36.9903,-86.4436,Bowling Green,KY
37.999,-86.1694,Brandenburg,KY
37.6828,-87.8631,Breckinridge Center,KY
37.4042,-84.4138,Brodhead,KY
38.0612,-85.7097,Brooks,KY
38.6826,-84.0658,Brooksville,KY
37.1925,-86.2678,Brownsville,KY
38.3837,-85.44,Buckner,KY
38.1951,-85.6519,Buechel,KY
36.7903,-85.3705,Burkesville,KY
39.0276,-84.7241,Burlington,KY
36.865,-87.8353,Cadiz,KY
37.5389,-87.2583,Calhoun,KY
37.0334,-88.35,Calvert City,KY
37.9943,-83.8877,Camargo,KY
37.3434,-85.3419,Campbellsville,KY
37.7343,-83.5474,Campton,KY
38.312,-84.0274,Carlisle,KY
38.6809,-85.1794,Carrollton,KY
38.4048,-82.6004,Catlettsburg,KY
37.1367,-85.9569,Cave City,KY
37.2939,-87.1233,Central City,KY
38.9192,-84.3955,Claryville,KY
37.4767,-87.82,Clay,KY
37.8593,-83.9185,Clay City,KY
36.6673,-88.9934,Clinton,KY
37.8334,-86.6328,Cloverport,KY
37.5132,-82.5585,Coal Run Village,KY
39.0217,-84.4399,Cold Spring,KY
38.3148,-85.5238,Coldstream,KY
37.1028,-85.3063,Columbia,KY
36.9487,-84.0969,Corbin,KY
39.0837,-84.5085,Covington,KY
39.0515,-84.5816,Crescent Springs,KY
39.0273,-84.5849,Crestview Hills,KY
38.3242,-85.4725,Crestwood,KY
38.7828,-84.6052,Crittenden,KY
36.9781,-82.9885,Cumberland,KY
38.3903,-84.2941,Cynthiana,KY
37.6456,-84.7722,Danville,KY
37.1673,-87.6925,Dawson Springs,KY
39.1128,-84.4727,Dayton,KY
37.5178,-87.6903,Dixon,KY
38.2379,-85.5527,Douglass Hills,KY
38.682,-84.5899,Dry Ridge,KY
37.2742,-87.5119,Earlington,KY
37.0945,-88.0803,Eddyville,KY
39.0187,-84.5819,Edgewood,KY
36.9801,-85.6122,Edmonton,KY
37.694,-85.8591,Elizabethtown,KY
37.9648,-83.1329,Elkfork,KY
36.81,-87.1542,Elkton,KY
39.0126,-84.6047,Elsmere,KY
38.3701,-85.1805,Eminence,KY
39.0167,-84.6008,Erlanger,KY
38.1051,-85.7588,Fairdale,KY
38.6767,-84.3302,Falmouth,KY
38.1598,-85.5877,Fern Creek,KY
38.5226,-82.7171,Flatwoods,KY
38.4223,-83.7338,Flemingsburg,KY
38.999,-84.6266,Florence,KY
39.0595,-84.5474,Fort Mitchell,KY
39.0751,-84.4472,Fort Thomas,KY
39.0517,-84.5341,Fort Wright,KY
39.1051,-84.7244,Francisville,KY
38.2009,-84.8733,Frankfort,KY
36.7223,-86.5772,Franklin,KY
37.9509,-83.6257,Frenchburg,KY
36.5042,-88.8742,Fulton,KY
38.2098,-84.5588,Georgetown,KY
36.9959,-85.9119,Glasgow,KY
38.2731,-85.623,Graymoor-Devondale,KY
38.3326,-82.9485,Grayson,KY
37.2609,-85.4989,Greensburg,KY
38.5731,-82.8302,Greenup,KY
37.2011,-87.1789,Greenville,KY
36.6484,-87.1664,Guthrie,KY
37.7801,-86.4605,Hardinsburg,KY
36.8431,-83.3218,Harlan,KY
37.7623,-84.8433,Harrodsburg,KY
37.4512,-86.9092,Hartford,KY
37.9001,-86.755,Hawesville,KY
37.2495,-83.1932,Hazard,KY
39.0659,-84.7011,Hebron,KY
38.0495,-85.6661,Hebron Estates,KY
37.8362,-87.59,Henderson,KY
37.0395,-88.6292,Hendron,KY
36.5712,-89.1862,Hickman,KY
39.0331,-84.4519,Highland Heights,KY
38.1429,-85.6241,Highview,KY
38.0698,-85.6855,Hillview,KY
37.3359,-82.9804,Hindman,KY
37.574,-85.74,Hodgenville,KY
36.8656,-87.4912,Hopkinsville,KY
37.1795,-85.9069,Horse Cave,KY
38.2212,-85.5891,Hurstbourne Acres,KY
38.2381,-85.5883,Hurstbourne,KY
37.1609,-83.3732,Hyden,KY
38.9431,-84.5441,Independence,KY
38.2726,-85.6627,Indian Hills,KY
38.2795,-85.65,Indian Hills Cherokee Section,KY
37.8665,-82.5388,Inez,KY
38.4565,-82.6924,Ironville,KY
37.7006,-83.9738,Irvine,KY
37.8803,-86.2839,Irvington,KY
37.5532,-83.3835,Jackson,KY
37.8251,-84.8708,Jackson,KY
36.9848,-85.063,Jamestown,KY
38.1942,-85.5644,Jeffersontown,KY
37.9737,-83.8419,Jeffersonville,KY
37.1734,-82.631,Jenkins,KY
37.5867,-84.7938,Junction City,KY
37.7717,-86.9042,Knottsville,KY
37.0767,-88.9737,La Center,KY
38.4076,-85.3788,La Grange,KY
39.0356,-84.5691,Lakeside Park,KY
37.6195,-84.578,Lancaster,KY
38.0373,-84.8966,Lawrenceburg,KY
37.5698,-85.2527,Lebanon,KY
37.8345,-85.7319,Lebanon Junction,KY
37.0476,-88.477,Ledbetter,KY
37.48,-86.2939,Leitchfield,KY
37.937,-86.9022,Lewisport,KY
37.9887,-84.4777,Lexington,KY
38.0498,-84.4586,Lexington-Fayette,KY
37.3184,-84.9394,Liberty,KY
37.4931,-87.1319,Livermore,KY
37.129,-84.0833,London,KY
38.1142,-82.6032,Louisa,KY
38.2542,-85.7594,Louisville,KY
36.852,-83.3541,Loyall,KY
39.0926,-84.5474,Ludlow,KY
38.2567,-85.6016,Lyndon,KY
37.3281,-87.4989,Madisonville,KY
37.1537,-83.7619,Manchester,KY
37.3328,-88.0811,Marion,KY
37.675,-87.0347,Masonville,KY
37.0167,-88.7306,Massac,KY
36.7417,-88.6367,Mayfield,KY
38.6412,-83.7444,Maysville,KY
37.4304,-83.998,McKee,KY
38.4126,-82.7091,Meads,KY
36.6084,-83.7166,Middlesboro,KY
38.2454,-85.5388,Middletown,KY
38.1509,-84.6838,Midway,KY
38.1237,-85.7197,Heritage Creek,KY
36.8298,-84.8491,Monticello,KY
37.9923,-84.5502,Monticello,KY
38.184,-83.4327,Morehead,KY
37.2711,-87.1764,Morehead,KY
37.6834,-87.9167,Morganfield,KY
37.2256,-86.6836,Morgantown,KY
38.5315,-84.0369,Mount Olivet,KY
38.0565,-83.9433,Mount Sterling,KY
38.0256,-84.4952,Mount Vernon,KY
37.3529,-84.3405,Mount Vernon,KY
38.0501,-85.5458,Mount Washington,KY
37.2723,-85.8911,Munfordville,KY
36.6103,-88.3148,Murray,KY
38.4334,-85.1697,New Castle,KY
38.1601,-85.6597,Newburg,KY
39.0915,-84.4958,Newport,KY
37.8806,-84.573,Nicholasville,KY
36.9606,-84.0933,North Corbin,KY
38.287,-85.6411,Northfield,KY
37.1909,-87.4528,Nortonville,KY
36.6651,-87.4428,Oak Grove,KY
37.3442,-86.7547,Oak Grove,KY
38.9998,-84.6852,Oakbrook,KY
38.1412,-85.6877,Okolona,KY
38.3001,-83.1741,Olive Hill,KY
38.3237,-85.5213,Orchard Grass Hills,KY
37.7742,-87.1133,Owensboro,KY
38.5367,-84.8434,Owenton,KY
38.1448,-83.7641,Owingsville,KY
37.8145,-82.8071,Paintsville,KY
39.0714,-84.5322,Park Hills,KY
38.2098,-84.253,Paris,KY
38.3106,-85.4875,Pewee Valley,KY
37.4793,-82.5188,Pikeville,KY
36.6509,-84.4386,Pine Knot,KY
36.762,-83.6949,Pineville,KY
38.0606,-85.6777,Pioneer Village,KY
36.8803,-86.4183,Plano,KY
38.1454,-85.8583,Pleasure Ridge Park,KY
37.6656,-82.7716,Prestonsburg,KY
37.1092,-87.882,Princeton,KY
38.3451,-85.6155,Prospect,KY
38.5745,-85.2211,Providence,KY
37.3976,-87.7628,Providence,KY
38.5401,-82.7285,Raceland,KY
37.8404,-85.9491,Radcliff,KY
37.0176,-88.5314,Reidland,KY
37.7479,-84.2947,Richmond,KY
38.5173,-82.6977,Russell,KY
37.0562,-85.0886,Russell Springs,KY
36.8453,-86.8872,Russellville,KY
38.9576,-84.463,Ryland Heights,KY
38.2529,-85.6558,Saint Matthews,KY
38.2267,-85.6166,Saint Regis Park,KY
37.7526,-83.0688,Salyersville,KY
38.0865,-83.1263,Sandy Hook,KY
36.7534,-86.1905,Scottsville,KY
37.607,-87.5286,Sebree,KY
38.212,-85.2236,Shelbyville,KY
37.9884,-85.7158,Shepherdsville,KY
38.2001,-85.8227,Shively,KY
39.0345,-84.3902,Silver Grove,KY
38.2226,-85.3552,Simpsonville,KY
37.1389,-88.4034,Smithland,KY
37.092,-84.6041,Somerset,KY
38.7209,-82.9582,South Shore,KY
39.072,-84.4727,Southgate,KY
37.6853,-85.2222,Springfield,KY
38.1884,-85.8458,Saint Dennis,KY
37.5312,-84.6619,Stanford,KY
37.8456,-83.8582,Stanton,KY
36.699,-84.4774,Stearns,KY
37.5467,-87.9839,Sturgis,KY
38.9976,-84.4963,Taylor Mill,KY
38.0317,-85.3424,Taylorsville,KY
36.7023,-85.6916,Tompkinsville,KY
38.9459,-84.6805,Union,KY
37.7753,-87.9306,Uniontown,KY
37.7712,-82.7579,Van Lear,KY
38.1112,-85.8702,Valley Station,KY
38.5992,-83.3188,Vanceburg,KY
38.8184,-84.6608,Verona,KY
38.0526,-84.73,Versailles,KY
39.0634,-84.593,Villa Hills,KY
37.8101,-85.9814,Vine Grove,KY
38.8756,-84.6102,Walton,KY
38.7834,-84.9016,Warsaw,KY
38.197,-85.6633,West Buechel,KY
37.9215,-83.2596,West Liberty,KY
38.4831,-82.6699,Westwood,KY
37.1184,-82.8268,Whitesburg,KY
36.7234,-84.4705,Whitley City,KY
36.9648,-89.0892,Wickliffe,KY
39.0564,-84.4869,Wilder,KY
36.7434,-84.1597,Williamsburg,KY
38.6381,-84.5605,Williamstown,KY
37.862,-84.6616,Wilmore,KY
37.9901,-84.1796,Winchester,KY
38.274,-85.6344,Windy Hills,KY
38.5484,-82.7243,Worthington,KY
38.309,-85.5269,Worthington Hills,KY
38.3156,-85.5616,Worthington,KY
29.9747,-92.1343,Abbeville,LA
30.4786,-90.0401,Abita Springs,LA
30.3538,-91.2654,Addis,LA
30.5044,-90.5823,Albany,LA
31.3113,-92.4451,Alexandria,LA
29.9521,-90.2965,Ama,LA
29.6663,-91.102,Amelia,LA
30.7266,-90.509,Amite,LA
29.9544,-90.0054,Arabi,LA
32.549,-92.9202,Arcadia,LA
30.3977,-91.9315,Arnaudville,LA
29.913,-90.2037,Avondale,LA
30.5882,-91.1682,Baker,LA
29.838,-91.5443,Baldwin,LA
31.4155,-92.4118,Ball,LA
32.0821,-92.0929,Banks Springs,LA
29.7233,-90.1237,Barataria,LA
30.4852,-92.596,Basile,LA
32.7563,-91.8723,Bastrop,LA
30.4507,-91.1546,Baton Rouge,LA
32.4704,-92.1674,Bawcomville,LA
29.6241,-90.7512,Bayou Cane,LA
29.7874,-90.4131,Bayou Gauche,LA
29.6897,-91.2709,Bayou Vista,LA
29.8549,-89.9906,Belle Chasse,LA
30.0505,-91.0415,Belle Rose,LA
32.6949,-93.7418,Benton,LA
32.8221,-92.6579,Bernice,LA
29.6946,-91.219,Berwick,LA
32.581,-93.8927,Blanchard,LA
30.791,-89.8487,Bogalusa,LA
32.516,-93.7321,Bossier City,LA
29.5536,-90.6023,Bourg,LA
29.9024,-90.3881,Boutte,LA
31.3905,-92.6693,Boyce,LA
30.2735,-91.8993,Breaux Bridge,LA
29.9333,-90.1701,Bridge City,LA
30.1471,-91.9612,Broussard,LA
30.5466,-91.1207,Brownsfield,LA
32.4871,-92.1543,Brownsville,LA
30.3944,-91.2537,Brusly,LA
30.9533,-92.1826,Bunkie,LA
30.0874,-91.9054,Cade,LA
29.7977,-93.3251,Cameron,LA
31.8935,-93.1182,Campti,LA
30.3171,-92.049,Carencro,LA
30.1688,-93.376,Carlyss,LA
30.2174,-91.0962,Carville,LA
30.2146,-91.709,Catahoula,LA
30.3371,-91.8532,Cecilia,LA
30.5543,-91.0368,Central,LA
29.8835,-90.7973,Chackbay,LA
29.943,-89.9654,Chalmette,LA
29.8816,-91.5251,Charenton,LA
29.4385,-90.5954,Chauvin,LA
30.403,-92.2151,Church Point,LA
32.516,-92.1918,Claiborne,LA
32.0266,-92.139,Clarks,LA
30.8657,-91.0157,Clinton,LA
31.5191,-92.7068,Colfax,LA
32.1052,-92.0779,Columbia,LA
30.0208,-90.8298,Convent,LA
32.8193,-93.4177,Cotton Valley,LA
30.9841,-92.0535,Cottonport,LA
30.4755,-90.1009,Covington,LA
32.0149,-93.3421,Coushatta,LA
30.2141,-92.3746,Crowley,LA
32.969,-93.4507,Cullen,LA
29.5427,-90.3381,Cut Off,LA
30.4505,-93.4332,DeQuincy,LA
30.8463,-93.2891,DeRidder,LA
29.9483,-91.9887,Delcambre,LA
32.4576,-91.4932,Delhi,LA
30.4874,-90.9575,Denham Springs,LA
29.8238,-90.4751,Des Allemands,LA
29.943,-90.3517,Destrehan,LA
31.3574,-92.1654,Deville,LA
30.101,-90.9929,Donaldsonville,LA
29.3888,-90.714,Dulac,LA
30.2358,-92.1854,Duson,LA
32.5563,-93.5671,Eastwood,LA
30.2285,-89.7987,Eden Isle,LA
30.0433,-90.5601,Edgard,LA
29.9566,-90.1898,Elmwood,LA
30.4813,-92.6957,Elton,LA
29.9583,-92.036,Erath,LA
30.531,-91.4079,Erwinville,LA
29.8458,-90.1067,Estelle,LA
30.4944,-92.4176,Eunice,LA
32.7735,-92.4057,Farmerville,LA
31.6302,-91.5546,Ferriday,LA
29.796,-91.5015,Franklin,LA
30.8473,-90.1553,Franklinton,LA
30.2952,-90.7951,French Settlement,LA
29.4422,-90.2993,Galliano,LA
30.3457,-91.1401,Gardere,LA
30.056,-90.6193,Garyville,LA
30.9766,-92.5851,Glenmora,LA
29.3791,-90.2601,Golden Meadow,LA
30.2385,-90.9201,Gonzales,LA
32.5277,-92.714,Grambling,LA
30.0474,-90.6898,Gramercy,LA
29.2366,-89.9873,Grand Isle,LA
30.0613,-90.7534,Grand Point,LA
29.6977,-90.7865,Gray,LA
30.8307,-90.6718,Greensburg,LA
32.4429,-93.973,Greenwood,LA
30.5449,-91.1068,Greenwood,LA
29.9147,-90.054,Gretna,LA
30.026,-92.5085,Gueydan,LA
29.9961,-93.3421,Hackberry,LA
29.9766,-90.409,Hahnville,LA
30.5044,-90.4612,Hammond,LA
29.9405,-90.2031,Harahan,LA
31.7721,-91.8215,Harrisonburg,LA
29.9035,-90.0773,Harvey,LA
32.5326,-93.5041,Haughton,LA
32.9621,-93.1402,Haynesville,LA
30.3133,-91.7904,Henderson,LA
32.7918,-93.0557,Homer,LA
29.5958,-90.7195,Houma,LA
30.6355,-90.5009,Independence,LA
30.4049,-91.0834,Inniswold,LA
30.3313,-92.4957,Iota,LA
30.2369,-93.0138,Iowa,LA
30.8374,-91.2176,Jackson,LA
29.736,-90.1267,Jean Lafitte,LA
29.911,-91.6634,Jeanerette,LA
29.966,-90.1531,Jefferson,LA
31.6832,-92.1337,Jena,LA
30.2224,-92.6571,Jennings,LA
32.2413,-92.716,Jonesboro,LA
31.6266,-91.8182,Jonesville,LA
29.998,-92.2849,Kaplan,LA
29.9941,-90.2417,Kenner,LA
30.9382,-90.509,Kentwood,LA
30.3588,-90.5862,Killian,LA
30.4855,-92.8507,Kinder,LA
30.5369,-91.7529,Krotz Springs,LA
29.8374,-90.9562,Labadieville,LA
30.3135,-89.9431,Lacombe,LA
30.2241,-92.0198,Lafayette,LA
30.0808,-92.6715,Lake Arthur,LA
30.2131,-93.2044,Lake Charles,LA
32.8043,-91.1701,Lake Providence,LA
32.5351,-92.0296,Lakeshore,LA
30.0666,-90.4801,Laplace,LA
29.5724,-90.3817,Larose,LA
30.5185,-92.1848,Lawtell,LA
31.0946,-92.4004,Lecompte,LA
31.1435,-93.261,Leesville,LA
30.4705,-91.9784,Leonville,LA
30.5021,-90.7479,Livingston,LA
30.5591,-91.5559,Livonia,LA
29.646,-90.5392,Lockport,LA
29.6505,-90.5465,Lockport Heights,LA
31.9754,-93.998,Logansport,LA
29.9322,-90.3665,Luling,LA
30.0405,-90.699,Lutcher,LA
30.6338,-92.4193,Mamou,LA
30.3583,-90.0656,Mandeville,LA
32.0377,-93.7002,Mansfield,LA
31.058,-92.049,Mansura,LA
31.5688,-93.4841,Many,LA
30.4913,-91.5195,Maringouin,LA
31.128,-92.0662,Marksville,LA
29.8994,-90.1004,Marrero,LA
29.6863,-90.5468,Mathews,LA
30.693,-91.744,Melville,LA
29.933,-89.9498,Meraux,LA
30.5013,-91.1084,Merrydale,LA
30.7544,-93.5405,Merryville,LA
29.9841,-90.1529,Metairie,LA
29.9785,-90.164,Metairie Terrace,LA
31.6921,-92.1524,Midway,LA
30.1038,-92.0765,Milton,LA
32.6154,-93.2868,Minden,LA
31.5793,-91.4818,Minorca,LA
32.5093,-92.1193,Monroe,LA
30.0708,-90.502,Montegut,LA
29.4744,-90.557,Montegut,LA
30.4891,-91.0487,Monticello,LA
30.0069,-90.4687,Montz,LA
29.6994,-91.2068,Morgan City,LA
30.3027,-93.1907,Moss Bluff,LA
29.9405,-91.0248,Napoleonville,LA
30.5463,-90.4848,Natalbany,LA
31.7607,-93.0863,Natchitoches,LA
30.0035,-91.8187,New Iberia,LA
31.1149,-93.2716,New Llano,LA
29.9547,-90.0751,New Orleans,LA
30.7016,-91.4362,New Roads,LA
29.978,-90.3879,New Sarpy,LA
32.0727,-91.2409,Newellton,LA
29.9991,-90.4123,Norco,LA
29.9969,-90.7057,North Vacherie,LA
32.861,-91.3885,Oak Grove,LA
30.3599,-91.0876,Oak Hills Place,LA
30.816,-92.6604,Oakdale,LA
30.8055,-92.6215,Oakdale,LA
30.6202,-92.7626,Oberlin,LA
32.744,-93.9716,Oil City,LA
30.3827,-91.017,Old Jefferson,LA
31.9029,-92.2432,Olla,LA
30.5335,-92.0815,Opelousas,LA
30.276,-92.1124,Ossun,LA
29.8797,-90.434,Paradis,LA
29.6933,-91.302,Patterson,LA
30.0263,-90.7131,Paulina,LA
30.376,-89.7484,Pearl River,LA
29.9652,-91.2032,Pierre Part,LA
30.7838,-92.4254,Pine Prairie,LA
31.3224,-92.4343,Pineville,LA
32.9051,-93.6968,Plain Dealing,LA
30.2891,-91.2343,Plaquemine,LA
30.4388,-90.4415,Ponchatoula,LA
30.4521,-91.2101,Port Allen,LA
30.5602,-91.954,Port Barre,LA
29.4805,-89.694,Port Sulphur,LA
29.8694,-89.8889,Poydras,LA
30.303,-90.972,Prairieville,LA
29.5638,-90.6462,Presquille,LA
30.1819,-93.2738,Prien,LA
29.7274,-90.599,Raceland,LA
30.2349,-92.2685,Rayne,LA
32.4774,-91.7549,Rayville,LA
30.0538,-90.5517,Reserve,LA
32.4488,-92.0849,Richwood,LA
32.3285,-93.2799,Ringgold,LA
29.9602,-90.2156,River Ridge,LA
30.7649,-90.5118,Roseland,LA
30.9199,-93.2824,Rosepine,LA
32.5232,-92.6379,Ruston,LA
30.7799,-91.3765,Saint Francisville,LA
30.2577,-91.0993,Saint Gabriel,LA
31.9185,-91.2335,Saint Joseph,LA
30.1252,-91.8334,Saint Martinville,LA
29.9469,-90.3231,Saint Rose,LA
29.7421,-90.8104,Schriever,LA
30.2358,-92.0946,Scott,LA
30.4013,-91.0009,Shenandoah,LA
32.5251,-93.7502,Shreveport,LA
32.5393,-93.2963,Sibley,LA
30.9835,-91.8001,Simmesport,LA
30.2752,-89.7812,Slidell,LA
30.1844,-90.8593,Sorrento,LA
29.9274,-90.6998,South Vacherie,LA
33.006,-93.4668,Springhill,LA
32.6962,-92.086,Sterlington,LA
32.2818,-93.8241,Stonewall,LA
30.2366,-93.3774,Sulphur,LA
30.4113,-92.0684,Sunset,LA
29.8594,-90.9812,Supreme,LA
32.5688,-91.9851,Swartz,LA
32.4085,-91.1868,Tallulah,LA
29.9102,-90.0326,Terrytown,LA
29.7958,-90.8229,Thibodaux,LA
29.8774,-90.032,Timberlane,LA
31.8638,-92.296,Urania,LA
30.8938,-89.8295,Varnado,LA
31.5654,-91.426,Vidalia,LA
31.7324,-93.041,Vienna Bend,LA
30.3621,-91.0673,Village Saint George,LA
30.688,-92.2715,Ville Platte,LA
30.1908,-93.5813,Vinton,LA
29.8958,-89.8978,Violet,LA
32.8715,-93.9874,Vivian,LA
29.9185,-90.2109,Waggaman,LA
30.488,-90.8615,Walker,LA
30.5757,-90.9532,Watson,LA
30.236,-92.8226,Welsh,LA
31.6404,-91.5732,West Ferriday,LA
32.5185,-92.1476,West Monroe,LA
30.2421,-93.2507,Westlake,LA
29.906,-90.1423,Westwego,LA
30.4138,-91.0876,Westminster,LA
30.1699,-91.147,White Castle,LA
31.9256,-92.6413,Winnfield,LA
32.1632,-91.7207,Winnsboro,LA
29.858,-90.0803,Woodmere,LA
31.1466,-92.4974,Woodworth,LA
30.6485,-91.1565,Zachary,LA
30.0997,-91.9901,Youngsville,LA
31.6316,-93.6441,Zwolle,LA
39.5096,-76.1641,Aberdeen,MD
38.6676,-77.0283,Accokeek,MD
39.3109,-77.4747,Adamstown,MD
39.0032,-76.9719,Adelphi,MD
38.5829,-76.1058,Algonquin,MD
38.9785,-76.4922,Annapolis,MD
39.2546,-76.7,Arbutus,MD
39.0659,-76.5789,Arden on the Severn,MD
39.0321,-76.5027,Arnold,MD
39.0795,-77.073,Aspen Hill,MD
38.6593,-76.7777,Baden,MD
39.2904,-76.6122,Baltimore,MD
39.2332,-76.6366,Baltimore Highlands,MD
39.3726,-77.4353,Ballenger Creek,MD
39.3926,-77.358,Bartonsville,MD
39.5359,-76.3483,Bel Air,MD
39.5731,-78.8497,Bel Air,MD
39.0348,-76.9075,Beltsville,MD
38.6093,-77.0122,Bennsville,MD
38.3226,-75.2177,Berlin,MD
38.994,-76.9105,Berwyn Heights,MD
38.9807,-77.1003,Bethesda,MD
38.9393,-76.9339,Bladensburg,MD
39.5062,-77.6525,Boonsboro,MD
38.9428,-76.7303,Bowie,MD
39.3354,-76.3902,Bowleys Quarters,MD
39.6237,-78.8045,Bowling Green,MD
39.4187,-77.5036,Braddock Heights,MD
38.6968,-76.8478,Brandywine,MD
38.9432,-76.9566,Brentwood,MD
38.8501,-76.7611,Brock Hall,MD
39.2284,-76.6164,Brooklyn Park,MD
38.9421,-77.1203,Brookmont,MD
39.3143,-77.6278,Brunswick,MD
38.6271,-77.073,Bryans Road,MD
39.3348,-77.4317,Buckeystown,MD
39.1112,-76.9325,Burtonsville,MD
38.9754,-77.158,Cabin John,MD
38.3004,-76.5075,California,MD
39.0576,-76.9358,Calverton,MD
38.5632,-76.0788,Cambridge,MD
38.804,-76.9066,Camp Springs,MD
39.0432,-76.445,Cape Saint Claire,MD
38.8851,-76.9158,Capitol Heights,MD
39.3943,-76.5236,Carney,MD
39.2721,-76.7319,Catonsville,MD
39.6443,-77.5858,Cavetown,MD
39.0418,-76.0663,Centreville,MD
39.2682,-76.7053,Charlestown,MD
39.5737,-75.975,Charlestown,MD
38.481,-76.778,Charlotte Hall,MD
38.6862,-76.5347,Chesapeake Beach,MD
38.3462,-76.4177,Chesapeake Ranch Estates,MD
38.9754,-76.2894,Chester,MD
39.209,-76.0666,Chestertown,MD
38.9282,-76.9158,Cheverly,MD
38.9712,-77.0764,Chevy Chase,MD
38.9693,-77.0789,Chevy Chase Village,MD
38.9637,-76.9908,Chillum,MD
39.2387,-77.2794,Clarksburg,MD
39.4562,-77.4289,Clover Hill,MD
39.1082,-76.9977,Cloverly,MD
38.7651,-76.8983,Clinton,MD
39.4812,-76.6439,Cockeysville,MD
39.0757,-77.0019,Colesville,MD
38.9807,-76.9369,College Park,MD
38.9332,-76.9458,Colmar Manor,MD
39.2404,-76.8394,Columbia,MD
38.8704,-76.9211,Coral Hills,MD
38.9382,-76.9483,Cottage City,MD
39.5929,-78.8333,Cresaptown,MD
39.0018,-76.6875,Crofton,MD
37.9835,-75.8538,Crisfield,MD
38.7526,-76.7639,Croom,MD
39.0284,-76.6013,Crownsville,MD
39.6529,-78.7625,Cumberland,MD
39.2884,-77.2039,Damascus,MD
39.1034,-77.2908,Darnestown,MD
38.9229,-76.6283,Davidsonville,MD
38.7765,-76.5552,Deale,MD
38.456,-75.5774,Delmar,MD
38.8846,-75.8272,Denton,MD
39.1173,-77.1611,Derwood,MD
38.8576,-76.8894,District Heights,MD
38.3268,-76.4261,Drum Point,MD
39.2507,-76.5205,Dundalk,MD
38.7218,-76.6605,Dunkirk,MD
38.7204,-76.6586,Dunkirk Town Center,MD
38.9621,-76.9219,East Riverdale,MD
38.7743,-76.0763,Easton,MD
39.242,-76.448,Edgemere,MD
38.9571,-76.55,Edgewater,MD
39.4187,-76.2944,Edgewood,MD
38.9468,-76.9311,Edmonston,MD
39.4037,-76.9503,Eldersburg,MD
39.6068,-75.8333,Elkton,MD
39.2126,-76.7136,Elkridge,MD
39.2673,-76.7983,Ellicott City,MD
39.7045,-77.3269,Emmitsburg,MD
39.3093,-76.475,Essex,MD
39.0762,-76.9578,Fairland,MD
38.901,-76.9155,Fairmount Heights,MD
39.5145,-76.4111,Fallston,MD
38.6943,-75.7722,Federalsburg,MD
39.1832,-76.6402,Ferndale,MD
39.0145,-77.0547,Forest Glen,MD
38.8096,-76.998,Forest Heights,MD
38.8451,-76.875,Forestville,MD
39.1259,-76.7891,Fort George G Mead Junction,MD
38.7073,-77.023,Fort Washington,MD
39.0204,-77.0127,Four Corners,MD
39.4143,-77.4105,Frederick,MD
38.7518,-76.9786,Friendly,MD
38.9629,-77.0889,Friendship Village,MD
39.6581,-78.9284,Frostburg,MD
38.3221,-75.6202,Fruitland,MD
39.1509,-76.923,Fulton,MD
39.1434,-77.2014,Gaithersburg,MD
39.0671,-76.6652,Gambrills,MD
39.4059,-76.7605,Garrison,MD
39.1732,-77.2716,Germantown,MD
38.819,-76.9986,Glassmanor,MD
39.1626,-76.6247,Glen Burnie,MD
38.9293,-76.8616,Glenarden,MD
39.0579,-77.0497,Glenmont,MD
38.9876,-76.8205,Glenn Dale,MD
38.9896,-76.8533,Goddard,MD
38.4898,-76.6822,Golden Beach,MD
38.9582,-76.2102,Grasonville,MD
39.1395,-76.5477,Green Haven,MD
39.3093,-77.2972,Green Valley,MD
39.0046,-76.8755,Greenbelt,MD
38.9737,-75.8049,Greensboro,MD
39.6418,-77.72,Hagerstown,MD
39.6206,-77.7589,Halfway,MD
39.6048,-76.85,Hampstead,MD
39.4229,-76.5847,Hampton,MD
39.699,-78.1797,Hancock,MD
39.1929,-76.7241,Hanover,MD
39.5493,-76.0916,Havre de Grace,MD
38.4201,-75.6877,Hebron,MD
39.0537,-76.5691,Herald Harbor,MD
39.7162,-77.4828,Highfield-Cascade,MD
39.179,-76.9575,Highland,MD
39.0265,-76.9741,Hillandale,MD
38.8329,-76.9594,Hillcrest Heights,MD
38.9401,-76.495,Hillsmere Shores,MD
38.5326,-76.7839,Hughesville,MD
39.4998,-76.6411,Hunt Valley,MD
38.6159,-76.613,Huntingtown,MD
38.621,-76.6161,Huntingtown Town Center,MD
38.6243,-75.8544,Hurlock,MD
38.9559,-76.9455,Hyattsville,MD
39.2509,-76.7647,Ilchester,MD
38.6001,-77.1622,Indian Head,MD
39.6046,-76.4777,Jarrettsville,MD
39.3621,-77.5316,Jefferson,MD
39.4579,-76.3552,Joppatowne,MD
39.4862,-77.6997,Keedysville,MD
39.039,-77.0191,Kemp Mill,MD
39.0257,-77.0764,Kensington,MD
38.8846,-76.8147,Kettering,MD
39.2048,-76.0513,Kingstown,MD
39.4487,-76.4177,Kingsville,MD
38.5293,-76.9753,La Plata,MD
39.6556,-78.8106,La Vale,MD
38.9079,-76.8297,Lake Arbor,MD
39.1071,-76.485,Lake Shore,MD
38.934,-76.8966,Landover,MD
38.9432,-76.8922,Landover Hills,MD
38.9887,-76.9814,Langley Park,MD
38.9671,-76.8619,Lanham,MD
39.2451,-76.6605,Lansdowne,MD
38.8976,-76.8303,Largo,MD
39.0993,-76.8483,Laurel,MD
39.0923,-77.0444,Layhill,MD
38.2912,-76.6358,Leonardtown,MD
38.2668,-76.4538,Lexington Park,MD
39.4404,-77.208,Linganore,MD
39.2051,-76.6527,Linthicum,MD
39.3407,-76.7222,Lochearn,MD
39.5659,-78.9803,Lonaconing,MD
38.9335,-76.5494,Londontowne,MD
38.461,-76.4688,Long Beach,MD
38.4107,-76.4552,Lusby,MD
39.4212,-76.6261,Lutherville,MD
39.6612,-76.885,Manchester,MD
38.8362,-76.715,Marlboro Meadows,MD
38.8334,-76.9516,Marlow Heights,MD
38.7737,-76.79,Marlton,MD
39.0921,-76.8178,Maryland City,MD
39.6929,-77.7447,Maugansville,MD
38.8876,-76.5119,Mayo,MD
39.4332,-76.6494,Mays Chapel,MD
38.4429,-76.7438,Mechanicsville,MD
38.8104,-76.8241,Mellwood,MD
39.3343,-76.4394,Middle River,MD
39.4437,-77.5447,Middletown,MD
39.3479,-76.77,Milford Mill,MD
38.9251,-76.7428,Mitchellville,MD
39.1768,-77.1953,Montgomery Village,MD
38.8301,-76.8914,Morningside,MD
39.3762,-77.1547,Mount Airy,MD
38.9415,-76.965,Mount Rainier,MD
39.3984,-79.3817,Mountain Lake Park,MD
39.5051,-77.5664,Myersville,MD
38.9698,-76.88,New Carrollton,MD
39.5421,-77.108,New Windsor,MD
38.7073,-76.5311,North Beach,MD
39.5398,-76.355,North Bel Air,MD
39.0446,-77.1189,North Bethesda,MD
39.6001,-75.9413,North East,MD
39.0304,-77.0725,North Kensington,MD
39.139,-76.8705,North Laurel,MD
39.0829,-77.265,North Potomac,MD
39.4079,-79.4067,Oakland,MD
38.3365,-75.0849,Ocean City,MD
38.3954,-75.1557,Ocean Pines,MD
39.084,-76.7002,Odenton,MD
39.1532,-77.0669,Olney,MD
39.3634,-76.5205,Overlea,MD
38.7176,-76.6013,Owings,MD
39.4196,-76.7802,Owings Mills,MD
38.8034,-76.9897,Oxon Hill,MD
39.3773,-76.5397,Parkville,MD
38.9796,-76.5305,Parole,MD
39.1073,-76.5711,Pasadena,MD
39.4126,-76.4636,Perry Hall,MD
39.4695,-76.2044,Perryman,MD
39.5601,-76.0713,Perryville,MD
39.3743,-76.7225,Pikesville,MD
38.3954,-75.413,Pittsville,MD
39.4796,-76.3941,Pleasant Hills,MD
38.0757,-75.568,Pocomoke City,MD
39.2759,-77.5392,Point of Rocks,MD
39.1459,-77.4169,Poolesville,MD
39.0182,-77.2086,Potomac,MD
38.6087,-77.1405,Potomac Heights,MD
39.6118,-78.8059,Potomac Park,MD
38.5404,-76.5844,Prince Frederick,MD
38.2029,-75.6924,Princess Anne,MD
39.2173,-76.6372,Pumphrey,MD
39.3673,-76.7952,Randallstown,MD
39.1454,-77.1441,Redland,MD
39.4695,-76.8294,Reisterstown,MD
38.9479,-75.8844,Ridgely,MD
39.6979,-76.0627,Rising Sun,MD
38.9521,-76.578,Riva,MD
38.9634,-76.9316,Riverdale Park,MD
39.4737,-76.2413,Riverside,MD
39.1734,-76.8852,Riverside,MD
39.1668,-76.508,Riviera Beach,MD
38.9543,-76.5147,Robinwood,MD
39.637,-77.6569,Robinwood,MD
39.625,-77.6625,Robinwood,MD
39.1382,-76.2349,Rock Hall,MD
39.084,-77.1528,Rockville,MD
38.7568,-76.8097,Rosaryville,MD
39.3201,-76.5155,Rosedale,MD
39.1037,-77.0711,Rossmoor,MD
39.3384,-76.4797,Rossville,MD
38.6032,-76.9386,Saint Charles,MD
39.5626,-77.758,Saint James,MD
38.7851,-76.2244,Saint Michaels,MD
38.3607,-75.5994,Salisbury,MD
39.1379,-76.8239,Savage,MD
38.9679,-76.845,Seabrook,MD
38.8962,-76.9066,Seat Pleasant,MD
38.9162,-76.5225,Selby-on-the-Bay,MD
39.1371,-76.6983,Severn,MD
39.0704,-76.5452,Severna Park,MD
38.8418,-76.5122,Shady Side,MD
38.8418,-76.9458,Silver Hill,MD
38.9907,-77.0261,Silver Spring,MD
39.6548,-77.5728,Smithsburg,MD
38.1771,-75.3927,Snow Hill,MD
38.3185,-76.4541,Solomons,MD
38.9659,-77.0961,Somerset,MD
39.5332,-76.3375,South Bel Air,MD
39.129,-76.6258,South Gate,MD
39.019,-77.08,South Kensington,MD
39.0698,-76.8503,South Laurel,MD
39.1143,-76.9783,Spencerville,MD
39.4015,-77.3525,Spring Ridge,MD
38.9376,-76.8389,Springdale,MD
38.9807,-76.3144,Stevensville,MD
38.8487,-76.9239,Suitland,MD
39.3737,-76.9678,Sykesville,MD
38.9779,-77.0075,Takoma Park,MD
39.6579,-77.1744,Taneytown,MD
38.814,-76.9455,Temple Hills,MD
39.6237,-77.4108,Thurmont,MD
39.437,-76.6197,Timonium,MD
39.4015,-76.6019,Towson,MD
38.6585,-76.058,Trappe,MD
39.069,-77.263,Travilah,MD
38.9704,-76.9419,University Park,MD
38.816,-76.7497,Upper Marlboro,MD
39.3259,-77.3514,Urbana,MD
38.6246,-76.9391,Waldorf,MD
38.8754,-76.8883,Walker Mill,MD
39.4862,-77.3519,Walkersville,MD
39.2071,-76.7269,West Elkridge,MD
39.1012,-76.8997,West Laurel,MD
38.3315,-75.1068,West Ocean City,MD
39.4854,-79.0447,Westernport,MD
39.5754,-76.9958,Westminster,MD
38.8454,-76.8111,Westphalia,MD
39.0398,-77.0553,Wheaton,MD
39.3837,-76.4322,White Marsh,MD
39.0398,-76.993,White Oak,MD
39.6007,-77.8205,Williamsport,MD
39.3229,-76.728,Woodlawn,MD
38.9496,-76.8914,Woodlawn,MD
38.9212,-76.803,Woodmore,MD
39.5332,-77.3147,Woodsboro,MD
38.3975,-94.3516,Adrian,MO
37.1046,-89.9095,Advance,MO
38.5506,-90.3332,Affton,MO
39.2233,-94.1133,Albany,MO
36.6942,-91.3993,Alton,MO
36.6506,-94.4436,Anderson,MO
38.1906,-94.0294,Appleton City,MO
38.4817,-94.3544,Archie,MO
38.4328,-90.3776,Arnold,MO
37.3153,-93.5852,Ash Grove,MO
38.7745,-92.2571,Ashland,MO
36.9709,-93.718,Aurora,MO
36.952,-92.6604,Ava,MO
38.5951,-90.5462,Ballwin,MO
38.3442,-90.3935,Barnhart,MO
37.1156,-93.3702,Battlefield,MO
38.702,-90.3168,Bel-Nor,MO
38.7095,-90.3254,Bel-Ridge,MO
38.2859,-91.7204,Belle,MO
38.7403,-90.2265,Bellefontaine Neighbors,MO
38.812,-94.5319,Belton,MO
37.0978,-89.5626,Benton,MO
38.7545,-90.3312,Berkeley,MO
36.6689,-89.9687,Bernie,MO
37.0675,-93.5521,Billings,MO
37.7692,-90.6248,Bismarck,MO
38.7934,-90.2673,Black Jack,MO
36.8859,-89.9293,Bloomfield,MO
39.017,-94.2816,Blue Springs,MO
37.6145,-93.4105,Bolivar,MO
37.9231,-90.5554,Bonne Terre,MO
38.9736,-92.7432,Boonville,MO
38.1548,-91.244,Bourbon,MO
39.342,-91.1951,Bowling Green,MO
36.6437,-93.2185,Branson,MO
38.7145,-90.3673,Breckenridge Hills,MO
38.6176,-90.3493,Brentwood,MO
38.767,-90.4115,Bridgeton,MO
39.7845,-93.0735,Brookfield,MO
39.1325,-94.1986,Buckner,MO
37.6439,-93.0924,Buffalo,MO
38.2586,-94.3305,Butler,MO
38.4378,-90.5818,Byrnes Mill,MO
37.1239,-92.1013,Cabool,MO
38.6275,-92.5666,California,MO
38.7648,-90.3137,Calverton Park,MO
38.0081,-92.7446,Camdenton,MO
39.7403,-94.2411,Cameron,MO
36.4934,-90.0751,Campbell,MO
37.3059,-89.5182,Cape Girardeau,MO
37.1767,-94.5655,Carl Junction,MO
39.3584,-93.4958,Carrollton,MO
37.1492,-94.443,Carterville,MO
37.1765,-94.3102,Carthage,MO
36.1931,-89.6556,Caruthersville,MO
36.677,-93.8688,Cassville,MO
38.7581,-90.2482,Castle Point,MO
38.3534,-90.6412,Cedar Hill,MO
37.435,-90.9585,Centerville,MO
39.2103,-92.138,Centralia,MO
37.1801,-89.6551,Chaffee,MO
38.7026,-90.3435,Charlack,MO
36.9209,-89.3506,Charleston,MO
38.6631,-90.5771,Chesterfield,MO
39.7953,-93.5524,Chillicothe,MO
38.6184,-90.5893,Clarkson Valley,MO
36.4517,-89.967,Clarkton,MO
39.2025,-94.4925,Claycomo,MO
38.6425,-90.3237,Clayton,MO
37.0303,-93.473,Clever,MO
38.3686,-93.7783,Clinton,MO
38.46,-93.2027,Cole Camp,MO
38.9517,-92.3341,Columbia,MO
38.5245,-90.3573,Concord,MO
38.9834,-93.5686,Concordia,MO
38.7278,-90.3101,Cool Valley,MO
38.7462,-90.654,Cottleville,MO
38.7209,-90.2748,Country Club Hills,MO
39.8322,-94.8216,Country Club Village,MO
36.9053,-93.5716,Crane,MO
38.557,-90.3818,Crestwood,MO
38.6609,-90.4226,Creve Coeur,MO
37.9489,-92.2638,Crocker,MO
38.2212,-90.379,Crystal City,MO
38.0628,-91.4035,Cuba,MO
38.7695,-90.729,Dardenne Prairie,MO
38.1395,-90.5551,De Soto,MO
38.7495,-90.2857,Dellwood,MO
38.6009,-90.4329,Des Peres,MO
37.8709,-90.5273,Desloge,MO
36.7959,-89.9579,Dexter,MO
37.9917,-92.0938,Dixon,MO
36.6209,-90.8235,Doniphan,MO
37.0837,-94.4136,Duenweg,MO
37.0767,-94.4594,Duquesne,MO
39.0956,-94.3552,East Independence,MO
36.7798,-89.3856,East Prairie,MO
37.877,-94.0213,El Dorado Springs,MO
38.3484,-92.5816,Eldon,MO
38.5926,-90.5871,Ellisville,MO
39.1667,-90.781,Elsberry,MO
37.8367,-90.5329,Elvins,MO
37.1506,-91.3576,Eminence,MO
37.8503,-90.4987,Esther,MO
38.5025,-90.6279,Eureka,MO
39.3392,-94.2261,Excelsior Springs,MO
37.3839,-93.1513,Fair Grove,MO
37.7809,-90.4218,Farmington,MO
39.1459,-92.6838,Fayette,MO
38.5131,-90.436,Fenton,MO
38.7442,-90.3054,Ferguson,MO
38.2206,-90.3959,Festus,MO
37.8501,-90.5168,Flat River,MO
38.7892,-90.3226,Florissant,MO
36.6851,-93.1199,Forsyth,MO
38.1981,-92.711,Four Seasons,MO
37.5598,-90.294,Fredericktown,MO
38.6356,-90.4151,Frontenac,MO
38.8467,-91.948,Fulton,MO
36.6031,-92.4282,Gainesville,MO
36.8053,-93.4666,Galena,MO
39.9145,-93.9622,Gallatin,MO
38.5611,-94.1913,Garden City,MO
38.3998,-91.3307,Gerald,MO
36.452,-89.9193,Gideon,MO
39.2039,-94.5547,Gladstone,MO
38.7537,-90.1984,Glasgow Village,MO
39.2272,-92.8466,Glasgow,MO
38.5959,-90.3771,Glendale,MO
36.7417,-94.3991,Goodman,MO
39.6108,-94.5994,Gower,MO
39.015,-94.1986,Grain Valley,MO
36.9192,-94.2552,Granby,MO
38.8858,-94.533,Grandview,MO
38.4898,-90.8168,Gray Summit,MO
38.5237,-90.3384,Green Park,MO
37.4153,-93.841,Greenfield,MO
37.1273,-90.4501,Greenville,MO
38.8517,-94.3438,Greenwood,MO
39.117,-92.2207,Hallsville,MO
39.7436,-93.9983,Hamilton,MO
38.6859,-90.3237,Hanley Hills,MO
39.7084,-91.3585,Hannibal,MO
38.6533,-94.3488,Harrisonville,MO
37.2509,-92.5104,Hartville,MO
36.2337,-89.7495,Hayti,MO
38.7714,-90.3709,Hazelwood,MO
38.2684,-90.3801,Herculaneum,MO
38.7042,-91.4374,Hermann,MO
37.9414,-93.3163,Hermitage,MO
39.0725,-93.7172,Higginsville,MO
38.4589,-90.5365,High Ridge,MO
38.2323,-90.5629,Hillsboro,MO
38.6834,-90.284,Hillsdale,MO
38.7142,-93.9913,Holden,MO
36.6212,-93.2155,Hollister,MO
38.6403,-92.1224,Holts Summit,MO
37.3262,-91.956,Houston,MO
37.7945,-93.578,Humansville,MO
39.4406,-92.5452,Huntsville,MO
38.3698,-90.3785,Imperial,MO
39.0911,-94.4155,Independence,MO
37.5973,-90.6273,Ironton,MO
37.3823,-89.6662,Jackson,MO
38.5767,-92.1735,Jefferson City,MO
38.7192,-90.2604,Jennings,MO
37.0842,-94.5133,Joplin,MO
39.0997,-94.5786,Kansas City,MO
39.3678,-94.3622,Kearney,MO
36.2362,-90.0556,Kennett,MO
39.4345,-92.9382,Keytesville,MO
36.6334,-93.4168,Kimberling City,MO
39.6442,-94.0386,Kingston,MO
38.5834,-90.4068,Kirkwood,MO
36.6837,-93.0499,Kissee Mills,MO
38.7667,-93.5585,Knob Noster,MO
38.7742,-93.4252,La Monte,MO
38.6498,-90.3807,Ladue,MO
38.9231,-94.2441,Lake Lotawana,MO
38.1986,-92.6388,Lake Ozark,MO
38.7976,-90.7857,Lake Saint Louis,MO
38.8314,-94.3586,Lake Winnebago,MO
38.5387,-90.3351,Lakeshire,MO
37.495,-94.2766,Lamar,MO
39.5483,-94.3299,Lathrop,MO
39.4383,-94.2041,Lawson,MO
37.8673,-90.5932,Leadwood,MO
37.6806,-92.6638,Lebanon,MO
38.9108,-94.3822,Lees Summit,MO
38.5334,-90.2793,Lemay,MO
39.1847,-93.8799,Lexington,MO
39.2461,-94.4191,Liberty,MO
37.4995,-91.8571,Licking,MO
36.5923,-89.6154,Lilbourn,MO
38.3909,-93.3346,Lincoln,MO
39.8786,-93.1888,Linneus,MO
38.8708,-94.1738,Lone Jack,MO
39.4489,-91.0515,Louisiana,MO
39.7423,-92.4727,Macon,MO
36.557,-89.9665,Malden,MO
38.597,-90.5093,Manchester,MO
37.1067,-92.5807,Mansfield,MO
38.6125,-90.3246,Maplewood,MO
37.3059,-89.9704,Marble Hill,MO
39.712,-92.9483,Marceline,MO
37.0031,-93.6374,Marionville,MO
38.5703,-90.3371,Marlborough,MO
39.1231,-93.1969,Marshall,MO
37.3387,-92.9071,Marshfield,MO
38.6284,-91.0576,Marthasville,MO
38.7131,-90.4298,Maryland Heights,MO
39.8892,-94.3619,Maysville,MO
38.5084,-90.3229,Mehlville,MO
36.7139,-93.1619,Merriam Woods,MO
39.1698,-91.8829,Mexico,MO
39.4184,-92.4382,Moberly,MO
38.747,-90.2401,Moline Acres,MO
36.929,-93.9277,Monett,MO
39.6536,-91.7346,Monroe City,MO
38.9775,-91.5049,Montgomery City,MO
38.9478,-90.9182,Moscow Mills,MO
37.1037,-93.8185,Mount Vernon,MO
37.1306,-92.2635,Mountain Grove,MO
36.9953,-91.7038,Mountain View,MO
38.4903,-90.4871,Murphy,MO
36.869,-94.368,Neosho,MO
37.8392,-94.3547,Nevada,MO
39.0172,-92.7374,New Franklin,MO
38.6084,-91.219,New Haven,MO
39.5853,-91.401,New London,MO
36.5864,-89.5279,New Madrid,MO
37.0434,-93.2943,Nixa,MO
36.5456,-94.4852,Noel,MO
38.7209,-90.2973,Normandy,MO
39.13,-94.5622,North Kansas City,MO
38.7042,-90.2835,Northwoods,MO
38.8106,-90.6998,O'Fallon,MO
39.005,-94.1294,Oak Grove,MO
38.5764,-90.3857,Oakland,MO
38.4701,-90.3046,Oakville,MO
38.9992,-93.9536,Odessa,MO
38.6653,-90.376,Olivette,MO
37.0851,-89.6554,Oran,MO
39.9869,-95.145,Oregon,MO
37.1884,-94.4702,Oronogo,MO
38.1296,-92.6528,Osage Beach,MO
38.0467,-93.7044,Osceola,MO
38.7012,-90.3623,Overland,MO
38.3456,-91.5015,Owensville,MO
37.0209,-93.206,Ozark,MO
38.482,-90.7415,Pacific,MO
38.6834,-90.3076,Pagedale,MO
39.7942,-91.5232,Palmyra,MO
39.4809,-92.0013,Paris,MO
37.8542,-90.5182,Park Hills,MO
39.195,-94.6822,Parkville,MO
38.7192,-94.4586,Peculiar,MO
37.7242,-89.8612,Perryville,MO
38.2834,-90.3951,Pevely,MO
37.1545,-90.6957,Piedmont,MO
36.9459,-94.0002,Pierce City,MO
38.6959,-90.2751,Pine Lawn,MO
36.5945,-94.3841,Pineville,MO
39.3703,-94.7825,Platte City,MO
39.5656,-94.448,Plattsburg,MO
38.7875,-94.2694,Pleasant Hill,MO
39.2164,-94.4841,Pleasant Valley,MO
36.757,-90.3929,Poplar Bluff,MO
36.4253,-89.6995,Portageville,MO
37.9364,-90.7879,Potosi,MO
36.8173,-93.9208,Purdy,MO
38.8019,-94.4527,Raymore,MO
39.0086,-94.4636,Raytown,MO
37.12,-93.4802,Republic,MO
38.0964,-94.3611,Rich Hill,MO
37.857,-92.4043,Richland,MO
39.2786,-93.9769,Richmond,MO
38.6287,-90.3196,Richmond Heights,MO
38.2867,-90.3801,Riverside,MO
39.1775,-94.613,Riverside,MO
38.2759,-93.0696,Riverview,MO
38.7478,-90.2115,Riverview,MO
38.6076,-90.3785,Rock Hill,MO
37.117,-93.0557,Rogersville,MO
37.9514,-91.7713,Rolla,MO
38.7273,-90.3832,Saint Ann,MO
38.7839,-90.4812,Saint Charles,MO
38.3453,-90.981,Saint Clair,MO
38.5367,-90.3148,Saint George,MO
37.9973,-91.6143,Saint James,MO
37.8892,-92.3796,Saint John,MO
38.7134,-90.3432,Saint Johns,MO
39.7686,-94.8466,Saint Joseph,MO
38.6273,-90.1979,St. Louis,MO
38.5942,-92.3371,Saint Martins,MO
38.8614,-90.7418,Saint Paul,MO
38.8003,-90.6265,Saint Peters,MO
37.8281,-92.1777,Saint Robert,MO
37.9814,-90.0418,Sainte Genevieve,MO
37.6456,-91.536,Salem,MO
39.4239,-92.8016,Salisbury,MO
38.537,-90.3798,Sappington,MO
37.0692,-94.1166,Sarcoxie,MO
39.9417,-94.8303,Savannah,MO
37.2167,-89.5245,Scott City,MO
38.7045,-93.2283,Sedalia,MO
36.1342,-90.1598,Senath,MO
36.8415,-94.6111,Seneca,MO
37.1464,-92.7688,Seymour,MO
39.6939,-92.043,Shelbina,MO
39.8059,-92.0416,Shelbyville,MO
36.6323,-93.6344,Shell Knob,MO
38.5903,-90.3368,Shrewsbury,MO
36.8767,-89.5879,Sikeston,MO
39.2181,-93.0691,Slater,MO
39.3869,-94.5811,Smithville,MO
38.7878,-90.2159,Spanish Lake,MO
37.0012,-93.0816,Sparta,MO
37.2153,-93.2982,Springfield,MO
36.084,-89.8293,Steele,MO
37.9681,-91.3549,Steelville,MO
37.6989,-93.796,Stockton,MO
38.4409,-92.9919,Stover,MO
37.2684,-93.1171,Strafford,MO
39.1097,-94.4447,Sugar Creek,MO
38.2081,-91.1604,Sullivan,MO
38.5389,-90.4073,Sunset Hills,MO
38.9636,-93.4149,Sweet Springs,MO
36.5245,-91.5382,Thayer,MO
38.6556,-92.7799,Tipton,MO
38.6123,-90.4634,Town and Country,MO
38.9795,-90.9807,Troy,MO
38.2331,-92.4585,Tuscumbia,MO
38.45,-91.0085,Union,MO
38.6559,-90.3093,University City,MO
38.5492,-90.4926,Valley Park,MO
36.9956,-91.0146,Van Buren,MO
39.3109,-91.4885,Vandalia,MO
38.69,-90.2943,Velda Village,MO
38.6906,-90.2873,Velda Village Hills,MO
38.4314,-92.841,Versailles,MO
38.1867,-91.9471,Vienna,MO
38.69,-90.3426,Vinita Park,MO
38.4889,-92.1744,Wardsville,MO
38.7628,-93.7361,Warrensburg,MO
38.8114,-91.1415,Warrenton,MO
38.2431,-93.3819,Warsaw,MO
38.6073,-90.3834,Warson Woods,MO
38.5581,-91.0121,Washington,MO
37.8287,-92.2007,Waynesville,MO
39.2378,-94.6961,Weatherby Lake,MO
37.1465,-94.463,Webb City,MO
38.5926,-90.3573,Webster Groves,MO
38.7134,-90.6893,Weldon Spring,MO
38.6728,-90.2993,Wellston,MO
39.072,-91.5702,Wellsville,MO
38.8114,-90.8529,Wentzville,MO
36.7281,-91.8524,West Plains,MO
39.4111,-94.9016,Weston,MO
38.5828,-90.6629,Wildwood,MO
37.3051,-93.4285,Willard,MO
36.9923,-91.9699,Willow Springs,MO
38.5903,-90.5279,Winchester,MO
38.5322,-93.5221,Windsor,MO
38.9973,-90.7385,Winfield,MO
37.0098,-91.3235,Winona,MO
38.7251,-90.3585,Woodson Terrace,MO
38.8276,-91.0201,Wright City,MO
33.8251,-88.5437,Aberdeen,MS
33.3101,-89.1728,Ackerman,MS
33.9843,-88.4881,Amory,MS
31.3352,-89.3734,Arnold Line,MS
34.8329,-89.1759,Ashland,MS
34.5095,-88.6353,Baldwyn,MS
34.3115,-89.9443,Batesville,MS
30.3088,-89.33,Bay Saint Louis,MS
31.979,-89.2873,Bay Springs,MS
32.3276,-90.8268,Beechwood,MS
31.5688,-88.4839,Belmont,MS
34.5098,-88.2092,Belmont,MS
33.1843,-90.4893,Belzoni,MS
30.396,-88.8853,Biloxi,MS
34.6581,-88.5667,Booneville,MS
32.2732,-89.9859,Brandon,MS
31.5791,-90.4407,Brookhaven,MS
33.2346,-88.5823,Brooksville,MS
33.9921,-89.349,Bruce,MS
31.4629,-90.8501,Bude,MS
34.8723,-89.6906,Byhalia,MS
32.1793,-90.2454,Byram,MS
33.6829,-88.3245,Caledonia,MS
33.8554,-89.3115,Calhoun City,MS
32.6126,-90.0367,Canton,MS
30.6169,-89.6526,Carriere,MS
33.5082,-89.9204,Carrollton,MS
32.7326,-89.5362,Carthage,MS
31.0896,-91.0684,Centreville,MS
34.0068,-90.0568,Charleston,MS
34.2001,-90.5709,Clarksdale,MS
32.1654,-90.1806,Cleary,MS
33.744,-90.7248,Cleveland,MS
32.3415,-90.3218,Clinton,MS
32.7149,-89.2142,Coldwater,MS
34.6918,-89.9773,Coldwater,MS
31.6454,-89.5554,Collins,MS
32.4979,-88.8459,Collinsville,MS
33.4957,-88.4273,Columbus,MS
31.2518,-89.8376,Columbia,MS
34.5107,-89.9398,Como,MS
32.4513,-89.2853,Conehatta,MS
34.9342,-88.5223,Corinth,MS
31.9874,-90.357,Crystal Springs,MS
30.4263,-88.8909,D'Iberville,MS
32.7676,-88.6509,De Kalb,MS
30.3794,-89.2645,De Lisle,MS
32.439,-89.1084,Decatur,MS
33.8557,-89.2845,Derma,MS
30.3946,-89.3639,Diamondhead,MS
33.8096,-90.5265,Drew,MS
33.0751,-89.8545,Durant,MS
32.3302,-90.6056,Edwards,MS
31.6041,-89.1956,Ellisville,MS
30.4405,-88.5436,Escatawpa,MS
33.5407,-89.267,Eupora,MS
34.9301,-88.4523,Farmington,MS
31.7115,-91.0607,Fayette,MS
32.5432,-90.3093,Flora,MS
32.1535,-90.1312,Florence,MS
32.3096,-90.139,Flowood,MS
32.3646,-89.4742,Forest,MS
34.3668,-90.6376,Friars Point,MS
34.274,-88.4092,Fulton,MS
30.3858,-88.6117,Gautier,MS
31.3646,-89.3062,Glendale,MS
32.9701,-89.9123,Goodman,MS
33.4101,-91.0618,Greenville,MS
33.5162,-90.1795,Greenwood,MS
33.769,-89.8084,Grenada,MS
30.4305,-88.8423,Gulf Hills,MS
30.3919,-88.7611,Gulf Park Estates,MS
30.3674,-89.0928,Gulfport,MS
34.4432,-88.6598,Guntown,MS
31.3271,-89.2903,Hattiesburg,MS
31.8604,-90.3959,Hazlehurst,MS
30.4946,-88.4959,Helena,MS
34.824,-89.9937,Hernando,MS
30.4569,-88.6392,Hickory Hills,MS
32.4593,-89.5115,Hillsboro,MS
33.169,-90.854,Hollandale,MS
31.3157,-89.9779,Holly Springs,MS
34.7676,-89.4487,Holly Springs,MS
34.9554,-90.0348,Horn Lake,MS
33.8984,-88.9992,Houston,MS
30.661,-88.4942,Hurley,MS
33.4509,-90.6551,Indianola,MS
33.3537,-90.5926,Inverness,MS
33.4951,-90.3198,Itta Bena,MS
34.8118,-88.19,Iuka,MS
32.2988,-90.1848,Jackson,MS
34.3195,-90.4557,Jonestown,MS
32.589,-90.3154,Kearney Park,MS
30.4091,-89.4351,Kiln,MS
33.058,-89.5896,Kosciusko,MS
34.2018,-90.2834,Lambert,MS
30.5346,-88.8667,Latimer,MS
31.6941,-89.1306,Laurel,MS
31.1557,-88.5578,Leakesville,MS
33.4054,-90.8976,Leland,MS
33.1132,-90.0531,Lexington,MS
31.1582,-90.8123,Liberty,MS
30.3505,-89.1528,Long Beach,MS
33.1237,-89.0551,Louisville,MS
30.9252,-88.59,Lucedale,MS
31.0013,-89.4523,Lumberton,MS
30.4947,-89.1256,Lyman,MS
34.9623,-90.0959,Lynchburg,MS
32.4401,-90.549,Lynchburg,MS
33.1054,-88.5609,Macon,MS
32.4618,-90.1154,Madison,MS
31.8738,-89.7337,Magee,MS
31.1432,-90.4587,Magnolia,MS
34.3243,-88.4912,Mantachie,MS
32.4174,-88.6478,Marion,MS
34.2568,-90.273,Marks,MS
32.9021,-91.0512,Mayersville,MS
31.2438,-90.4531,McComb,MS
31.4724,-90.8968,Meadville,MS
31.9618,-89.8701,Mendenhall,MS
32.3643,-88.7037,Meridian,MS
33.454,-91.0073,Metcalfe,MS
33.9504,-90.284,Mikoma,MS
31.5538,-90.1073,Monticello,MS
33.4501,-90.5056,Moorhead,MS
31.5727,-91.3476,Morgantown,MS
32.3538,-89.6545,Morton,MS
30.4116,-88.5345,Moss Point,MS
33.8782,-90.7273,Mound Bayou,MS
31.5604,-91.4032,Natchez,MS
32.4068,-88.7773,Nellieburg,MS
34.089,-88.6223,Nettleton,MS
34.4943,-89.0078,New Albany,MS
31.2026,-89.0367,New Augusta,MS
33.4682,-88.3267,New Hope,MS
32.3213,-89.1634,Newton,MS
30.4771,-89.6937,Nicholson,MS
34.7009,-90.3782,North Tunica,MS
30.4113,-88.8278,Ocean Springs,MS
34.0018,-88.7553,Okolona,MS
34.9618,-89.8295,Olive Branch,MS
34.3665,-89.5192,Oxford,MS
30.3658,-88.5561,Pascagoula,MS
30.3158,-89.2475,Pass Christian,MS
32.2746,-90.132,Pearl,MS
32.7835,-89.2278,Pearl River,MS
30.2466,-89.6112,Pearlington,MS
32.3129,-89.7984,Pelahatchie,MS
31.3466,-89.2601,Petal,MS
32.7715,-89.1167,Philadelphia,MS
30.5256,-89.6779,Picayune,MS
32.8837,-89.9715,Pickens,MS
33.9404,-89.3376,Pittsboro,MS
34.2134,-88.6645,Plantersville,MS
34.2479,-88.9987,Pontotoc,MS
30.8402,-89.5342,Poplarville,MS
31.961,-90.984,Port Gibson,MS
31.5985,-89.867,Prentiss,MS
31.1432,-89.4098,Purvis,MS
32.0401,-88.7281,Quitman,MS
32.0335,-89.5223,Raleigh,MS
31.3807,-89.3714,Rawls Springs,MS
32.2593,-90.4226,Raymond,MS
32.239,-90.1584,Richland,MS
31.3493,-88.94,Richton,MS
32.4285,-90.1323,Ridgeland,MS
34.7298,-88.9506,Ripley,MS
32.9065,-90.8782,Rolling Fork,MS
33.7259,-90.5515,Ruleville,MS
34.3765,-88.6817,Saltillo,MS
34.437,-89.9159,Sardis,MS
30.6358,-89.135,Saucier,MS
34.6176,-89.9687,Senatobia,MS
34.1162,-88.7117,Shannon,MS
31.7896,-89.0987,Sharon,MS
33.9509,-90.7679,Shelby,MS
34.989,-90.0126,Southaven,MS
30.438,-88.8681,Saint Martin,MS
33.4505,-88.8196,Starkville,MS
32.1318,-88.7934,Stonewall,MS
31.2838,-90.4684,Summit,MS
31.4174,-89.5423,Sumrall,MS
33.5429,-90.537,Sunflower,MS
31.8296,-89.4281,Taylorsville,MS
33.1829,-90.2229,Tchula,MS
32.0963,-90.2943,Terry,MS
34.6846,-90.3829,Tunica,MS
34.2581,-88.7046,Tupelo,MS
34.0148,-90.4318,Tutwiler,MS
31.116,-90.142,Tylertown,MS
32.5715,-89.1214,Union,MS
34.3659,-89.5254,University,MS
30.5405,-88.6875,Vancleave,MS
33.8757,-89.1773,Vardaman,MS
34.1943,-88.7198,Verona,MS
32.3526,-90.8779,Vicksburg,MS
30.6424,-88.5697,Wade,MS
34.9582,-90.1526,Walls,MS
32.5904,-89.4584,Walnut Grove,MS
33.6073,-89.2773,Walthall,MS
34.1515,-89.6315,Water Valley,MS
30.2869,-89.3762,Waveland,MS
31.6749,-88.6462,Waynesboro,MS
31.7013,-90.3976,Wesson,MS
30.4041,-89.0942,West Gulfport,MS
31.3191,-89.3751,West Hattiesburg,MS
33.6076,-88.6503,West Point,MS
30.8582,-89.1353,Wiggins,MS
33.4821,-89.7281,Winona,MS
31.1046,-91.2996,Woodville,MS
32.8551,-90.4056,Yazoo City,MS
35.1315,-79.4295,Aberdeen,NC
35.9412,-80.4092,Advance,NC
36.2868,-76.9847,Ahoskie,NC
35.3501,-80.2001,Albemarle,NC
35.2017,-83.8241,Andrews,NC
35.5071,-78.7392,Angier,NC
35.7326,-78.8503,Apex,NC
35.9146,-79.972,Archdale,NC
35.694,-78.3756,Archer Lodge,NC
35.7079,-79.8136,Asheboro,NC
35.6009,-82.554,Asheville,NC
34.699,-76.7402,Atlantic Beach,NC
35.4635,-82.5826,Avery Creek,NC
35.4727,-77.4155,Ayden,NC
35.406,-80.1167,Badin,NC
36.0157,-82.1587,Bakersville,NC
35.3465,-82.4721,Balfour,NC
36.1632,-81.8715,Banner Elk,NC
35.3112,-82.444,Barker Heights,NC
35.1429,-76.7702,Bayboro,NC
34.2896,-77.7875,Bayshore,NC
34.7182,-76.6638,Beaufort,NC
35.5402,-76.623,Belhaven,NC
35.2429,-81.0373,Belmont,NC
34.2307,-77.9658,Belville,NC
35.3821,-78.5486,Benson,NC
35.509,-82.6079,Bent Creek,NC
36.0037,-80.422,Bermuda Run,NC
36.0037,-80.422,Bermuda Run,NC
35.2849,-81.284,Bessemer City,NC
35.8071,-77.3789,Bethel,NC
35.8257,-81.307,Bethlehem,NC
34.9238,-77.7739,Beulaville,NC
35.5337,-82.5285,Biltmore Forest,NC
35.3599,-79.7798,Biscoe,NC
35.6179,-82.3212,Black Mountain,NC
34.5388,-78.7875,Bladenboro,NC
36.1351,-81.6776,Blowing Rock,NC
34.0305,-78.0672,Boiling Spring Lakes,NC
35.2543,-81.667,Boiling Springs,NC
34.0677,-78.1483,Bolivia,NC
36.2168,-81.6745,Boone,NC
36.2326,-80.7081,Boonville,NC
35.2334,-82.7343,Brevard,NC
35.056,-77.0877,Brices Creek,NC
34.7207,-76.9363,Broad Creek,NC
35.4579,-79.0531,Broadway,NC
35.2927,-78.0344,Brogden,NC
34.2868,-78.7011,Brunswick,NC
35.4313,-83.4494,Bryson City,NC
35.4132,-78.7356,Buies Creek,NC
34.5521,-77.9261,Burgaw,NC
36.0957,-79.4378,Burlington,NC
35.1124,-80.2445,Burnsville,NC
35.9173,-82.301,Burnsville,NC
36.1321,-78.7567,Butner,NC
35.2677,-75.5424,Buxton,NC
35.8349,-81.5415,Cajahs Mountain,NC
33.8907,-78.5683,Calabash,NC
36.3285,-76.1719,Camden,NC
35.5329,-82.8374,Canton,NC
34.6915,-77.063,Cape Carteret,NC
34.0352,-77.8936,Carolina Beach,NC
33.901,-78.5806,Carolina Shores,NC
35.9101,-79.0753,Carrboro,NC
35.346,-79.417,Carthage,NC
35.7915,-78.7811,Cary,NC
34.3557,-77.9,Castle Hayne,NC
34.6877,-77.0725,Cedar Point,NC
34.3221,-78.827,Chadbourn,NC
35.9132,-79.0558,Chapel Hill,NC
35.2271,-80.8431,Charlotte,NC
35.4743,-83.3149,Cherokee,NC
35.3787,-81.379,Cherryville,NC
35.5693,-80.5817,China Grove,NC
35.7146,-81.1462,Claremont,NC
35.6507,-78.4564,Clayton,NC
36.0215,-80.382,Clemmons,NC
34.998,-78.3233,Clinton,NC
35.5334,-82.9107,Clyde,NC
35.4079,-78.672,Coats,NC
35.9177,-76.2522,Columbia,NC
35.2532,-82.1971,Columbus,NC
35.4089,-80.5816,Concord,NC
35.7429,-81.5134,Connelly Springs,NC
35.7065,-81.2187,Conover,NC
34.9129,-79.822,Cordova,NC
35.4868,-80.8601,Cornelius,NC
35.6065,-83.0113,Cove Creek,NC
35.2388,-81.0751,Cramerton,NC
36.1224,-78.6861,Creedmoor,NC
36.1715,-81.194,Cricket,NC
35.3137,-83.1765,Cullowhee,NC
36.4499,-76.0155,Currituck,NC
35.3165,-81.1762,Dallas,NC
35.3293,-82.3754,Dana,NC
36.4093,-80.2059,Danbury,NC
35.5023,-80.8391,Davidson,NC
35.6335,-80.1159,Denton,NC
35.5312,-81.0298,Denver,NC
36.3957,-80.7226,Dobson,NC
35.7579,-81.6043,Drexel,NC
35.3063,-78.6089,Dunn,NC
35.994,-78.8986,Durham,NC
35.2801,-82.4221,East Flat Rock,NC
34.9182,-79.7626,East Rockingham,NC
35.6818,-80.4323,East Spencer,NC
35.1,-78.8,Eastover,NC
36.4885,-79.7667,Eden,NC
36.0579,-76.6077,Edenton,NC
35.394,-82.341,Edneyville,NC
36.2946,-76.2511,Elizabeth City,NC
34.6293,-78.6053,Elizabethtown,NC
36.2443,-80.8484,Elkin,NC
35.0713,-79.7614,Ellerbe,NC
35.8066,-77.8633,Elm City,NC
36.1029,-79.5067,Elon,NC
35.3427,-77.9086,Elroy,NC
34.6779,-76.9508,Emerald Isle,NC
36.181,-77.6666,Enfield,NC
35.5299,-80.6681,Enochville,NC
35.3268,-78.6761,Erwin,NC
35.3176,-82.5943,Etowah,NC
35.0765,-76.9636,Fairfield Harbour,NC
34.4968,-79.1142,Fairmont,NC
36.1985,-81.1529,Fairplains,NC
35.514,-82.3959,Fairview,NC
35.1385,-80.5376,Fairview,NC
35.5707,-79.22,Farmville,NC
35.5954,-77.5853,Farmville,NC
35.8038,-79.0903,Fearrington Village,NC
35.0527,-78.8784,Fayetteville,NC
35.2712,-82.4415,Flat Rock,NC
36.5124,-80.5698,Flat Rock,NC
35.4307,-82.5012,Fletcher,NC
35.334,-81.8651,Forest City,NC
35.9882,-79.7061,Forest Oaks,NC
36.1618,-81.7657,Foscoe,NC
35.4449,-78.427,Four Oaks,NC
35.1823,-83.3815,Franklin,NC
35.7212,-80.4989,Franklin,NC
36.1018,-78.4581,Franklinton,NC
35.7437,-79.6923,Franklinville,NC
35.5454,-77.9747,Fremont,NC
35.3965,-82.3932,Fruitland,NC
35.5843,-78.8,Fuquay-Varina,NC
35.8693,-81.5962,Gamewell,NC
35.7113,-78.6142,Garner,NC
36.451,-77.5589,Garysburg,NC
35.2621,-81.1873,Gastonia,NC
36.4035,-76.753,Gatesville,NC
36.5004,-77.645,Gaston,NC
36.1057,-79.5422,Gibsonville,NC
35.729,-81.7793,Glen Alpine,NC
36.1132,-79.4764,Glen Raven,NC
35.3849,-77.9928,Goldsboro,NC
36.0365,-78.8233,Gorman,NC
36.069,-79.4006,Graham,NC
35.7965,-81.4306,Granite Falls,NC
35.6124,-80.4467,Granite Quarry,NC
36.121,-79.3442,Green Level,NC
35.7821,-78.9039,Green Level,NC
36.0726,-79.792,Greensboro,NC
35.6127,-77.3663,Greenville,NC
35.3727,-77.4375,Grifton,NC
34.826,-77.4594,Half Moon,NC
36.3285,-77.5894,Halifax,NC
34.8849,-79.6942,Hamlet,NC
34.3677,-77.7105,Hampstead,NC
34.6952,-76.5594,Harkers Island,NC
35.324,-80.6578,Harrisburg,NC
34.879,-76.9013,Havelock,NC
36.0915,-79.3642,Haw River,NC
35.0462,-83.8179,Hayesville,NC
36.2499,-81.1156,Hays,NC
35.4687,-83.004,Hazelwood,NC
35.1188,-80.6304,Hemby Bridge,NC
36.3296,-78.3992,Henderson,NC
35.3187,-82.4609,Hendersonville,NC
36.1902,-76.466,Hertford,NC
35.7332,-81.3412,Hickory,NC
35.9557,-80.0053,High Point,NC
35.714,-81.422,Hildebran,NC
36.0754,-79.0997,Hillsborough,NC
34.4954,-77.555,Holly Ridge,NC
35.6513,-78.8336,Holly Springs,NC
35.439,-82.4668,Hoopers Creek,NC
34.9704,-78.9453,Hope Mills,NC
35.3432,-82.5565,Horse Shoe,NC
35.8485,-81.4959,Hudson,NC
35.4107,-80.8428,Huntersville,NC
35.7274,-81.4707,Icard,NC
35.0768,-80.6692,Indian Trail,NC
36.3896,-77.4214,Jackson,NC
34.754,-77.4302,Jacksonville,NC
35.0888,-77.0349,James City,NC
35.9943,-79.9353,Jamestown,NC
36.4204,-81.4734,Jefferson,NC
36.2393,-80.8445,Jonesville,NC
35.4874,-80.6217,Kannapolis,NC
34.9624,-77.9622,Kenansville,NC
35.5963,-78.1242,Kenly,NC
36.1199,-80.0737,Kernersville,NC
36.0307,-75.676,Kill Devil Hills,NC
36.2807,-80.3592,King,NC
34.2629,-77.8636,Kings Grant,NC
35.2451,-81.3412,Kings Mountain,NC
35.2627,-77.5816,Kinston,NC
36.0646,-75.7057,Kitty Hawk,NC
35.7876,-78.4806,Knightdale,NC
33.9968,-77.9072,Kure Beach,NC
35.3068,-77.788,La Grange,NC
35.5279,-82.9596,Lake Junaluska,NC
35.4279,-82.2048,Lake Lure,NC
35.5868,-80.9595,Lake Norman of Catawba,NC
35.0863,-80.6351,Lake Park,NC
34.3191,-78.5,Lake Waccamaw,NC
35.5457,-80.6109,Landis,NC
34.809,-79.5478,Laurel Hill,NC
35.3137,-82.4934,Laurel Park,NC
34.7741,-79.4628,Laurinburg,NC
34.2563,-78.0447,Leland,NC
35.914,-81.539,Lenoir,NC
36.0971,-80.4192,Lewisville,NC
35.824,-80.2534,Lexington,NC
35.8535,-79.5717,Liberty,NC
35.3993,-78.8158,Lillington,NC
35.4738,-81.2545,Lincolnton,NC
35.2599,-80.4253,Locust,NC
33.9104,-78.1178,Long Beach,NC
35.7293,-81.3834,Longview,NC
36.099,-78.3011,Louisburg,NC
35.2679,-81.1029,Lowell,NC
35.4171,-81.0112,Lowesville,NC
35.6454,-78.0097,Lucama,NC
34.6183,-79.0105,Lumberton,NC
36.3854,-79.9595,Madison,NC
35.5182,-83.0976,Maggie Valley,NC
35.5757,-81.2117,Maiden,NC
35.9082,-75.6757,Manteo,NC
35.3349,-78.0558,Mar-Mac,NC
35.684,-82.0093,Marion,NC
35.8265,-82.5493,Mars Hill,NC
35.7973,-82.684,Marshall,NC
34.9885,-80.367,Marshville,NC
34.9918,-80.8148,Marvin,NC
34.1793,-77.8475,Masonboro,NC
35.1168,-80.7237,Matthews,NC
35.4821,-77.5861,Maury,NC
34.7352,-79.3489,Maxton,NC
36.4124,-79.967,Mayodan,NC
34.9049,-77.2313,Maysville,NC
36.1074,-79.6586,McLeansville,NC
36.096,-79.267,Mebane,NC
35.2274,-80.5006,Midland,NC
35.9535,-80.2181,Midway,NC
36.1893,-81.2376,Millers Creek,NC
35.3884,-82.5668,Mills River,NC
34.9379,-80.6687,Mineral Springs,NC
35.1796,-80.6473,Mint Hill,NC
35.894,-80.5614,Mocksville,NC
34.9854,-80.5495,Monroe,NC
35.5849,-80.8101,Mooresville,NC
36.0968,-81.1823,Moravian Falls,NC
34.7229,-76.726,Morehead City,NC
35.7454,-81.6848,Morganton,NC
35.8235,-78.8256,Morrisville,NC
36.4993,-80.6073,Mount Airy,NC
35.2149,-80.0023,Mount Gilead,NC
35.2982,-81.0159,Mount Holly,NC
35.1966,-78.0664,Mount Olive,NC
35.3993,-80.4359,Mount Pleasant,NC
35.3696,-82.4929,Mountain Home,NC
35.6832,-81.369,Mountain View,NC
36.5246,-76.1783,Moyock,NC
36.2396,-81.1806,Mulberry,NC
36.4424,-77.0986,Murfreesboro,NC
35.0876,-84.0346,Murphy,NC
34.2957,-77.8475,Murraysville,NC
34.1346,-77.8816,Myrtle Grove,NC
35.9574,-75.6241,Nags Head,NC
35.9746,-77.9655,Nashville,NC
34.2555,-78.0075,Navassa,NC
34.9638,-76.9447,Neuse Forest,NC
35.1085,-77.0441,New Bern,NC
36.0874,-81.9273,Newland,NC
34.7865,-76.8591,Newport,NC
35.6699,-81.2215,Newton,NC
36.4457,-78.1983,Norlina,NC
36.1585,-81.1476,North Wilkesboro,NC
35.7818,-81.3751,Northlakes,NC
35.2196,-80.1189,Norwood,NC
33.9166,-78.1611,Oak Island,NC
36.1735,-79.9889,Oak Ridge,NC
35.2257,-80.329,Oakboro,NC
34.2724,-77.8186,Ogden,NC
36.3107,-78.5908,Oxford,NC
34.6802,-79.195,Pembroke,NC
36.3865,-80.4695,Pilot Mountain,NC
34.6974,-76.8133,Pine Knoll Shores,NC
35.5132,-78.2444,Pine Level,NC
35.1099,-79.4723,Pinebluff,NC
35.1954,-79.4695,Pinehurst,NC
35.7885,-77.6377,Pinetops,NC
35.0832,-80.8923,Pineville,NC
34.716,-77.3202,Piney Green,NC
35.7201,-79.1772,Pittsboro,NC
35.2485,-78.5553,Plain View,NC
35.9621,-79.7622,Pleasant Garden,NC
35.8735,-79.4817,Pleasant Hill,NC
35.8668,-76.7486,Plymouth,NC
35.0076,-80.2009,Polkton,NC
35.466,-78.1606,Princeton,NC
35.8896,-77.5322,Princeville,NC
35.5193,-81.1412,Pumpkin Center,NC
34.7916,-77.3725,Pumpkin Center,NC
34.981,-79.2242,Raeford,NC
35.7721,-78.6386,Raleigh,NC
35.7335,-79.6525,Ramseur,NC
35.8179,-79.8031,Randleman,NC
35.2863,-81.1304,Ranlo,NC
36.0385,-77.9064,Red Oak,NC
34.8152,-79.1831,Red Springs,NC
36.3549,-79.6645,Reidsville,NC
35.774,-81.4312,Rhodhiss,NC
34.8993,-77.5466,Richlands,NC
35.069,-77.1469,River Bend,NC
35.5068,-76.9908,River Road,NC
36.4615,-77.6542,Roanoke Rapids,NC
35.434,-79.587,Robbins,NC
35.3229,-83.8074,Robbinsville,NC
35.8252,-77.2491,Robersonville,NC
34.9927,-79.0661,Rockfish,NC
34.9393,-79.7739,Rockingham,NC
35.5513,-80.4065,Rockwell,NC
34.4352,-77.8878,Rocky Point,NC
35.9382,-77.7905,Rocky Mount,NC
35.9232,-78.4575,Rolesville,NC
34.8282,-78.023,Rose Hill,NC
34.953,-78.5086,Roseboro,NC
34.5365,-79.2914,Rowland,NC
36.3937,-78.9828,Roxboro,NC
35.4751,-82.516,Royal Pines,NC
36.2404,-80.2934,Rural Hall,NC
35.7485,-81.5226,Rutherford College,NC
35.3693,-81.9568,Rutherfordton,NC
33.9293,-78.1164,Saint James,NC
34.8066,-78.9711,Saint Pauls,NC
35.6987,-81.697,Salem,NC
35.671,-80.4742,Salisbury,NC
35.4799,-79.1803,Sanford,NC
35.8248,-81.4745,Sawmills,NC
35.9474,-79.322,Saxapahaw,NC
36.1296,-77.4202,Scotland Neck,NC
34.0632,-77.8914,Sea Breeze,NC
34.2093,-77.8436,Seagate,NC
35.5365,-78.2844,Selma,NC
35.2785,-79.5645,Seven Lakes,NC
33.9732,-78.3858,Shallotte,NC
35.8671,-77.8291,Sharpsburg,NC
35.2923,-81.5357,Shelby,NC
35.6204,-80.9865,Sherrills Ford,NC
35.7235,-79.4622,Siler City,NC
34.1488,-77.9136,Silver Lake,NC
34.346,-77.9025,Skippers Corner,NC
35.5085,-78.3394,Smithfield,NC
34.5527,-77.3972,Sneads Ferry,NC
35.4515,-77.6811,Snow Hill,NC
35.2193,-81.2056,South Gastonia,NC
36.3082,-78.4067,South Henderson,NC
36.4515,-77.6972,South Rosemary,NC
35.1741,-79.3923,Southern Pines,NC
36.139,-75.7316,Southern Shores,NC
35.6679,-80.267,Southmont,NC
33.9216,-78.0203,Southport,NC
36.5054,-81.1209,Sparta,NC
35.6924,-80.4348,Spencer,NC
35.3601,-81.9293,Spindale,NC
35.9451,-78.1119,Spring Hope,NC
35.1679,-78.9728,Spring Lake,NC
35.9154,-82.0646,Spruce Pine,NC
35.7646,-81.2731,Saint Stephens,NC
35.0907,-80.6862,Stallings,NC
35.2335,-80.427,Stanfield,NC
35.359,-81.097,Stanley,NC
35.7826,-80.8873,Statesville,NC
35.0135,-78.6939,Stedman,NC
36.2371,-79.9795,Stokesdale,NC
36.4665,-79.907,Stoneville,NC
35.8635,-81.0473,Stony Point,NC
36.2088,-79.9048,Summerfield,NC
35.5682,-77.4027,Summerfield,NC
33.8807,-78.5122,Sunset Beach,NC
34.4271,-77.5461,Surf City,NC
35.5979,-82.3998,Swannanoa,NC
35.4063,-76.3291,Swanquarter,NC
34.6877,-77.1191,Swansboro,NC
36.0213,-79.3614,Swepsonville,NC
35.3737,-83.226,Sylva,NC
34.1488,-78.8767,Tabor City,NC
35.8968,-77.5358,Tarboro,NC
35.9218,-81.1765,Taylorsville,NC
35.8826,-80.082,Thomasville,NC
36.3665,-80.9284,Thurmond,NC
36.5004,-80.6265,Toast,NC
36.2382,-80.3714,Tobaccoville,NC
35.0821,-77.0863,Trent Woods,NC
35.0671,-77.3527,Trenton,NC
35.8946,-79.9909,Trinity,NC
35.7007,-80.8881,Troutman,NC
35.3585,-79.8945,Troy,NC
35.2082,-82.2385,Tryon,NC
35.3399,-81.322,Tryon,NC
35.809,-80.3728,Tyro,NC
35.0874,-80.509,Unionville,NC
35.7407,-81.5631,Valdese,NC
35.2985,-82.4832,Valley Hill,NC
35.3085,-77.1541,Vanceboro,NC
35.0321,-78.7947,Vander,NC
34.9682,-80.0767,Wadesboro,NC
35.9799,-78.5097,Wake Forest,NC
36.1754,-80.1531,Walkertown,NC
35.2857,-78.8136,Walkertown,NC
34.7357,-77.9953,Wallace,NC
36.0101,-80.1392,Wallburg,NC
36.2954,-80.1417,Walnut Cove,NC
35.8427,-75.6385,Wanchese,NC
36.3985,-78.1553,Warrenton,NC
34.9993,-78.0911,Warsaw,NC
35.5466,-77.0522,Washington,NC
34.9246,-80.7434,Waxhaw,NC
35.4887,-82.9887,Waynesville,NC
35.697,-82.5607,Weaverville,NC
35.0224,-80.7609,Weddington,NC
35.9029,-80.257,Welcome,NC
36.4271,-77.5955,Weldon,NC
36.4001,-79.7745,Wentworth,NC
35.0071,-80.6745,Wesley Chapel,NC
35.781,-78.3697,Wendell,NC
35.5379,-82.8582,West Canton,NC
36.4037,-81.4929,West Jefferson,NC
35.6579,-82.0254,West Marion,NC
35.7868,-78.6639,West Raleigh,NC
35.5012,-80.9787,Westport,NC
35.2557,-79.3722,Whispering Pines,NC
35.234,-81.3981,White Plains,NC
36.4457,-80.6334,White Plains,NC
34.3388,-78.7031,Whiteville,NC
36.146,-81.1606,Wilkesboro,NC
35.8546,-77.0555,Williamston,NC
34.2257,-77.9447,Wilmington,NC
35.7213,-77.9155,Wilson,NC
35.584,-78.3558,Wilsons Mills,NC
35.9985,-76.9461,Windsor,NC
35.5529,-77.3611,Windsor,NC
34.9843,-80.4492,Wingate,NC
36.0999,-80.2442,Winston-Salem,NC
35.529,-77.4011,Winterville,NC
36.3957,-76.9319,Winton,NC
35.6334,-82.5821,Woodfin,NC
34.2885,-77.9211,Wrightsboro,NC
34.2085,-77.7964,Wrightsville Beach,NC
36.1346,-80.6595,Yadkinville,NC
36.404,-79.3361,Yanceyville,NC
36.0249,-78.4744,Youngsville,NC
35.8243,-78.3147,Zebulon,NC
39.4284,-74.4957,Absecon,NJ
39.5609,-75.3624,Alloway,NJ
39.8632,-75.006,Ashland,NJ
39.3643,-74.4229,Atlantic City,NJ
39.8909,-75.073,Audubon,NJ
39.8965,-75.0877,Audubon Park,NJ
39.1012,-74.7177,Avalon,NJ
39.7532,-74.2229,Barnegat,NJ
39.8648,-75.0552,Barrington,NJ
39.5593,-74.2432,Beach Haven,NJ
39.6698,-74.2318,Beach Haven West,NJ
39.939,-74.1929,Beachwood,NJ
39.754,-75.3574,Beckett,NJ
39.8676,-75.0946,Bellmawr,NJ
39.7912,-74.9291,Berlin,NJ
39.8023,-75.0641,Blackwood,NJ
39.4101,-74.3646,Brigantine,NJ
39.4273,-75.2341,Bridgeton,NJ
39.8782,-75.1207,Brooklawn,NJ
39.8743,-75.1196,Brooklawn,NJ
39.9726,-74.5829,Browns Mills,NJ
39.5137,-74.9246,Buena,NJ
39.926,-75.1196,Camden,NJ
39.0826,-74.8238,Cape May Court House,NJ
38.9351,-74.906,Cape May,NJ
39.7112,-75.4702,Carneys Point,NJ
39.9523,-74.3999,Cedar Glen Lakes,NJ
39.9348,-75.0307,Cherry Hill,NJ
39.9359,-75.0091,Cherry Hill Mall,NJ
39.7323,-74.881,Chesilhurst,NJ
39.9968,-74.9927,Cinnaminson,NJ
39.6601,-75.0921,Clayton,NJ
39.8115,-74.9829,Clementon,NJ
39.5957,-74.8816,Collings Lakes,NJ
39.9182,-75.0713,Collingswood,NJ
39.9426,-74.544,Country Lake Estates,NJ
39.9482,-74.3607,Crestwood Village,NJ
39.9912,-74.0637,Dover Beaches North,NJ
39.9557,-74.0743,Dover Beaches South,NJ
39.8484,-74.9957,Echelon,NJ
39.5287,-74.6479,Egg Harbor City,NJ
39.9137,-75.0105,Ellisburg,NJ
39.5951,-75.1702,Elmer,NJ
39.5765,-74.7168,Elwood,NJ
38.9807,-74.9079,Erma,NJ
39.4121,-74.7424,Estell Manor,NJ
39.3818,-75.2199,Fairton,NJ
39.6021,-74.8427,Folsom,NJ
39.8398,-74.1901,Forked River,NJ
39.8382,-74.9649,Gibbsboro,NJ
39.8251,-75.2835,Gibbstown,NJ
39.7029,-75.1118,Glassboro,NJ
39.8396,-75.0735,Glendora,NJ
39.8918,-75.1163,Gloucester City,NJ
39.9279,-75.0388,Golden Triangle,NJ
39.8971,-74.9557,Greentree,NJ
39.8773,-75.0646,Haddon Heights,NJ
39.8915,-75.0377,Haddonfield,NJ
39.6365,-74.8024,Hammonton,NJ
39.946,-74.254,Holiday Heights,NJ
39.9421,-74.1499,Island Heights,NJ
39.7765,-74.8624,Jackson,NJ
39.9237,-74.9879,Kingston Estates,NJ
39.3396,-75.0299,Laurel Lake,NJ
39.9704,-74.0687,Lavallette,NJ
39.8665,-75.0282,Lawnside,NJ
39.8201,-75.0063,Laurel Springs,NJ
39.8923,-74.7021,Leisuretowne,NJ
39.8243,-74.9977,Lindenwold,NJ
39.3398,-74.5752,Linwood,NJ
39.9498,-74.6607,Magnolia,NJ
39.8546,-75.0391,Magnolia,NJ
39.6954,-74.2588,Manahawkin,NJ
39.9526,-74.9924,Maple Shade,NJ
39.3279,-74.5035,Margate City,NJ
39.8912,-74.9218,Marlton,NJ
39.4523,-74.7277,Mays Landing,NJ
39.8584,-74.8029,Medford Lakes,NJ
39.4021,-75.0393,Millville,NJ
39.8785,-75.0927,Mount Ephraim,NJ
39.9929,-74.7877,Mount Holly,NJ
39.934,-74.891,Mount Laurel,NJ
39.7393,-75.2241,Mullica Hill,NJ
39.5443,-74.3824,Mystic Island,NJ
39.8659,-75.1788,National Park,NJ
39.5469,-75.0264,Newfield,NJ
39.5732,-74.2315,North Beach Haven,NJ
38.9821,-74.9579,North Cape May,NJ
39.0007,-74.7993,North Wildwood,NJ
39.3704,-74.5502,Northfield,NJ
39.901,-75.0846,Oaklyn,NJ
39.7435,-74.281,Ocean Acres,NJ
39.2776,-74.5746,Ocean City,NJ
39.9268,-74.1338,Ocean Gate,NJ
39.5482,-75.1546,Olivet,NJ
39.8304,-75.2405,Paulsboro,NJ
39.9721,-74.6829,Pemberton,NJ
39.9626,-74.6788,Pemberton Heights,NJ
39.7296,-75.468,Penns Grove,NJ
39.9562,-75.058,Pennsauken,NJ
39.6534,-75.5166,Pennsville,NJ
39.9359,-74.171,Pine Beach,NJ
39.7843,-74.9921,Pine Hill,NJ
39.9546,-74.3152,Pine Ridge at Crestwood,NJ
39.7329,-75.1316,Pitman,NJ
39.3898,-74.524,Pleasantville,NJ
39.4785,-74.5752,Pomona,NJ
39.246,-75.0352,Port Norris,NJ
39.5207,-74.4857,Port Republic,NJ
39.9137,-74.5646,Presidential Lakes Estates,NJ
39.9287,-74.9438,Ramblewood,NJ
39.7226,-75.1655,Richwood,NJ
39.0146,-74.8816,Rio Grande,NJ
39.4782,-75.1313,Rosenhayn,NJ
39.5718,-75.4671,Salem,NJ
39.8523,-75.0679,Runnemede,NJ
39.1534,-74.6929,Sea Isle City,NJ
39.501,-75.218,Seabrook Farms,NJ
39.9443,-74.0729,Seaside Heights,NJ
39.9268,-74.0771,Seaside Park,NJ
39.6429,-74.1804,Ship Bottom,NJ
39.7173,-74.9693,Sicklerville,NJ
39.9593,-74.2185,Silver Ridge,NJ
39.494,-74.4571,Smithville,NJ
39.844,-75.0227,Somerdale,NJ
39.3176,-74.5946,Somers Point,NJ
39.9421,-74.2043,South Toms River,NJ
39.446,-75.0288,South Vineland,NJ
39.9026,-74.9663,Springdale,NJ
39.8268,-75.0155,Stratford,NJ
39.6621,-74.1651,Surf City,NJ
39.7476,-75.3105,Swedesboro,NJ
39.9537,-74.1979,Toms River,NJ
39.6032,-74.3401,Tuckerton,NJ
39.7732,-75.0513,Turnersville,NJ
39.3404,-74.4774,Ventnor City,NJ
39.6332,-74.966,Victory Lakes,NJ
39.0287,-74.9385,Villas,NJ
39.4862,-75.0257,Vineland,NJ
39.7915,-74.1951,Waretown,NJ
39.7946,-75.1488,Wenonah,NJ
38.9387,-74.9418,West Cape May,NJ
39.8679,-75.1316,Westville,NJ
38.9918,-74.8149,Wildwood,NJ
38.9748,-74.8335,Wildwood Crest,NJ
39.6862,-74.9952,Williamstown,NJ
39.9173,-75.0963,Wood-Lynne,NJ
39.2418,-74.8152,Woodbine,NJ
39.8382,-75.1527,Woodbury,NJ
39.8171,-75.1552,Woodbury Heights,NJ
39.6515,-75.3282,Woodstown,NJ
38.6556,-83.761,Aberdeen,OH
39.2048,-84.428,Amberley,OH
39.0284,-84.2177,Amelia,OH
39.99,-84.5533,Arcanum,OH
39.7156,-82.953,Ashville,OH
39.3292,-82.1013,Athens,OH
39.8453,-82.6007,Baltimore,OH
39.9881,-81.1765,Barnesville,OH
39.077,-84.1769,Batavia,OH
39.7092,-84.0633,Beavercreek,OH
39.347,-84.4352,Beckett Ridge,OH
39.6356,-84.0708,Bellbrook,OH
39.274,-81.5729,Belpre,OH
38.9637,-84.0808,Bethel,OH
39.7303,-83.3935,Bethel,OH
39.5478,-81.6396,Beverly,OH
39.9689,-82.9377,Bexley,OH
39.9051,-82.8643,Blacklick Estates,OH
39.2931,-83.9888,Blanchester,OH
39.232,-84.3783,Blue Ash,OH
39.1531,-84.6372,Bridgetown,OH
39.8367,-84.4113,Brookville,OH
39.9337,-82.4724,Buckeye Lake,OH
38.4073,-82.5357,Burlington,OH
39.9698,-81.5365,Byesville,OH
39.7478,-81.5165,Caldwell,OH
39.6289,-84.6486,Camden,OH
39.8428,-82.8046,Canal Winchester,OH
39.582,-84.3202,Carlisle,OH
39.7442,-83.8085,Cedarville,OH
39.6284,-84.1594,Centerville,OH
39.3978,-82.1293,Chauncey,OH
39.0726,-84.3219,Cherry Grove,OH
39.157,-84.6133,Cheviot,OH
39.9601,-83.4849,Choctaw Lake,OH
39.162,-84.4569,Cincinnati,OH
39.6006,-82.946,Circleville,OH
39.8631,-84.3605,Clayton,OH
39.1617,-84.7491,Cleves,OH
38.5034,-82.6471,Coal Grove,OH
39.9612,-82.9988,Columbus,OH
39.7684,-83.0571,Commercial Point,OH
39.1212,-84.6063,Covedale,OH
39.769,-82.0921,Crooksville,OH
39.8892,-84.0266,Crystal Lakes,OH
39.1739,-84.2263,Day Heights,OH
39.7589,-84.1916,Dayton,OH
39.2053,-84.3947,Deer Park,OH
39.1859,-84.6513,Dent,OH
39.4737,-81.479,Devola,OH
39.2181,-84.4022,Dillonvale,OH
39.7465,-84.2866,Drexel,OH
39.2592,-84.6191,Dry Ridge,OH
39.1042,-84.3305,Dry Run,OH
39.2923,-84.618,Dunlap,OH
39.7439,-84.6366,Eaton,OH
39.1873,-84.488,Elmwood Place,OH
39.8776,-84.3022,Englewood,OH
39.8781,-83.9369,Enon,OH
39.9573,-82.6818,Etna,OH
39.2562,-84.418,Evendale,OH
39.8209,-84.0194,Fairborn,OH
39.1453,-84.3933,Fairfax,OH
39.3459,-84.5605,Fairfield,OH
39.9159,-82.4752,Fairfield Beach,OH
39.6795,-84.4291,Farmersville,OH
39.2003,-84.5205,Finneytown,OH
39.5687,-84.193,Five Points,OH
39.2903,-84.5041,Forest Park,OH
39.0751,-84.3449,Forestville,OH
39.7976,-84.2536,Fort McKinley,OH
39.4014,-83.1807,Frankfort,OH
39.559,-84.3041,Franklin,OH
38.6451,-82.8488,Franklin Furnace,OH
39.0756,-84.3644,Fruit Hill,OH
38.8098,-82.2024,Gallipolis,OH
39.662,-82.4335,Geneva,OH
38.8645,-83.9041,Georgetown,OH
39.6262,-84.3694,Germantown,OH
39.2706,-84.4594,Glendale,OH
39.5031,-82.0846,Glouster,OH
39.1873,-84.4463,Golf Manor,OH
39.1942,-84.7244,Grandview,OH
39.9798,-83.0407,Grandview Heights,OH
39.8689,-83.9444,Green Meadows,OH
39.352,-83.3827,Greenfield,OH
39.2681,-84.523,Greenhills,OH
39.2231,-84.5869,Groesbeck,OH
39.8815,-83.093,Grove City,OH
39.8784,-82.8838,Groveport,OH
39.3995,-84.5613,Hamilton,OH
39.9367,-82.4351,Harbor Hills,OH
39.262,-84.82,Harrison,OH
39.9617,-82.4913,Hebron,OH
39.2884,-84.3502,Highpoint,OH
39.2023,-83.6116,Hillsboro,OH
39.8562,-83.9685,Holiday Valley,OH
39.8439,-84.1247,Huber Heights,OH
39.4928,-84.2897,Hunter,OH
38.5367,-82.6829,Ironton,OH
39.052,-82.6365,Jackson,OH
39.6581,-83.7349,Jamestown,OH
39.6537,-83.5638,Jeffersonville,OH
39.2106,-84.3672,Kenwood,OH
39.6895,-84.1688,Kettering,OH
39.3556,-84.2485,Kings Mills,OH
39.474,-82.9107,Kingston,OH
39.9573,-83.2288,Lake Darby,OH
39.7137,-82.5993,Lancaster,OH
39.312,-84.283,Landen,OH
39.4353,-84.203,Lebanon,OH
39.3451,-83.553,Leesburg,OH
39.8462,-84.5397,Lewisburg,OH
39.239,-84.4555,Lincoln Heights,OH
39.9548,-83.1307,Lincoln Village,OH
39.8609,-83.6352,Lisbon,OH
39.8028,-82.8063,Lithopolis,OH
39.2292,-84.4577,Lockland,OH
39.5401,-82.4071,Logan,OH
39.5698,-82.9518,Logan Elm Village,OH
39.8865,-83.4483,London,OH
39.2689,-84.2638,Loveland,OH
39.2998,-84.2633,Loveland Park,OH
38.8795,-82.9968,Lucasville,OH
39.2417,-83.7913,Lynchburg,OH
39.1581,-84.6497,Mack,OH
39.1909,-84.3636,Madeira,OH
38.6881,-83.6094,Manchester,OH
39.1451,-84.3744,Mariemont,OH
39.4153,-81.4548,Marietta,OH
39.3601,-84.3099,Mason,OH
39.4948,-84.3727,Mayfield,OH
39.2465,-82.4785,McArthur,OH
39.6487,-81.8532,McConnelsville,OH
39.1651,-84.7205,Miami Heights,OH
39.6428,-84.2866,Miamisburg,OH
39.2159,-84.7041,Miamitown,OH
39.0018,-82.0487,Middleport,OH
39.5151,-84.3983,Middletown,OH
39.1753,-84.2944,Milford,OH
39.9001,-82.534,Millersport,OH
39.4403,-84.3622,Monroe,OH
39.1884,-84.5952,Monfort Heights,OH
39.2281,-84.3541,Montgomery,OH
39.7062,-84.2194,Moraine,OH
39.3545,-84.1272,Morrow,OH
39.1059,-84.3041,Mount Carmel,OH
39.2337,-84.5458,Mount Healthy,OH
39.2703,-84.568,Mount Healthy Heights,OH
39.0276,-83.9197,Mount Orab,OH
39.2006,-84.2244,Mount Repose,OH
39.7195,-83.2652,Mount Sterling,OH
39.1934,-84.2422,Mulberry,OH
39.4587,-82.2318,Nelsonville,OH
38.7523,-82.9368,New Boston,OH
39.2595,-84.5572,New Burlington,OH
39.9362,-84.0255,New Carlisle,OH
39.9937,-81.734,New Concord,OH
39.7453,-84.385,New Lebanon,OH
39.714,-82.2085,New Lexington,OH
39.5245,-81.067,New Matamoras,OH
39.4348,-84.5369,New Miami,OH
39.857,-84.7933,New Paris,OH
38.9487,-84.2799,New Richmond,OH
39.3237,-83.691,New Vienna,OH
39.3909,-81.2268,Newport,OH
39.1245,-84.3616,Newtown,OH
39.2184,-84.5508,North College Hill,OH
39.3359,-83.0291,North Fork Village,OH
39.9787,-82.0035,North Zanesville,OH
39.2465,-84.5836,Northbrook,OH
39.2528,-84.5924,Northgate,OH
39.9917,-83.7785,Northridge,OH
39.8076,-84.1969,Northridge,OH
39.1556,-84.4597,Norwood,OH
38.894,-82.5735,Oak Hill,OH
39.7253,-84.1741,Oakwood,OH
39.879,-82.9507,Obetz,OH
39.507,-84.7452,Oxford,OH
39.8865,-84.0397,Park Layne,OH
39.9956,-82.6743,Pataskala,OH
38.949,-83.4057,Peebles,OH
39.8842,-82.7535,Pickerington,OH
39.0681,-83.0143,Piketon,OH
39.952,-81.959,Pleasant Grove,OH
39.2998,-84.5636,Pleasant Run,OH
39.3031,-84.548,Pleasant Run Farm,OH
39.0276,-82.0337,Pomeroy,OH
38.7317,-82.9977,Portsmouth,OH
39.8601,-80.8154,Powhatan Point,OH
39.2237,-84.4422,Reading,OH
39.3728,-81.3957,Reno,OH
39.9548,-82.8121,Reynoldsburg,OH
38.7456,-83.8449,Ripley,OH
39.7798,-84.1241,Riverside,OH
38.7862,-82.9791,Rosemount,OH
39.3123,-84.6505,Ross,OH
39.8073,-82.0713,Roseville,OH
39.2137,-84.3869,Rossmoyne,OH
39.4887,-83.6369,Sabina,OH
39.167,-84.4985,Saint Bernard,OH
39.0717,-84.3783,Salem Heights,OH
38.7548,-82.8688,Sciotodale,OH
39.9709,-80.7506,Shadyside,OH
39.2681,-84.4133,Sharonville,OH
39.6528,-83.7869,Shawnee Hills,OH
39.0848,-84.3608,Sherwood,OH
39.8187,-84.2285,Shiloh,OH
39.1928,-84.4005,Silverton,OH
39.2728,-84.3274,Sixteen Mile Stand,OH
39.2287,-84.5669,Skyline Acres,OH
39.807,-82.2971,Somerset,OH
39.7184,-82.9869,South Bloomfield,OH
39.8253,-83.6344,South Charleston,OH
39.3709,-84.2133,South Lebanon,OH
38.4179,-82.5863,South Point,OH
39.8992,-82.0062,South Zanesville,OH
39.5523,-84.2333,Springboro,OH
39.287,-84.4852,Springdale,OH
39.9242,-83.8088,Springfield,OH
39.1048,-84.2883,Summerside,OH
39.1592,-84.3072,Terrace Park,OH
39.369,-82.1324,The Plains,OH
39.2498,-84.2958,The Village of Indian Hill,OH
39.9131,-82.411,Thornport,OH
39.9584,-84.1722,Tipp City,OH
39.4809,-84.4577,Trenton,OH
39.7973,-84.3113,Trotwood,OH
39.8978,-84.3063,Union,OH
39.9945,-83.0624,Upper Arlington,OH
39.8906,-84.1988,Vandalia,OH
39.5365,-83.4391,Washington Court House,OH
39.1267,-82.9855,Waverly,OH
39.5298,-84.0866,Waynesville,OH
39.1234,-82.5329,Wellston,OH
39.7445,-84.5322,West Alexandria,OH
39.6723,-84.2522,West Carrollton City,OH
39.9448,-83.2688,West Jefferson,OH
39.9626,-84.328,West Milton,OH
38.7584,-83.0291,West Portsmouth,OH
38.7945,-83.5452,West Union,OH
39.3637,-84.3774,Wetherington,OH
38.7304,-82.8555,Wheelersburg,OH
39.2131,-84.5994,White Oak,OH
39.9667,-82.8855,Whitehall,OH
39.7162,-83.8777,Wilberforce,OH
39.0542,-84.053,Williamsburg,OH
39.5859,-83.1205,Williamsport,OH
39.4453,-83.8285,Wilmington,OH
38.9417,-83.6508,Winchester,OH
39.0623,-84.2883,Withamsville,OH
39.252,-84.4702,Woodlawn,OH
39.7626,-81.1154,Woodsfield,OH
39.2312,-84.4658,Wyoming,OH
39.6848,-83.9296,Xenia,OH
39.8064,-83.8869,Yellow Springs,OH
39.9404,-82.0132,Zanesville,OH
34.7745,-96.6783,Ada,OK
36.6937,-94.963,Afton,OK
34.6381,-99.334,Altus,OK
36.805,-98.6665,Alva,OK
35.0726,-98.2437,Anadarko,OK
34.2312,-95.6202,Antlers,OK
34.8937,-98.3659,Apache,OK
35.5778,-98.9645,Arapaho,OK
34.1743,-97.1436,Ardmore,OK
35.3545,-94.4341,Arkoma,OK
36.135,-99.7748,Arnett,OK
34.3859,-96.1283,Atoka,OK
36.562,-96.1617,Barnsdall,OK
36.7473,-95.9808,Bartlesville,OK
35.7426,-96.0703,Beggs,OK
35.5187,-97.6323,Bethany,OK
35.3087,-97.0256,Bethel Acres,OK
35.942,-95.8833,Bixby,OK
36.8045,-97.2828,Blackwell,OK
35.1378,-97.6581,Blanchard,OK
35.4934,-96.4836,Boley,OK
34.6379,-97.8175,Bray,OK
35.8306,-96.3911,Bristow,OK
36.0526,-95.7908,Broken Arrow,OK
34.0293,-94.7391,Broken Bow,OK
36.8356,-99.6304,Buffalo,OK
35.3489,-99.1704,Burns Flat,OK
36.4615,-95.4941,Bushyhead,OK
34.8612,-96.6656,Byng,OK
34.6295,-98.6287,Cache,OK
33.9345,-96.4286,Calera,OK
35.1037,-98.6037,Carnegie,OK
36.189,-95.7458,Catoosa,OK
34.6231,-98.0898,Central High,OK
35.7017,-96.8809,Chandler,OK
35.4701,-95.523,Checotah,OK
36.5356,-95.4325,Chelsea,OK
36.7545,-98.3567,Cherokee,OK
35.6139,-99.6715,Cheyenne,OK
35.0526,-97.9364,Chickasha,OK
35.4976,-97.2689,Choctaw,OK
36.1859,-95.343,Chouteau,OK
36.3126,-95.6161,Claremore,OK
36.579,-94.9711,Cleora,OK
36.3101,-96.4642,Cleveland,OK
35.5156,-98.9673,Clinton,OK
33.8532,-96.5025,Colbert,OK
36.3645,-95.8389,Collinsville,OK
34.369,-97.9639,Comanche,OK
36.9334,-94.873,Commerce,OK
36.6559,-94.8283,Copeland,OK
35.2906,-98.9884,Cordell,OK
35.9518,-95.6508,Coweta,OK
35.9525,-97.5948,Crescent,OK
35.9851,-96.767,Cushing,OK
34.8965,-98.2006,Cyril,OK
34.5045,-97.1195,Davis,OK
35.442,-97.4409,Del City,OK
36.7959,-95.9355,Dewey,OK
34.1873,-96.9845,Dickson,OK
35.9884,-96.6011,Drumright,OK
34.5023,-97.9578,Duncan,OK
33.994,-96.3708,Durant,OK
35.6528,-97.4781,Edmond,OK
35.5323,-97.955,El Reno,OK
34.7803,-98.2923,Elgin,OK
35.412,-99.4043,Elk City,OK
36.3956,-97.8784,Enid,OK
35.2153,-99.8665,Erick,OK
35.2872,-95.5825,Eufaula,OK
36.5737,-96.7042,Fairfax,OK
36.7512,-94.8475,Fairland,OK
36.2689,-98.4798,Fairview,OK
34.8231,-98.2442,Fletcher,OK
35.7976,-95.2505,Fort Gibson,OK
34.392,-99.0184,Frederick,OK
35.6312,-98.3173,Geary,OK
34.4812,-98.3831,Geronimo,OK
35.9554,-96.0089,Glenpool,OK
35.1412,-97.477,Goldsby,OK
34.2284,-98.6845,Grandfield,OK
34.9623,-99.3806,Granite,OK
36.5937,-94.7691,Grove,OK
35.8789,-97.4253,Guthrie,OK
35.237,-97.4064,Hall Park,OK
35.4895,-97.1636,Harrah,OK
34.8451,-95.5575,Hartshorne,OK
35.8204,-95.6741,Haskell,OK
34.2332,-97.4878,Healdton,OK
34.8893,-94.6008,Heavener,OK
36.5461,-98.2701,Helena,OK
36.1092,-97.8987,Hennessey,OK
35.4398,-95.9819,Henryetta,OK
35.4714,-98.3556,Hinton,OK
35.0295,-99.0931,Hobart,OK
35.0804,-96.3992,Holdenville,OK
34.6884,-99.912,Hollis,OK
36.4142,-96.3953,Hominy,OK
34.0107,-95.5097,Hugo,OK
33.8957,-94.8263,Idabel,OK
36.1512,-95.5094,Inola,OK
36.4212,-94.7969,Jay,OK
36.0229,-95.9683,Jenks,OK
35.5659,-97.287,Jones,OK
36.2929,-95.5666,Justice,OK
35.9437,-96.2136,Kellyville,OK
36.3145,-94.9858,Kenwood,OK
35.9448,-96.0653,Kiefer,OK
35.8614,-97.9317,Kingfisher,OK
33.9987,-96.7197,Kingston,OK
34.9595,-96.7528,Konawa,OK
34.9279,-95.7158,Krebs,OK
35.9451,-97.2553,Langston,OK
36.7097,-99.8935,Laverne,OK
34.6087,-98.3903,Lawton,OK
35.0148,-97.3356,Lexington,OK
34.8348,-97.6025,Lindsay,OK
36.2001,-95.1677,Locust Grove,OK
34.1754,-97.2628,Lone Grove,OK
35.2454,-95.5128,Longtown,OK
35.6617,-97.1956,Luther,OK
34.0904,-96.7717,Madill,OK
34.872,-99.5043,Mangum,OK
36.1334,-96.3545,Mannford,OK
33.937,-97.1167,Marietta,OK
34.6481,-97.9581,Marlow,OK
34.5904,-97.9559,Marlow,OK
35.1304,-96.7759,Maud,OK
34.8173,-97.4059,Maysville,OK
34.9334,-95.7697,McAlester,OK
36.6786,-97.0373,McCord,OK
35.4359,-97.0914,McLoud,OK
36.807,-97.7337,Medford,OK
35.5034,-96.9028,Meeker,OK
34.4273,-97.9781,Meridian,OK
36.8745,-94.8775,Miami,OK
35.4495,-97.3967,Midwest City,OK
35.3128,-97.9445,Minco,OK
35.3395,-97.4867,Moore,OK
36.4392,-99.2048,Mooreland,OK
35.6076,-95.8603,Morris,OK
35.8765,-96.0611,Mounds,OK
35.4062,-94.5988,Muldrow,OK
35.7479,-95.3697,Muskogee,OK
35.3842,-97.7245,Mustang,OK
35.2473,-97.5998,Newcastle,OK
36.8822,-97.0534,Newkirk,OK
35.5509,-97.5489,Nichols Hills,OK
35.4912,-97.3231,Nicoma Park,OK
34.9479,-97.9239,Ninnekah,OK
35.1392,-97.3948,Noble,OK
35.2226,-97.4395,Norman,OK
36.7007,-95.638,Nowata,OK
36.0754,-96.0644,Oakhurst,OK
34.1001,-96.7939,Oakland,OK
36.0845,-96.5836,Oilton,OK
35.7259,-97.9764,Okarche,OK
36.1161,-98.317,Okeene,OK
35.4326,-96.305,Okemah,OK
35.4676,-97.5164,Oklahoma City,OK
35.6234,-95.9605,Okmulgee,OK
36.447,-95.7083,Oologah,OK
36.2695,-95.8547,Owasso,OK
35.1673,-94.6724,Panama,OK
35.8612,-94.9588,Park Hill,OK
36.6678,-96.3372,Pawhuska,OK
36.3378,-96.8039,Pawnee,OK
34.7401,-97.2223,Pauls Valley,OK
35.9739,-97.0336,Perkins,OK
36.2895,-97.2881,Perry,OK
35.642,-97.7464,Piedmont,OK
35.2606,-97.1197,Pink,OK
35.2312,-94.478,Pocola,OK
36.707,-97.0856,Ponca City,OK
35.0537,-94.6236,Poteau,OK
35.4867,-96.685,Prague,OK
36.3084,-95.3169,Pryor,OK
35.0137,-97.3611,Purcell,OK
35.1229,-95.3711,Quinton,OK
34.1784,-97.5925,Ringling,OK
35.4212,-94.5147,Roland,OK
34.7826,-97.957,Rush Springs,OK
36.2929,-95.1533,Salina,OK
35.4604,-94.7875,Sallisaw,OK
36.1398,-96.1089,Sand Springs,OK
35.9987,-96.1142,Sapulpa,OK
35.2912,-99.6401,Sayre,OK
35.2245,-96.6706,Seminole,OK
35.1301,-94.6586,Shady Point,OK
36.2759,-99.8812,Shattuck,OK
35.3273,-96.9253,Shawnee,OK
36.3684,-96.0014,Skiatook,OK
35.0873,-97.335,Slaughterville,OK
34.659,-98.9517,Snyder,OK
35.5228,-97.3773,Spencer,OK
36.2973,-95.9914,Sperry,OK
35.2412,-94.6199,Spiro,OK
35.2537,-95.123,Stigler,OK
36.1156,-97.0584,Stillwater,OK
35.8145,-94.6286,Stilwell,OK
34.7968,-96.9595,Stratford,OK
35.7487,-96.6581,Stroud,OK
34.5079,-96.9684,Sulphur,OK
35.9154,-94.97,Tahlequah,OK
34.7515,-95.048,Talihina,OK
36.0386,-98.9637,Taloga,OK
35.2578,-96.9367,Tecumseh,OK
34.272,-98.2359,Temple,OK
35.3473,-95.4369,Texanna,OK
35.5609,-97.5514,The Village,OK
35.7442,-98.7476,Thomas,OK
34.2362,-96.6786,Tishomingo,OK
36.6784,-97.31,Tonkawa,OK
36.154,-95.9928,Tulsa,OK
36.242,-95.9758,Turley,OK
35.2909,-97.8123,Tuttle,OK
35.3917,-97.9414,Union City,OK
36.2348,-95.6911,Verdigris,OK
35.4984,-94.9697,Vian,OK
36.6387,-95.1541,Vinita,OK
35.9595,-95.3694,Wagoner,OK
34.3598,-98.3078,Walters,OK
35.5226,-97.6189,Warr Acres,OK
35.4943,-95.3055,Warner,OK
35.8448,-98.4131,Watonga,OK
36.2803,-97.8981,Waukomis,OK
34.167,-97.9975,Waurika,OK
35.5262,-98.7076,Weatherford,OK
35.9926,-94.568,Westville,OK
35.2376,-96.2417,Wetumka,OK
35.1587,-96.4934,Wewoka,OK
34.9187,-95.3091,Wilburton,OK
34.162,-97.4259,Wilson,OK
35.5076,-96.0347,Wilson,OK
34.9673,-94.7247,Wister,OK
36.4337,-99.3904,Woodward,OK
34.6434,-97.1645,Wynnewood,OK
36.1142,-96.6992,Yale,OK
35.5067,-97.7625,Yukon,OK
39.8865,-76.9847,Abbottstown,PA
39.9215,-75.288,Aldan,PA
39.9493,-75.9736,Atglen,PA
39.8234,-75.7833,Avondale,PA
39.9206,-78.9578,Berlin,PA
39.9304,-77.248,Biglerville,PA
39.812,-77.1372,Bonneauville,PA
39.8301,-75.4416,Boothwyn,PA
39.8693,-75.3824,Brookhaven,PA
39.9815,-75.3566,Broomall,PA
39.9909,-75.7802,Caln,PA
39.7493,-77.383,Carroll Valley,PA
39.9376,-77.6611,Chambersburg,PA
39.8497,-75.3571,Chester,PA
39.8901,-75.4755,Chester Heights,PA
39.9548,-75.9969,Christiana,PA
39.9293,-75.2963,Clifton Heights,PA
39.9832,-75.8238,Coatesville,PA
39.9118,-75.2771,Collingdale,PA
39.9123,-75.2538,Colwyn,PA
39.9407,-76.3464,Conestoga,PA
39.8995,-76.6402,Dallastown,PA
39.9184,-75.2591,Darby,PA
39.9471,-75.2921,Drexel Hill,PA
39.9778,-79.6145,Dunbar,PA
39.9376,-76.9786,East Berlin,PA
39.9457,-75.2613,East Lansdowne,PA
39.8998,-79.6978,East Uniontown,PA
39.9737,-76.6864,East York,PA
39.8601,-75.3444,Eddystone,PA
39.8248,-79.7545,Fairchance,PA
39.887,-79.9681,Fairdale,PA
39.9112,-77.55,Fayetteville,PA
39.8898,-75.3252,Folsom,PA
39.8909,-75.2838,Folcroft,PA
39.9873,-76.0205,Gap,PA
39.9376,-76.0833,Georgetown,PA
39.8309,-77.2311,Gettysburg,PA
39.7932,-76.7302,Glen Rock,PA
39.9001,-75.2891,Glenolden,PA
39.9404,-76.7291,Grantley,PA
39.7904,-77.7278,Greencastle,PA
39.8654,-77.6125,Guilford Siding,PA
39.8007,-76.983,Hanover,PA
39.877,-79.702,Hopwood,PA
39.8832,-76.7105,Jacobus,PA
39.8468,-75.7116,Kennett Square,PA
39.8095,-77.1839,Lake Heritage,PA
39.9851,-77.0372,Lake Meade,PA
39.9901,-76.2397,Lampeter,PA
39.9382,-75.2719,Lansdowne,PA
39.9173,-75.4405,Lima,PA
39.8265,-75.4255,Linwood,PA
39.7445,-77.088,Littlestown,PA
39.8557,-76.7075,Loganville,PA
39.9992,-79.9628,Luzerne,PA
39.8193,-75.4185,Marcus Hook,PA
39.8467,-79.8998,Masontown,PA
39.9326,-77.9989,McConnellsburg,PA
39.8073,-77.0114,McSherrystown,PA
39.9168,-75.3877,Media,PA
39.8279,-77.9033,Mercersburg,PA
39.8137,-79.0247,Meyersdale,PA
39.8084,-77.0028,Midway,PA
39.9531,-79.1042,Milford,PA
39.9635,-75.2502,Millbourne,PA
39.9979,-76.3541,Millersville,PA
39.8443,-77.5583,Mont Alto,PA
39.8948,-80.1617,Morrisville,PA
39.9098,-75.3235,Morton,PA
39.7337,-77.0755,Mount Pleasant,PA
39.7379,-76.7014,New Freedom,PA
39.8637,-77.0558,New Oxford,PA
39.9781,-76.733,North York,PA
39.8918,-75.2996,Norwood,PA
39.9187,-79.7178,Oliver,PA
39.7854,-75.9788,Oxford,PA
39.9587,-75.9194,Parkesburg,PA
39.8643,-75.3785,Parkside,PA
39.7812,-76.9633,Parkville,PA
39.9862,-75.2755,Penn Wynne,PA
39.7895,-76.998,Pennville,PA
39.9523,-75.1638,Philadelphia,PA
39.739,-79.8987,Point Marion,PA
39.8879,-75.3082,Prospect Park,PA
39.8971,-76.1636,Quarryville,PA
39.9009,-76.6058,Red Lion,PA
39.9626,-79.8767,Republic,PA
39.8812,-75.3238,Ridley Park,PA
39.9687,-77.5872,Scotland,PA
39.9065,-75.2716,Sharon Hill,PA
39.9781,-76.7972,Shiloh,PA
39.7687,-76.6797,Shrewsbury,PA
39.9967,-79.5859,South Connellsville,PA
39.9743,-75.82,South Coatesville,PA
39.8929,-79.747,South Uniontown,PA
39.8745,-76.8658,Spring Grove,PA
39.9307,-75.3202,Springfield,PA
39.9184,-76.685,Spry,PA
39.7248,-77.7244,State Line,PA
39.7537,-76.5914,Stewartstown,PA
39.987,-76.6441,Stonybrook,PA
39.9832,-76.1841,Strasburg,PA
39.7587,-76.368,Susquehanna Trails,PA
39.9021,-75.3499,Swarthmore,PA
39.9929,-75.7452,Thorndale,PA
39.8315,-75.7574,Toughkenamon,PA
39.8276,-75.4144,Trainer,PA
39.9001,-79.7164,Uniontown,PA
39.8865,-75.7744,Upland,PA
39.8526,-75.3827,Upland,PA
39.9501,-76.7011,Valley View,PA
39.7437,-77.5539,Wayne Heights,PA
39.7559,-77.5778,Waynesboro,PA
39.8965,-80.1792,Waynesburg,PA
39.9837,-76.8225,Weigelstown,PA
39.961,-75.608,West Chester,PA
39.822,-75.8274,West Grove,PA
39.9526,-76.7514,West York,PA
39.9793,-76.2763,Willow Street,PA
39.9162,-76.5844,Windsor,PA
39.8723,-75.3371,Woodlyn,PA
39.909,-76.6369,Yoe,PA
39.9626,-76.7277,York,PA
39.939,-75.2555,Yeadon,PA
39.9923,-76.6463,Yorklyn,PA
34.1782,-82.379,Abbeville,SC
33.5604,-81.7195,Aiken,SC
33.0079,-81.3084,Allendale,SC
34.5034,-82.6501,Anderson,SC
33.4513,-79.5609,Andrews,SC
34.9582,-81.9907,Arcadia,SC
34.846,-82.6415,Arial,SC
33.0377,-79.6131,Awendaw,SC
33.2971,-81.0348,Bamberg,SC
33.2449,-81.3587,Barnwell,SC
33.9079,-81.5473,Batesburg,SC
33.9101,-81.5373,Batesburg-Leesville,SC
32.4316,-80.6698,Beaufort,SC
34.5229,-82.4943,Belton,SC
33.531,-81.9448,Belvedere,SC
34.6174,-79.6848,Bennettsville,SC
34.8854,-82.456,Berea,SC
34.2182,-80.2484,Bishopville,SC
33.3579,-81.2707,Blackville,SC
35.1212,-81.5159,Blacksburg,SC
32.2371,-80.8604,Bluffton,SC
34.2143,-80.974,Blythewood,SC
33.1352,-81.4312,Boiling Springs,SC
35.0465,-81.9818,Boiling Springs,SC
33.3199,-80.0004,Bonneau Beach,SC
33.2513,-80.8157,Branchville,SC
33.5068,-80.8234,Brookdale,SC
34.7257,-81.6834,Buffalo,SC
33.5154,-81.849,Burnettown,SC
32.4357,-80.724,Burton,SC
34.0923,-82.5957,Calhoun Falls,SC
34.2465,-80.607,Camden,SC
33.9018,-80.4504,Cane Savannah,SC
34.8529,-80.9112,Catawba,SC
33.9657,-81.074,Cayce,SC
34.532,-82.704,Centerville,SC
32.9957,-80.1704,Centerville,SC
34.7243,-82.7812,Central,SC
34.166,-81.3498,Chapin,SC
32.7766,-79.9309,Charleston,SC
34.6977,-79.8834,Cheraw,SC
33.9557,-80.4581,Cherryvale,SC
34.736,-80.0881,Chesterfield,SC
34.7049,-81.2143,Chester,SC
34.8615,-82.4315,City View,SC
33.4968,-81.8921,Clearwater,SC
34.6834,-82.8374,Clemson,SC
34.4726,-81.8807,Clinton,SC
35.1112,-81.2265,Clover,SC
34.0007,-81.0348,Columbia,SC
33.836,-79.0478,Conway,SC
35.0168,-81.804,Cowpens,SC
34.0168,-80.4301,Dalzell,SC
34.2999,-79.8762,Darlington,SC
33.3227,-81.1423,Denmark,SC
34.064,-80.9582,Dentsville,SC
34.4166,-79.3712,Dillon,SC
34.3334,-82.3879,Due West,SC
34.9379,-82.1451,Duncan,SC
34.8248,-82.4193,Dunean,SC
34.8298,-82.6015,Easley,SC
35.0801,-81.6329,East Gaffney,SC
33.9254,-80.2962,East Sumter,SC
33.7896,-81.9296,Edgefield,SC
33.4765,-80.8987,Edisto,SC
34.171,-80.7943,Elgin,SC
34.6729,-80.719,Elgin,SC
32.7549,-81.2421,Estill,SC
34.7176,-81.1937,Eureka Mill,SC
32.959,-81.2365,Fairfax,SC
34.9565,-82.0101,Fairforest,SC
34.8048,-82.2296,Five Forks,SC
34.1954,-79.7626,Florence,SC
32.6552,-79.9404,Folly Beach,SC
34.0193,-80.9898,Forest Acres,SC
33.7224,-78.9581,Forestbrook,SC
35.0074,-80.9451,Fort Mill,SC
34.689,-82.1957,Fountain Inn,SC
33.8457,-80.7659,Gadsden,SC
35.0718,-81.6498,Gaffney,SC
34.8001,-82.4243,Gantt,SC
33.593,-79.0087,Garden City,SC
33.8171,-81.1009,Gaston,SC
33.3768,-79.2945,Georgetown,SC
33.526,-81.8301,Gloverville,SC
34.734,-82.4437,Golden Grove,SC
32.981,-80.0326,Goose Creek,SC
33.5637,-81.8079,Graniteville,SC
34.5751,-80.902,Great Falls,SC
34.8526,-82.394,Greenville,SC
34.1954,-82.1618,Greenwood,SC
34.9387,-82.2271,Greer,SC
32.8779,-81.1276,Hampton,SC
32.9185,-80.022,Hanahan,SC
32.2871,-81.0807,Hardeeville,SC
34.374,-80.0734,Hartsville,SC
32.2163,-80.7526,Hilton Head Island,SC
33.3227,-80.4137,Holly Hill,SC
32.7343,-80.2418,Hollywood,SC
34.4465,-82.3915,Honea Path,SC
34.4707,-82.6707,Homeland Park,SC
33.9043,-80.877,Hopkins,SC
35.0074,-81.0217,India Hook,SC
35.0471,-82.0901,Inman,SC
35.0415,-82.1043,Inman Mills,SC
34.086,-81.1831,Irmo,SC
34.6938,-80.8223,Irwin,SC
32.7868,-79.7948,Isle of Palms,SC
34.3065,-82.6637,Iva,SC
33.3254,-81.7879,Jackson,SC
34.4149,-81.8112,Joanna,SC
33.8179,-79.4492,Johnsonville,SC
33.8321,-81.8009,Johnston,SC
34.8332,-82.4276,Judson,SC
34.5518,-80.5837,Kershaw,SC
32.6082,-80.0848,Kiawah Island,SC
33.6677,-79.8306,Kingstree,SC
32.9857,-80.1098,Ladson,SC
33.871,-79.7554,Lake City,SC
34.2846,-82.5946,Lake Secession,SC
35.1085,-81.0429,Lake Wylie,SC
33.8468,-80.3501,Lakewood,SC
34.7204,-80.7709,Lancaster,SC
34.7093,-80.7948,Lancaster Mill,SC
35.1751,-82.1893,Landrum,SC
33.5179,-81.844,Langley,SC
34.3371,-79.4312,Latta,SC
32.4502,-80.7848,Laurel Bay,SC
34.499,-82.0143,Laurens,SC
33.9165,-81.5134,Leesville,SC
34.8907,-80.9565,Lesslie,SC
33.9815,-81.2362,Lexington,SC
34.7879,-82.6924,Liberty,SC
33.0068,-80.1554,Lincolnville,SC
33.8732,-78.6142,Little River,SC
34.0563,-78.8903,Loris,SC
34.9482,-82.1273,Lyman,SC
33.6952,-80.2109,Manning,SC
34.1782,-79.4006,Marion,SC
34.7787,-82.3101,Mauldin,SC
35.084,-81.8598,Mayo,SC
34.6688,-79.5453,McColl,SC
33.9135,-82.2935,McCormick,SC
32.718,-80.239,Meggett,SC
33.1963,-80.0143,Moncks Corner,SC
32.7941,-79.8626,Mount Pleasant,SC
34.2057,-79.2545,Mullins,SC
33.6013,-81.9443,Murphys Estates,SC
33.551,-79.0414,Murrells Inlet,SC
33.6891,-78.8867,Myrtle Beach,SC
33.4215,-81.6857,New Ellenton,SC
34.2746,-81.6187,Newberry,SC
34.9899,-81.1009,Newport,SC
34.1751,-82.024,Ninety Six,SC
33.5018,-81.9651,North Augusta,SC
32.8546,-79.9748,North Charleston,SC
34.3938,-80.0695,North Hartsville,SC
33.816,-78.68,North Myrtle Beach,SC
34.5662,-82.684,Northlake,SC
33.7782,-80.9668,Oak Grove,SC
33.9829,-80.4884,Oakland,SC
33.4918,-80.8556,Orangeburg,SC
34.899,-81.7618,Pacolet,SC
34.7732,-80.3917,Pageland,SC
33.996,-79.5701,Pamplico,SC
34.8507,-82.4535,Parker,SC
34.6518,-82.7837,Pendleton,SC
34.8835,-82.7074,Pickens,SC
34.7023,-82.4646,Piedmont,SC
33.9104,-81.1045,Pineridge,SC
32.3791,-80.6926,Port Royal,SC
34.7918,-82.4929,Powdersville,SC
33.8332,-80.4142,Privateer,SC
34.2093,-81.5332,Prosperity,SC
32.7632,-80.2501,Ravenel,SC
33.9321,-81.2384,Red Bank,SC
33.9996,-79.2581,Red Hill,SC
33.8207,-79.0189,Red Hill,SC
32.4807,-80.9804,Ridgeland,SC
33.0957,-80.3154,Ridgeville,SC
34.9249,-81.0251,Rock Hill,SC
34.8796,-81.9662,Roebuck,SC
34.0454,-81.1293,Saint Andrews,SC
33.186,-80.5756,Saint George,SC
33.6649,-80.7779,Saint Matthews,SC
33.4043,-79.9217,Saint Stephen,SC
34.0015,-81.772,Saluda,SC
33.0354,-80.1279,Sangaree,SC
34.8779,-82.424,Sans Souci,SC
34.9612,-81.9673,Saxon,SC
32.5771,-80.1706,Seabrook Island,SC
34.6857,-82.9532,Seneca,SC
34.0488,-81.1465,Seven Oaks,SC
32.3835,-80.7359,Shell Point,SC
32.7891,-80.1068,Shell Point,SC
34.7371,-82.2543,Simpsonville,SC
33.6835,-78.9984,Socastee,SC
33.911,-81.1356,South Congaree,SC
33.9057,-80.3462,South Sumter,SC
34.986,-81.9946,Southern Shops,SC
34.9496,-81.9321,Spartanburg,SC
34.6893,-80.7862,Springdale,SC
33.9593,-81.109,Springdale,SC
33.9577,-80.5348,Stateburg,SC
32.7632,-79.8367,Sullivans Island,SC
33.0185,-80.1757,Summerville,SC
33.9204,-80.3415,Sumter,SC
33.606,-78.9731,Surfside Beach,SC
34.9204,-82.2962,Taylors,SC
35.0243,-81.0279,Tega Cay,SC
35.0684,-82.3684,Tigerville,SC
34.1349,-79.9398,Timmonsville,SC
34.9676,-82.4434,Travelers Rest,SC
34.7154,-81.6237,Union,SC
34.6782,-82.9315,Utica,SC
35.0159,-81.9748,Valley Falls,SC
32.8504,-81.0793,Varnville,SC
34.9037,-82.3332,Wade Hampton,SC
34.7648,-83.064,Walhalla,SC
32.9052,-80.6668,Walterboro,SC
34.3984,-82.2468,Ware Shoals,SC
33.551,-81.804,Warrenville,SC
33.8927,-80.5181,Wedgefield,SC
33.8838,-80.5126,Wedgewood,SC
34.8265,-82.439,Welcome,SC
34.9509,-82.1059,Wellford,SC
33.9935,-81.074,West Columbia,SC
34.6648,-83.0965,Westminster,SC
34.5029,-81.6115,Whitmire,SC
33.5021,-80.8332,Wilkinson Heights,SC
34.6185,-82.4779,Williamston,SC
33.4027,-81.4201,Williston,SC
34.3807,-81.0865,Winnsboro,SC
34.3618,-81.0854,Winnsboro Mills,SC
34.0593,-80.9309,Woodfield,SC
34.7396,-82.037,Woodruff,SC
32.6902,-80.8507,Yemassee,SC
34.9943,-81.242,York,SC
35.2359,-88.3906,Adamsville,TN
35.7848,-89.1173,Alamo,TN
35.7895,-83.9738,Alcoa,TN
36.1959,-85.4486,Algood,TN
35.4295,-85.723,Altamont,TN
35.024,-85.0238,Apison,TN
34.992,-86.8467,Ardmore,TN
35.2962,-89.6615,Arlington,TN
36.2742,-87.0642,Ashland City,TN
35.4428,-84.593,Athens,TN
35.4412,-89.7781,Atoka,TN
36.1307,-82.4246,Banner Hill,TN
35.2045,-89.874,Bartlett,TN
36.1537,-85.6436,Baxter,TN
36.3437,-83.2841,Bean Station,TN
36.0959,-86.8569,Belle Meade,TN
35.7112,-89.0876,Bells,TN
35.1742,-84.6535,Benton,TN
36.1542,-83.7041,Blaine,TN
36.5846,-82.4893,Bloomingdale,TN
36.5332,-82.3268,Blountville,TN
36.4743,-82.261,Bluff City,TN
35.2562,-88.9878,Bolivar,TN
35.9278,-87.3108,Bon Aqua Junction,TN
36.0765,-88.8101,Bradford,TN
36.0331,-86.7828,Brentwood,TN
36.0251,-86.7792,Brentwood Estates,TN
35.0801,-86.4392,Brighton,TN
35.484,-89.7251,Brighton,TN
36.5951,-82.1887,Bristol,TN
35.594,-89.2623,Brownsville,TN
36.0381,-88.2445,Bruceton,TN
36.0534,-87.3125,Burns,TN
36.5745,-85.1288,Byrdstown,TN
36.059,-88.0978,Camden,TN
36.2523,-85.9517,Carthage,TN
36.299,-84.2233,Caryville,TN
36.5501,-85.5053,Celina,TN
35.779,-87.467,Centerville,TN
36.3262,-82.2896,Central,TN
35.8037,-89.5373,Central,TN
35.6265,-86.6933,Chapel Hill,TN
36.1773,-87.3397,Charlotte,TN
35.0456,-85.3097,Chattanooga,TN
36.5223,-82.7135,Church Hill,TN
36.5298,-87.3594,Clarksville,TN
35.1595,-84.8766,Cleveland,TN
35.387,-87.9953,Clifton,TN
36.1034,-84.1319,Clinton,TN
36.029,-84.4208,Coalfield,TN
35.0531,-85.0502,Collegedale,TN
35.042,-89.6645,Collierville,TN
36.4851,-82.5032,Colonial Heights,TN
35.6151,-87.0353,Columbia,TN
36.1812,-83.7938,Condon,TN
36.1628,-85.5016,Cookeville,TN
36.4376,-86.9672,Coopertown,TN
35.3615,-86.8397,Cornersville,TN
35.5643,-89.6465,Covington,TN
35.1645,-86.0105,Cowan,TN
36.5487,-86.6961,Cross Plains,TN
35.949,-85.0269,Crossville,TN
35.2218,-88.3181,Crump,TN
36.0154,-83.4149,Dandridge,TN
35.494,-85.0125,Dayton,TN
35.5148,-84.7902,Decatur,TN
35.5842,-88.1195,Decaturville,TN
35.2098,-86.0794,Decherd,TN
36.077,-87.3878,Dickson,TN
36.3126,-85.5322,Dodson Branch,TN
36.4878,-87.8384,Dover,TN
36.2914,-88.7081,Dresden,TN
35.3715,-85.3905,Dunlap,TN
36.0667,-88.9939,Dyer,TN
36.0345,-89.3856,Dyersburg,TN
35.7951,-83.9318,Eagleton Village,TN
34.9959,-85.1502,East Brainerd,TN
35.0654,-85.2491,East Chattanooga,TN
35.1609,-84.8577,East Cleveland,TN
35.0142,-85.2519,East Ridge,TN
36.3487,-82.2107,Elizabethton,TN
35.4245,-84.4874,Englewood,TN
36.3667,-89.1548,Englewood,TN
36.3184,-87.6947,Erin,TN
36.1451,-82.4168,Erwin,TN
35.2706,-86.128,Estill Springs,TN
35.3234,-84.5249,Etowah,TN
36.0003,-84.8863,Fairfield Glade,TN
35.1815,-85.3236,Fairmount,TN
36.5851,-82.171,Fairmount,TN
35.982,-87.1214,Fairview,TN
36.4182,-82.6238,Fall Branch,TN
35.2031,-85.2536,Falling Water,TN
35.8845,-84.1535,Farragut,TN
35.152,-86.5705,Fayetteville,TN
36.4098,-84.0477,Fincastle,TN
36.0684,-86.8442,Forest Hills,TN
35.9251,-86.8689,Franklin,TN
36.3556,-85.6589,Gainesboro,TN
36.3884,-86.4467,Gallatin,TN
35.7145,-83.5119,Gatlinburg,TN
35.0868,-89.8101,Germantown,TN
36.2137,-88.6125,Gleason,TN
36.3231,-86.7133,Goodlettsville,TN
36.1726,-85.9297,Gordonsville,TN
36.4198,-82.4765,Gray,TN
35.447,-85.0844,Graysville,TN
36.2228,-86.5494,Green Hill,TN
35.6612,-84.1721,Greenback,TN
36.4275,-86.8047,Greenbrier,TN
36.1632,-82.831,Greeneville,TN
36.1534,-88.8006,Greenfield,TN
36.267,-84.9844,Grimsley,TN
35.3723,-85.618,Gruetli-Laager,TN
35.8756,-89.3962,Halls,TN
35.934,-84.5524,Harriman,TN
35.1137,-85.138,Harrison,TN
36.5823,-83.6569,Harrogate,TN
36.3909,-86.1672,Hartsville,TN
35.4392,-88.6414,Henderson,TN
36.3048,-86.62,Hendersonville,TN
35.244,-89.5887,Hickory Withe,TN
35.5478,-87.552,Hohenwald,TN
35.2348,-84.888,Hopewell,TN
35.8198,-88.9159,Humboldt,TN
36.3623,-84.1405,Hunter,TN
36.3718,-82.1587,Hunter,TN
36.0006,-88.4281,Huntingdon,TN
36.4098,-84.4905,Huntsville,TN
36.3301,-84.1838,Jacksboro,TN
35.6145,-88.814,Jackson,TN
36.4276,-84.9319,Jamestown,TN
35.0742,-85.6261,Jasper,TN
36.1223,-83.4924,Jefferson City,TN
36.5879,-84.1269,Jellico,TN
36.3134,-82.3535,Johnson City,TN
36.0601,-87.9528,Johnsonville,TN
36.2943,-82.4735,Jonesborough,TN
36.2023,-89.0123,Kenton,TN
35.0479,-85.6719,Kimball,TN
36.5484,-82.5618,Kingsport,TN
35.8809,-84.5085,Kingston,TN
36.102,-87.115,Kingston Springs,TN
35.9606,-83.9207,Knoxville,TN
36.0156,-86.5819,La Vergne,TN
36.3829,-84.1199,LaFollette,TN
36.5212,-86.0264,Lafayette,TN
36.1859,-85.7161,Lafayette,TN
36.2179,-84.1547,Rocky Top,TN
35.8728,-85.0544,Lake Tansi,TN
35.2306,-89.7404,Lakeland,TN
35.2087,-85.1269,Lakesite,TN
36.2431,-86.6355,Lakewood,TN
35.2423,-87.3347,Lawrenceburg,TN
36.2081,-86.2911,Lebanon,TN
35.7973,-84.256,Lenoir City,TN
35.4492,-86.7889,Lewisburg,TN
35.6509,-88.3934,Lexington,TN
35.6173,-87.8395,Linden,TN
36.3834,-85.323,Livingston,TN
35.2006,-85.3641,Lone Oak,TN
34.9942,-85.3494,Lookout Mountain,TN
35.0779,-87.4397,Loretto,TN
35.7328,-84.3338,Loudon,TN
35.8218,-84.048,Louisville,TN
36.1995,-83.7418,Luttrell,TN
35.2831,-86.3742,Lynchburg,TN
35.5198,-84.3635,Madisonville,TN
35.4817,-86.0886,Manchester,TN
36.3434,-88.8503,Martin,TN
35.7565,-83.9705,Maryville,TN
36.0612,-83.7457,Mascot,TN
35.4117,-89.5328,Mason,TN
36.2506,-83.7974,Maynardville,TN
36.1078,-87.6331,McEwen,TN
36.1326,-88.5187,McKenzie,TN
35.6834,-85.77,McMinnville,TN
35.8028,-88.7748,Medina,TN
35.1495,-90.049,Memphis,TN
35.1959,-85.1847,Middle Valley,TN
36.3001,-82.4237,Midway,TN
35.8795,-84.5641,Midtown,TN
35.9198,-88.7589,Milan,TN
36.3712,-86.71,Millersville,TN
35.3415,-89.8973,Millington,TN
35.2401,-85.8397,Monteagle,TN
36.1476,-85.2683,Monterey,TN
36.214,-83.2949,Morristown,TN
36.1895,-82.9585,Mosheim,TN
35.4978,-88.0078,Mount Carmel,TN
36.5454,-82.661,Mount Carmel,TN
36.2,-86.5186,Mount Juliet,TN
35.5342,-87.207,Mount Pleasant,TN
36.4746,-81.8048,Mountain City,TN
35.4492,-89.8151,Munford,TN
35.8456,-86.3903,Murfreesboro,TN
36.1659,-86.7844,Nashville,TN
35.0051,-85.6583,New Hope,TN
36.0212,-87.967,New Johnsonville,TN
36.104,-83.5527,New Market,TN
35.0868,-90.0568,New South Memphis,TN
36.4426,-83.5996,New Tazewell,TN
35.5326,-86.0808,New Union,TN
36.1129,-89.2617,Newbern,TN
35.967,-83.1877,Newport,TN
35.9523,-86.6694,Nolensville,TN
36.1956,-84.068,Norris,TN
36.4118,-82.4246,Oak Grove,TN
36.0878,-86.7831,Oak Hill,TN
36.0104,-84.2696,Oak Ridge,TN
35.229,-89.5151,Oakland,TN
36.259,-89.1917,Obion,TN
35.2142,-88.2003,Olivet,TN
36.0445,-84.3444,Oliver Springs,TN
36.4981,-84.5127,Oneida,TN
36.302,-88.3267,Paris,TN
35.082,-86.5711,Park City,TN
35.6498,-88.1267,Parsons,TN
36.1006,-87.0511,Pegram,TN
35.7884,-83.5543,Pigeon Forge,TN
35.6056,-85.1889,Pikeville,TN
36.2762,-84.1288,Pine Crest,TN
36.2993,-82.3179,Pine Crest,TN
35.0451,-89.6218,Piperton,TN
35.6998,-86.345,Plainview,TN
36.3942,-87.0367,Pleasant View,TN
36.5817,-86.5164,Portland,TN
35.1895,-85.4858,Powells Crossroads,TN
35.1998,-87.0308,Pulaski,TN
35.1123,-85.2941,Red Bank,TN
36.5334,-85.85,Red Boiling Springs,TN
36.2634,-89.4878,Ridgely,TN
36.395,-86.7794,Ridgetop,TN
35.7454,-89.5298,Ripley,TN
36.1962,-82.0704,Roan Mountain,TN
35.8656,-84.6849,Rockwood,TN
36.4073,-83.0054,Rogersville,TN
36.1167,-86.4792,Rural Hill,TN
36.1276,-88.9859,Rutherford,TN
36.2809,-83.5149,Rutledge,TN
35.3823,-85.1088,Sale Creek,TN
35.2248,-88.2492,Savannah,TN
35.1701,-88.5923,Selmer,TN
35.8681,-83.5618,Sevierville,TN
35.2031,-85.9211,Sewanee,TN
35.8906,-83.7246,Seymour,TN
36.3706,-86.6167,Shackle Island,TN
35.4834,-86.4603,Shelbyville,TN
35.1226,-85.3439,Signal Mountain,TN
35.9606,-85.8141,Smithville,TN
35.9828,-86.5186,Smyrna,TN
36.5298,-83.2174,Sneedville,TN
35.2359,-85.1908,Soddy-Daisy,TN
35.2437,-89.3501,Somerville,TN
36.242,-85.9519,South Carthage,TN
35.1412,-84.8722,South Cleveland,TN
36.5009,-88.8753,South Fulton,TN
35.0123,-85.7044,South Pittsburg,TN
35.9259,-85.4641,Sparta,TN
35.7473,-85.4666,Spencer,TN
35.692,-84.8608,Spring City,TN
35.7512,-86.93,Spring Hill,TN
36.5092,-86.885,Springfield,TN
36.4395,-82.4557,Spurgeon,TN
36.4709,-82.8518,Surgoinsville,TN
35.6015,-84.461,Sweetwater,TN
36.4543,-83.5694,Tazewell,TN
36.312,-87.7734,Tennessee Ridge,TN
35.802,-86.9114,Thompson's Station,TN
35.7759,-88.8595,Three Way,TN
36.3784,-89.472,Tiptonville,TN
35.2604,-85.7361,Tracy City,TN
35.9806,-88.9415,Trenton,TN
36.3387,-89.164,Troy,TN
35.362,-86.2094,Tullahoma,TN
36.1751,-82.7588,Tusculum,TN
36.1954,-82.3496,Unicoi,TN
36.4242,-89.057,Union City,TN
35.6217,-86.5925,Unionville,TN
35.5901,-84.2419,Vonore,TN
35.1648,-85.3013,Walden,TN
36.5698,-82.2568,Walnut Hill,TN
36.1048,-84.5972,Wartburg,TN
36.1003,-86.1319,Watertown,TN
36.084,-87.7947,Waverly,TN
35.3195,-87.7622,Waynesboro,TN
36.562,-86.248,Westmoreland,TN
36.1076,-87.2208,White Bluff,TN
36.4703,-86.6514,White House,TN
36.1076,-83.2868,White Pine,TN
35.3265,-89.1495,Whiteville,TN
35.2015,-85.5191,Whitwell,TN
35.092,-84.8544,Wildwood Lake,TN
35.8037,-83.8713,Wildwood,TN
35.1859,-86.1122,Winchester,TN
35.8276,-86.0717,Woodbury,TN
28.4419,-99.7603,Asherton,TX
32.4487,-99.7331,Abilene,TX
26.1998,-98.4111,Abram,TX
32.9618,-96.8292,Addison,TX
29.485,-98.4659,Alamo Heights,TX
26.1837,-98.1231,Alamo,TX
32.7234,-99.2973,Albany,TX
29.9324,-95.3802,Aldine,TX
32.696,-97.6022,Aledo,TX
27.7523,-98.0697,Alice,TX
33.1032,-96.6706,Allen,TX
31.6504,-95.0727,Alto,TX
26.2873,-98.3133,Alton,TX
26.2953,-98.3045,Alton North (historical),TX
32.4065,-97.2117,Alvarado,TX
29.4239,-95.2441,Alvin,TX
33.3584,-97.6947,Alvord,TX
31.521,-97.7795,Ames,TX
30.0538,-94.7435,Ames,TX
29.773,-94.6827,Anahuac,TX
30.4871,-95.9869,Anderson,TX
30.4549,-97.8058,Anderson Mill,TX
29.1694,-95.4319,Angleton,TX
33.349,-96.5486,Anna,TX
32.7093,-97.6761,Annetta,TX
32.7565,-99.8962,Anson,TX
27.9095,-97.15,Aransas Pass,TX
33.5957,-98.6256,Archer City,TX
29.4961,-95.4658,Arcola,TX
33.1212,-97.1834,Argyle,TX
32.7357,-97.1081,Arlington,TX
28.4436,-99.7589,Asherton,TX
29.9988,-95.1766,Atascocita,TX
32.2049,-95.8555,Athens,TX
33.1137,-94.1643,Atlanta,TX
33.3043,-96.9861,Aubrey,TX
33.0607,-97.5034,Aurora,TX
30.2672,-97.7431,Austin,TX
32.8951,-97.5459,Azle,TX
29.5069,-94.9924,Bacliff,TX
32.394,-99.3942,Baird,TX
32.7287,-96.6228,Balch Springs,TX
29.488,-98.5517,Balcones Heights,TX
31.7382,-99.9473,Ballinger,TX
29.7266,-99.0737,Bandera,TX
31.7171,-99.1325,Bangs,TX
29.88,-95.063,Barrett,TX
30.7949,-97.4256,Bartlett,TX
30.2852,-97.8692,Barton Creek,TX
33.0732,-97.1317,Bartonville,TX
30.1105,-97.3153,Bastrop,TX
28.9511,-99.6178,Batesville,TX
29.7355,-94.9774,Baytown,TX
29.6622,-94.8899,Beach City,TX
29.3264,-94.9385,Bayou Vista,TX
30.0861,-94.1018,Beaumont,TX
32.844,-97.1431,Bedford,TX
30.3085,-97.945,Bee Cave,TX
28.401,-97.7497,Beeville,TX
29.7058,-95.4588,Bellaire,TX
31.594,-97.1089,Bellmead,TX
33.6104,-96.4108,Bells,TX
29.9502,-96.2572,Bellville,TX
31.056,-97.4644,Belton,TX
27.5989,-98.4081,Benavides,TX
32.6732,-97.4606,Benbrook,TX
33.584,-99.7923,Benjamin,TX
30.7438,-98.0556,Bertram,TX
31.5252,-97.1419,Beverly,TX
31.5216,-97.1539,Beverly Hills,TX
30.1502,-94.2696,Bevil Oaks,TX
32.5838,-95.1088,Big Sandy,TX
27.5861,-97.7992,Bishop,TX
30.098,-98.4214,Blanco,TX
28.6478,-96.8925,Bloomington,TX
33.6615,-95.3858,Blossom,TX
32.8565,-97.3389,Blue Mound,TX
29.7947,-98.732,Boerne,TX
33.4707,-95.2138,Bogata,TX
29.2644,-95.9438,Boling,TX
29.4783,-94.5799,Bolivar Peninsula,TX
33.5773,-96.1783,Bonham,TX
33.559,-97.8487,Bowie,TX
33.0787,-97.5653,Boyd,TX
31.1352,-99.3351,Brady,TX
29.0444,-95.5691,Brazoria,TX
32.7557,-98.9023,Breckenridge,TX
30.1669,-96.3977,Brenham,TX
32.9951,-97.5428,Briar,TX
30.4074,-98.0445,Briarcliff,TX
30.0208,-93.8457,Bridge City,TX
33.2101,-97.7548,Bridgeport,TX
29.7861,-95.9511,Brookshire,TX
29.5869,-95.3252,Brookside Village,TX
32.3024,-95.6136,Brownsboro,TX
25.9017,-97.4975,Brownsville,TX
31.3052,-97.2517,Bruceville-Eddy,TX
31.7093,-98.9912,Brownwood,TX
30.5135,-97.7397,Brushy Creek,TX
30.6744,-96.37,Bryan,TX
30.7399,-98.4311,Buchanan Dam,TX
31.4638,-96.058,Buffalo,TX
32.1399,-95.3202,Bullard,TX
29.7438,-98.4531,Bulverde,TX
30.433,-93.9624,Buna,TX
29.7675,-95.5299,Bunker Hill Village,TX
34.0979,-98.5706,Burkburnett,TX
32.5421,-97.3208,Burleson,TX
30.7582,-98.2284,Burnet,TX
27.9069,-99.3939,Cactus,TX
33.0657,-96.2278,Caddo Mills,TX
30.5313,-96.693,Caldwell,TX
30.978,-96.6739,Calvert,TX
30.8532,-96.9769,Cameron,TX
25.9645,-97.4767,Cameron Park,TX
25.9715,-97.4783,Cameron Park Colonia,TX
30.1908,-97.2922,Camp Swift,TX
32.5565,-95.8633,Canton,TX
29.8752,-98.2625,Canyon Lake,TX
28.5219,-99.8606,Carrizo Springs,TX
32.9537,-96.8903,Carrollton,TX
32.1574,-94.3374,Carthage,TX
29.5233,-98.5164,Castle Hills,TX
29.3558,-98.8786,Castroville,TX
32.5885,-96.9561,Cedar Hill,TX
30.5052,-97.8203,Cedar Park,TX
33.3246,-96.7844,Celina,TX
31.5107,-96.4247,Center,TX
31.7954,-94.1791,Center,TX
31.258,-95.9783,Centerville,TX
29.9955,-94.0141,Central Gardens,TX
26.3034,-98.1153,Cesar Chavez,TX
32.3079,-95.48,Chandler,TX
29.7761,-95.1146,Channelview,TX
28.8619,-98.7064,Charlotte,TX
33.2959,-97.7989,Chico,TX
30.048,-94.3357,China,TX
29.3889,-98.3489,China Grove,TX
29.5616,-98.227,Cibolo,TX
29.7388,-95.758,Cinco Ranch,TX
32.3882,-98.9792,Cisco,TX
26.3265,-98.3853,Citrus City,TX
33.6107,-95.0527,Clarksville,TX
29.5475,-95.0322,Clear Lake Shores,TX
32.3476,-97.3867,Cleburne,TX
31.6768,-99.2537,Cleveland,TX
30.3413,-95.0855,Cleveland,TX
31.7824,-97.5767,Clifton,TX
29.7783,-95.1719,Cloverleaf,TX
29.0247,-95.3988,Clute,TX
32.406,-99.4937,Clyde,TX
32.7362,-96.8869,Cockrell Hill,TX
30.5924,-95.1294,Coldspring,TX
31.8274,-99.4265,Coleman,TX
30.628,-96.3344,College Station,TX
32.881,-97.155,Colleyville,TX
33.5615,-96.9111,Collinsville,TX
29.7066,-96.5397,Columbus,TX
31.8974,-98.6037,Comanche,TX
26.2487,-97.7339,Combes,TX
32.5885,-96.5086,Combine,TX
29.9677,-98.905,Comfort,TX
33.2471,-95.9,Commerce,TX
30.3119,-95.4561,Conroe,TX
29.518,-98.3161,Converse,TX
33.3734,-95.6883,Cooper,TX
31.2432,-95.5822,Cooper,TX
32.9546,-97.015,Coppell,TX
33.096,-97.0967,Copper Canyon,TX
31.1241,-97.9031,Copperas Cove,TX
33.154,-97.0647,Corinth,TX
27.8006,-97.3964,Corpus Christi,TX
30.9969,-94.8272,Corrigan,TX
32.0954,-96.4689,Corsicana,TX
30.5557,-98.3239,Cottonwood Shores,TX
28.4369,-99.235,Cotulla,TX
32.6279,-96.4558,Crandall,TX
31.3182,-95.4566,Crockett,TX
29.9119,-95.0622,Crosby,TX
29.6455,-98.6595,Cross Mountain,TX
33.984,-99.7248,Crowell,TX
32.579,-97.3625,Crowley,TX
28.6775,-99.8281,Crystal City,TX
29.0939,-97.2892,Cuero,TX
30.3333,-95.358,Cut and Shoot,TX
29.9691,-95.6972,Cypress,TX
33.0318,-94.7219,Daingerfield,TX
32.7831,-96.8067,Dallas,TX
32.7029,-97.1553,Dalworthington Gardens,TX
29.2283,-95.3449,Danbury,TX
30.0466,-94.8852,Dayton,TX
33.5087,-94.6163,De Kalb,TX
32.111,-98.5359,De Leon,TX
32.4299,-97.695,DeCordova,TX
32.5899,-96.8569,DeSoto,TX
33.2343,-97.5861,Decatur,TX
29.7052,-95.1238,Deer Park,TX
33.7557,-96.5367,Denison,TX
33.2148,-97.1331,Denton,TX
30.2977,-93.7435,Deweyville,TX
31.1871,-94.781,Diboll,TX
29.4608,-95.0513,Dickinson,TX
26.2745,-98.3859,Doffing,TX
26.1703,-98.052,Donna,TX
26.347,-98.1206,Doolittle,TX
33.0651,-97.1106,Double Oak,TX
30.1902,-98.0867,Dripping Springs,TX
32.0851,-98.342,Dublin,TX
32.6518,-96.9083,Duncanville,TX
29.5897,-96.3336,Eagle Lake,TX
32.8935,-97.4445,Eagle Mountain,TX
31.7421,-98.9456,Early,TX
29.5311,-96.0711,East Bernard,TX
32.4015,-98.8176,Eastland,TX
26.294,-97.9606,Edcouch,TX
31.2163,-99.8456,Eden,TX
32.6576,-97.3428,Edgecliff Village,TX
32.6982,-95.8852,Edgewood,TX
26.3017,-98.1633,Edinburg,TX
29.1966,-96.2697,El Campo,TX
27.3522,-99.4925,El Cenizo,TX
29.5636,-95.0452,El Lago,TX
34.0293,-98.919,Electra,TX
30.3497,-97.3703,Elgin,TX
31.6252,-95.5794,Elkhart,TX
29.2561,-98.3328,Elmendorf,TX
26.2934,-97.9931,Elsa,TX
32.8746,-95.7655,Emory,TX
26.0334,-97.6331,Encantada-Ranchito-El Calaboz,TX
32.3293,-96.6253,Ennis,TX
26.4106,-98.9625,Escobares,TX
32.8371,-97.082,Euless,TX
30.3549,-94.0727,Evadale,TX
32.631,-97.2892,Everman,TX
29.7458,-98.6434,Fair Oaks Ranch,TX
31.7246,-96.1653,Fairfield,TX
33.1579,-96.6317,Fairview,TX
33.0193,-97.5459,Fairview,TX
26.8728,-99.2553,Falcon Lake Estates,TX
27.227,-98.1442,Falfurrias,TX
29.9261,-94.2507,Fannett,TX
32.9265,-96.8961,Farmers Branch,TX
33.1634,-96.36,Farmersville,TX
32.9415,-96.3814,Fate,TX
32.534,-96.6655,Ferris,TX
29.5983,-95.5513,Fifth Street,TX
29.6877,-97.1086,Flatonia,TX
30.8413,-97.7936,Florence,TX
29.1336,-98.1561,Floresville,TX
33.0146,-97.097,Flower Mound,TX
32.6721,-97.2692,Forest Hill,TX
32.7482,-96.4719,Forney,TX
32.7254,-97.3208,Fort Worth,TX
29.6686,-95.6577,Four Corners,TX
31.026,-96.4852,Franklin,TX
32.0527,-95.5063,Frankston,TX
30.2752,-98.872,Fredericksburg,TX
28.9541,-95.3597,Freeport,TX
27.8828,-98.6178,Freer,TX
29.5389,-95.4474,Fresno,TX
29.5294,-95.201,Friendswood,TX
33.1507,-96.8236,Frisco,TX
29.69,-95.8997,Fulshear,TX
28.0614,-97.0411,Fulton,TX
33.6259,-97.1333,Gainesville,TX
29.7336,-95.2302,Galena Park,TX
29.3013,-94.7977,Galveston,TX
29.0405,-96.5136,Ganado,TX
29.6347,-98.3053,Garden Ridge,TX
28.5169,-99.2161,Gardendale,TX
30.1874,-97.5578,Garfield,TX
32.9126,-96.6389,Garland,TX
31.4352,-97.7439,Gatesville,TX
28.3325,-98.1175,George West,TX
30.6327,-97.6772,Georgetown,TX
29.663,-97.9669,Geronimo,TX
31.701,-97.2164,Gholson,TX
30.1827,-96.9364,Giddings,TX
32.7287,-94.9424,Gilmer,TX
32.5365,-94.9427,Gladewater,TX
32.2346,-97.7553,Glen Rose,TX
32.5487,-96.8567,Glenn Heights,TX
32.449,-97.5267,Godley,TX
31.4499,-98.5709,Goldthwaite,TX
28.6683,-97.3883,Goliad,TX
29.5016,-97.4525,Gonzales,TX
32.2137,-98.6706,Gorman,TX
33.1071,-98.5895,Graham,TX
32.4421,-97.7942,Granbury,TX
32.746,-96.9978,Grand Prairie,TX
32.6735,-95.7094,Grand Saline,TX
32.2704,-97.1792,Grandview,TX
30.7177,-97.4428,Granger,TX
30.5891,-98.3839,Granite Shoals,TX
31.4918,-95.4786,Grapeland,TX
32.9343,-97.0781,Grapevine,TX
29.5541,-95.6758,Greatwood,TX
26.122,-97.5605,Green Valley Farms,TX
33.1384,-96.1108,Greenville,TX
27.9222,-97.29,Gregory,TX
31.5243,-96.5339,Groesbeck,TX
29.9483,-93.9171,Groves,TX
31.0549,-95.1258,Groveton,TX
32.3346,-96.1514,Gun Barrel City,TX
33.4479,-96.7475,Gunter,TX
32.8687,-95.6297,Gunter,TX
29.4439,-96.9411,Hallettsville,TX
32.5043,-94.5741,Hallsville,TX
32.7996,-97.2692,Haltom City,TX
31.7038,-98.1239,Hamilton,TX
31.0835,-97.6597,Harker Heights,TX
26.1906,-97.6961,Harlingen,TX
30.2999,-99.2442,Harper,TX
33.1576,-99.7337,Haskell,TX
32.9749,-97.3478,Haslet,TX
32.5885,-95.2041,Hawkins,TX
30.8785,-96.593,Hearne,TX
32.8365,-96.475,Heath,TX
27.3069,-98.6803,Hebbronville,TX
29.7775,-95.5172,Hedwig Village,TX
26.197,-97.8803,Heidelberg,TX
29.578,-98.6898,Helotes,TX
31.3407,-93.8469,Hemphill,TX
30.0974,-96.0783,Hempstead,TX
33.8173,-98.1953,Henrietta,TX
31.4624,-97.1958,Hewitt,TX
31.3788,-95.3213,Hickory Creek,TX
31.9829,-98.0336,Hico,TX
26.1003,-98.2631,Hidalgo,TX
32.4904,-95.4575,Hideaway,TX
32.8335,-96.7919,Highland Park,TX
33.0918,-97.0467,Highland Village,TX
29.8188,-95.056,Highlands,TX
32.011,-97.13,Hillsboro,TX
31.0794,-96.2039,Hilltop Lakes,TX
29.3483,-95.016,Hitchcock,TX
29.2097,-95.5169,Holiday Lakes,TX
30.8782,-97.4017,Holland,TX
33.8162,-98.6951,Holliday,TX
29.6005,-98.4872,Hollywood Park,TX
29.3475,-99.1414,Hondo,TX
33.5834,-95.91,Honey Grove,TX
33.4662,-94.2885,Hooks,TX
30.2474,-97.5833,Hornsby Bend,TX
30.5482,-98.3378,Horseshoe Bay,TX
29.7633,-95.3633,Houston,TX
33.5087,-96.6122,Howe,TX
31.8485,-96.7972,Hubbard,TX
31.3227,-94.7783,Hudson,TX
29.9025,-95.5024,Hudson,TX
30.4171,-97.9292,Hudson Bend,TX
32.7571,-97.7067,Hudson Oaks,TX
32.9985,-94.6308,Hughes Springs,TX
29.9988,-95.2622,Humble,TX
29.7705,-95.4955,Hunters Creek Village,TX
31.2777,-94.5766,Huntington,TX
30.7235,-95.5508,Huntsville,TX
32.8235,-97.1706,Hurst,TX
32.6493,-96.713,Hutchins,TX
30.5427,-97.5467,Hutto,TX
26.2128,-97.9164,Indian Hills,TX
28.9039,-96.788,Inez,TX
27.8778,-97.2117,Ingleside,TX
30.0774,-99.2403,Ingram,TX
29.4825,-95.4155,Iowa Colony,TX
33.9515,-98.6687,Iowa Park,TX
32.814,-96.9489,Irving,TX
32.184,-96.8847,Italy,TX
32.1596,-97.15,Itasca,TX
29.7675,-95.2338,Jacinto City,TX
33.2184,-98.1587,Jacksboro,TX
31.9638,-95.2705,Jacksonville,TX
30.9202,-93.9966,Jasper,TX
32.7574,-94.3452,Jefferson,TX
29.8877,-95.563,Jersey Village,TX
31.3616,-96.1441,Jewett,TX
30.2769,-98.412,Johnson City,TX
30.4427,-97.775,Jollyville,TX
28.9686,-95.4552,Jones Creek,TX
30.4955,-97.9233,Jonestown,TX
32.4615,-97.3881,Joshua,TX
28.918,-98.5464,Jourdanton,TX
30.4894,-99.772,Junction,TX
33.0848,-97.2961,Justin,TX
28.885,-97.9008,Karnes City,TX
32.589,-96.3089,Kaufman,TX
29.7858,-95.8244,Katy,TX
32.3968,-97.3239,Keene,TX
32.9346,-97.2517,Keller,TX
29.5427,-95.0205,Kemah,TX
32.4426,-96.23,Kemp,TX
28.8192,-97.8486,Kenedy,TX
32.6468,-97.2258,Kennedale,TX
31.081,-98.0025,Kempner,TX
32.1332,-96.2278,Kerens,TX
30.0474,-99.1403,Kerrville,TX
32.3863,-94.8758,Kilgore,TX
31.1171,-97.7278,Killeen,TX
30.6582,-98.4406,Kingsland,TX
27.5159,-97.8561,Kingsville,TX
29.4633,-98.3856,Kirby,TX
30.6605,-93.8927,Kirbyville,TX
33.4181,-99.819,Knox City,TX
30.3716,-94.3124,Kountze,TX
33.2815,-96.9906,Krugerville,TX
33.2615,-97.2381,Krum,TX
29.9891,-97.8772,Kyle,TX
26.2929,-98.0378,La Blanca,TX
29.3108,-98.81,La Coste,TX
26.159,-97.8239,La Feria,TX
29.9055,-96.8766,La Grange,TX
26.2695,-98.6472,La Grulla,TX
26.2501,-98.3636,La Homa,TX
26.247,-98.4814,La Joya,TX
29.3686,-94.9713,La Marque,TX
26.0459,-97.6675,La Paloma,TX
29.6658,-95.0194,La Porte,TX
28.9411,-99.8498,La Pryor,TX
29.3563,-98.1156,La Vernia,TX
26.2987,-97.9286,La Villa,TX
31.6293,-97.1028,Lacy-Lakeview,TX
30.4602,-97.9883,Lago Vista,TX
26.0801,-97.2539,Laguna Heights,TX
31.8593,-97.3797,Laguna Park,TX
26.1009,-97.2903,Laguna Vista,TX
31.8357,-99.0078,Lake Brownwood,TX
33.1193,-97.0256,Lake Dallas,TX
29.0339,-95.4344,Lake Jackson,TX
33.577,-97.0131,Lake Kiowa,TX
29.6758,-98.0722,Lake Dunlap,TX
32.8049,-97.445,Lake Worth,TX
29.6047,-98.9431,Lakehills,TX
32.8224,-97.4934,Lakeside,TX
30.3638,-97.9796,Lakeway,TX
31.0638,-98.1817,Lampasas,TX
32.5921,-96.7561,Lancaster,TX
27.5064,-99.5075,Laredo,TX
26.3648,-98.7753,Las Lomas,TX
26.4648,-97.9111,Lasara,TX
26.1092,-97.4942,Laureles,TX
33.0276,-96.4342,Lavon,TX
29.5074,-95.0949,League City,TX
29.7288,-99.7614,Leakey,TX
30.5788,-97.8531,Leander,TX
29.4952,-98.6186,Leon Valley,TX
33.3796,-96.2475,Leonard,TX
33.0462,-96.9942,Lewisville,TX
30.4191,-97.0117,Lexington,TX
30.058,-94.7955,Liberty,TX
32.4454,-94.9485,Liberty City,TX
32.5157,-95.4094,Lindale,TX
33.0123,-94.3655,Linden,TX
33.6359,-97.2228,Lindsay,TX
33.1626,-96.9375,Little Elm,TX
30.9863,-97.3586,Little River-Academy,TX
29.5652,-98.3364,Live Oak,TX
30.711,-94.933,Livingston,TX
30.7594,-98.675,Llano,TX
26.1298,-97.9681,Llano Grande,TX
29.8849,-97.67,Lockhart,TX
33.7857,-95.3877,Lone Star,TX
32.944,-94.7071,Lone Star,TX
32.5007,-94.7405,Longview,TX
26.2381,-98.1597,Lopezville,TX
31.3866,-97.2156,Lorena,TX
26.0717,-97.4764,Los Fresnos,TX
26.0492,-97.745,Los Indios,TX
30.2955,-97.8444,Lost Creek,TX
33.1548,-96.5472,Lowry Crossing,TX
33.0843,-96.5767,Lucas,TX
31.3382,-94.7291,Lufkin,TX
29.6805,-97.6475,Luling,TX
30.2658,-94.1996,Lumberton,TX
26.4123,-97.7897,Lyford,TX
29.2333,-98.7964,Lytle,TX
32.3665,-96.1008,Mabank,TX
30.9499,-95.9116,Madisonville,TX
30.2094,-95.7508,Magnolia,TX
32.1696,-96.0125,Malakoff,TX
30.1408,-97.8331,Manchaca,TX
30.3408,-97.557,Manor,TX
32.5632,-97.1417,Mansfield,TX
29.4627,-95.358,Manvel,TX
30.5786,-98.2738,Marble Falls,TX
29.5713,-98.1403,Marion,TX
28.9603,-96.0652,Markham,TX
31.3063,-96.898,Marlin,TX
32.5449,-94.3674,Marshall,TX
31.5424,-96.8336,Mart,TX
29.8455,-97.8408,Martindale,TX
30.7488,-99.2306,Mason,TX
28.0945,-97.8281,Mathis,TX
33.3329,-94.3427,Maud,TX
30.2035,-93.8663,Mauriceville,TX
26.2034,-98.23,McAllen,TX
31.4441,-97.4092,McGregor,TX
33.1976,-96.6153,McKinney,TX
32.8424,-96.3805,McLendon-Chisholm,TX
29.5922,-98.0333,McQueeney,TX
30.5624,-98.2964,Meadowlakes,TX
29.6513,-95.588,Meadows Place,TX
29.7966,-99.2464,Medina,TX
26.9212,-99.2595,Medina,TX
33.2859,-96.5728,Melissa,TX
30.9177,-99.7865,Menard,TX
26.1498,-97.9136,Mercedes,TX
31.9232,-97.6567,Meridian,TX
32.7668,-96.5992,Mesquite,TX
31.6799,-96.4822,Mexia,TX
32.4824,-96.9945,Midlothian,TX
26.1878,-98.0171,Midway North,TX
26.1569,-98.0201,Midway South,TX
26.2262,-97.9589,Mila Doce,TX
31.4324,-93.8457,Milam,TX
32.6632,-95.4883,Mineola,TX
32.8085,-98.1128,Mineral Wells,TX
26.2159,-98.3253,Mission,TX
29.6938,-95.665,Mission Bend,TX
29.6186,-95.5377,Missouri City,TX
29.8477,-94.8908,Mont Belvieu,TX
33.6648,-97.7206,Montague,TX
26.3731,-97.9717,Monte Alto,TX
31.3082,-97.3614,Moody,TX
31.1482,-97.4633,Morgans Point Resort,TX
33.1568,-94.9683,Mount Pleasant,TX
33.1887,-95.2213,Mount Vernon,TX
33.6518,-97.3764,Muenster,TX
33.4493,-99.6229,Munday,TX
26.2565,-98.0894,Muniz,TX
26.2565,-98.1133,Murillo Colonia,TX
33.0151,-96.6131,Murphy,TX
31.6035,-94.6555,Nacogdoches,TX
33.2032,-94.6802,Naples,TX
33.4423,-94.1308,Nash,TX
32.2657,-96.8128,Nash,TX
29.5447,-95.091,Nassau Bay,TX
30.388,-96.0877,Navasota,TX
29.9744,-93.9924,Nederland,TX
29.3994,-95.8377,Needville,TX
33.4598,-94.4155,New Boston,TX
29.703,-98.1244,New Braunfels,TX
31.9807,-95.0938,New Summerfield,TX
29.5941,-95.6808,New Territory,TX
30.5377,-95.4833,New Waverly,TX
33.0012,-97.4845,Newark,TX
30.8485,-93.7574,Newton,TX
29.2675,-97.7644,Nixon,TX
33.7868,-97.7259,Nocona,TX
31.0788,-97.6056,Nolanville,TX
26.2173,-98.1289,North Alamo,TX
32.8343,-97.2289,North Richland Hills,TX
29.6211,-98.2247,Northcliff,TX
31.6365,-97.0997,Northcrest,TX
33.1273,-97.2656,Northlake,TX
26.267,-98.1214,Nurillo,TX
32.5204,-96.8547,Oak Leaf,TX
33.1901,-96.9917,Oak Point,TX
30.1602,-95.4444,Oak Ridge North,TX
32.4888,-97.8342,Oak Trail Shores,TX
27.9506,-97.5822,Odem,TX
29.8683,-94.8327,Old River-Winfree,TX
26.2284,-97.9922,Olivarez,TX
26.0217,-97.5341,Olmito,TX
29.4788,-98.4875,Olmos Park,TX
33.3707,-98.7528,Olney,TX
33.1807,-94.7441,Omaha,TX
30.8057,-95.1163,Onalaska,TX
30.1366,-97.7842,Onion Creek,TX
30.093,-93.7365,Orange,TX
27.9567,-97.9369,Orange Grove,TX
32.8001,-94.7208,Ore City,TX
32.2746,-94.9785,Overton,TX
32.5265,-96.8864,Ovilla,TX
29.003,-95.3319,Oyster Creek,TX
31.5085,-99.9201,Paint Rock,TX
28.7081,-96.2175,Palacios,TX
31.7621,-95.6308,Palestine,TX
26.2017,-97.7542,Palm Valley,TX
32.4312,-96.6678,Palmer,TX
26.2584,-98.3181,Palmhurst,TX
26.2334,-98.3709,Palmview,TX
26.2156,-98.3786,Palmview South,TX
32.7674,-98.2987,Palo Pinto,TX
30.381,-95.4935,Panorama Village,TX
32.7143,-97.1564,Pantego,TX
33.6609,-95.5555,Paris,TX
33.0554,-96.6219,Parker,TX
29.6911,-95.2091,Pasadena,TX
30.193,-95.1688,Patton Village,TX
29.5636,-95.2861,Pearland,TX
28.8922,-99.095,Pearsall,TX
32.9701,-97.4747,Pecan Acres,TX
29.6261,-95.7316,Pecan Grove,TX
32.3604,-97.6756,Pecan Plantation,TX
32.921,-97.5184,Pelican Bay,TX
26.2306,-98.4447,Penitas,TX
26.2245,-98.4006,Perezville,TX
30.4394,-97.62,Pflugerville,TX
26.1948,-98.1836,Pharr,TX
33.3965,-96.9606,Pilot Point,TX
30.1711,-95.6825,Pinehurst,TX
30.1072,-93.7746,Pinehurst,TX
30.1644,-94.3216,Pinewood Estates,TX
29.7599,-95.5172,Piney Point Village,TX
32.9954,-94.9658,Pittsburg,TX
33.0198,-96.6989,Plano,TX
29.4891,-95.8077,Pleak,TX
28.9672,-98.4786,Pleasanton,TX
32.1957,-96.9895,Plum Grove,TX
33.1829,-97.2872,Ponder,TX
27.8339,-97.0611,Port Aransas,TX
29.8852,-93.9423,Port Arthur,TX
26.0734,-97.2086,Port Isabel,TX
28.615,-96.6261,Port Lavaca,TX
29.9913,-93.9585,Port Neches,TX
28.4483,-96.4058,Port O'Connor,TX
30.1519,-95.3219,Porter Heights,TX
27.8773,-97.3239,Portland,TX
29.0405,-98.5681,Poteet,TX
29.0697,-98.082,Poth,TX
32.3293,-99.6565,Potosi,TX
33.7593,-96.6694,Pottsboro,TX
33.8112,-95.5244,Powderly,TX
30.0933,-95.9877,Prairie View,TX
27.3606,-98.1236,Premont,TX
33.8823,-96.633,Preston,TX
26.2259,-97.758,Primera,TX
33.1801,-96.498,Princeton,TX
26.0923,-97.9572,Progreso,TX
33.2362,-96.8011,Prosper,TX
34.2978,-99.7404,Quanah,TX
33.1487,-94.1502,Queen City,TX
32.9104,-96.1355,Quinlan,TX
32.796,-95.4511,Quitman,TX
27.7417,-98.0947,Rancho Alegre,TX
26.0395,-97.5564,Rancho Viejo,TX
32.4699,-98.679,Ranger,TX
26.4815,-97.7831,Raymondville,TX
33.4648,-94.171,Red Lick,TX
32.5176,-96.8044,Red Oak,TX
31.4044,-94.7213,Redland,TX
33.3582,-94.2544,Redwater,TX
29.8102,-97.9114,Redwood,TX
28.3053,-97.2753,Refugio,TX
32.5763,-97.2414,Rendon,TX
33.6632,-95.4625,Reno,TX
32.9443,-97.5773,Reno,TX
33.0535,-97.472,Rhome,TX
27.4214,-97.8511,Ricardo,TX
32.9482,-96.7297,Richardson,TX
32.816,-97.2281,Richland Hills,TX
29.5822,-95.7608,Richmond,TX
29.0561,-95.4099,Richwood,TX
31.4749,-96.9233,Riesel,TX
27.3642,-99.48,Rio Bravo,TX
26.3798,-98.8203,Rio Grande City,TX
26.2354,-97.5819,Rio Hondo,TX
32.7771,-97.3945,River Oaks,TX
33.004,-97.2258,Roanoke,TX
31.4677,-97.1147,Robinson,TX
27.7903,-97.6689,Robstown,TX
30.6555,-97.0014,Rockdale,TX
32.9312,-96.4597,Rockwall,TX
28.0208,-97.056,Rockport,TX
30.9316,-97.2267,Rogers,TX
30.2769,-97.7911,Rollingwood,TX
30.1791,-95.1624,Roman Forest,TX
26.4051,-99.0159,Roma-Los Saenz,TX
31.073,-96.9786,Rosebud,TX
29.5572,-95.8086,Rosenberg,TX
29.3522,-95.4602,Rosharon,TX
30.5083,-97.6789,Round Rock,TX
32.9029,-96.5639,Rowlett,TX
32.9751,-96.3325,Royse City,TX
33.1679,-97.8784,Runaway Bay,TX
28.8833,-97.713,Runge,TX
31.796,-95.1502,Rusk,TX
29.3175,-99.4664,Sabinal,TX
32.9762,-96.5953,Sachse,TX
32.8601,-97.3639,Saginaw,TX
29.4144,-98.2,Saint Hedwig,TX
33.6948,-97.5225,Saint Jo,TX
33.0412,-96.5503,Saint Paul,TX
30.9471,-97.5386,Salado,TX
31.0641,-94.0357,Sam Rayburn,TX
29.4241,-98.4936,San Antonio,TX
31.5299,-94.106,San Augustine,TX
26.1326,-97.6311,San Benito,TX
26.2956,-98.072,San Carlos,TX
27.7639,-98.2389,San Diego,TX
26.1892,-98.1553,San Juan,TX
29.4833,-94.9222,San Leon,TX
29.8833,-97.9414,San Marcos,TX
31.1957,-98.7181,San Saba,TX
33.3632,-97.1739,Sanger,TX
32.806,-97.4031,Sansom Park,TX
31.7421,-99.3217,Santa Anna,TX
29.378,-95.1058,Santa Fe,TX
26.2567,-97.825,Santa Rosa,TX
27.2217,-97.7892,Sarita,TX
29.7108,-98.6759,Scenic Oaks,TX
29.5522,-98.2697,Schertz,TX
29.6819,-96.903,Schulenburg,TX
26.1398,-98.0539,Scissors,TX
29.5641,-95.0255,Seabrook,TX
28.4153,-96.7136,Seadrift,TX
32.6396,-96.5383,Seagoville,TX
29.7808,-96.1572,Sealy,TX
26.3428,-97.7903,Sebastian,TX
29.5688,-97.9647,Seguin,TX
29.5844,-98.3059,Selma,TX
30.6994,-97.692,Serenada,TX
32.3204,-96.213,Seven Points,TX
33.5943,-99.2604,Seymour,TX
30.1649,-97.8622,Shady Hollow,TX
33.1651,-97.0294,Shady Shores,TX
32.5993,-96.8875,Shamrock,TX
29.5849,-98.5525,Shavano Park,TX
29.868,-95.1283,Sheldon,TX
30.1802,-95.4558,Shenandoah,TX
30.498,-94.9966,Shepherd,TX
33.6357,-96.6089,Sherman,TX
33.8523,-96.8178,Sherwood Shores,TX
29.4291,-97.1705,Shiner,TX
29.6202,-95.0099,Shoreacres,TX
29.4861,-95.508,Sienna Plantation,TX
26.8581,-99.2536,Siesta Shores,TX
30.3491,-94.178,Silsbee,TX
28.0367,-97.5092,Sinton,TX
30.0085,-97.1594,Smithville,TX
29.2264,-98.6578,Somerset,TX
30.346,-96.5283,Somerville,TX
30.1402,-94.411,Sour Lake,TX
26.157,-98.1086,South Alamo,TX
29.663,-95.2355,South Houston,TX
26.1037,-97.1647,South Padre Island,TX
25.8687,-97.3836,South Point,TX
32.9412,-97.1342,Southlake,TX
29.7061,-95.4369,Southside Place,TX
30.9285,-97.3597,Sparks,TX
30.233,-95.161,Splendora,TX
30.0799,-95.4172,Spring,TX
29.7897,-95.5036,Spring Valley,TX
32.966,-97.6836,Springtown,TX
29.6161,-95.5577,Stafford,TX
32.9454,-99.8029,Stamford,TX
32.2207,-98.2023,Stephenville,TX
29.2369,-97.96,Stockdale,TX
29.7899,-94.3832,Stowell,TX
29.6197,-95.635,Sugar Land,TX
26.2776,-98.5636,Sullivan City,TX
33.1384,-95.6011,Sulphur Springs,TX
32.7965,-96.5608,Sunnyvale,TX
29.0389,-95.6986,Sweeny,TX
27.9789,-97.3986,Taft,TX
27.9739,-97.403,Taft Southwest (historical),TX
32.6832,-96.3855,Talty,TX
32.316,-94.5166,Tatum,TX
30.5708,-97.4094,Taylor,TX
29.5752,-95.0502,Taylor Lake Village,TX
31.6271,-96.2839,Teague,TX
31.9438,-94.2441,Tenaha,TX
31.0982,-97.3428,Temple,TX
32.736,-96.2753,Terrell,TX
29.4749,-98.4509,Terrell Hills,TX
33.4251,-94.0477,Texarkana,TX
29.3838,-94.9027,Texas City,TX
33.089,-96.8864,The Colony,TX
30.348,-97.985,The Hills,TX
30.158,-95.4894,The Woodlands,TX
30.6138,-97.2056,Thorndale,TX
28.4603,-98.1825,Three Rivers,TX
33.1787,-99.1776,Throckmorton,TX
28.4619,-98.5492,Tilden,TX
29.7058,-98.4784,Timberwood Park,TX
31.9038,-94.3952,Timpson,TX
33.5201,-96.4839,Tom Bean,TX
30.0972,-95.6161,Tomball,TX
32.2679,-96.1702,Tool,TX
30.9452,-95.3755,Trinity,TX
32.9979,-97.1836,Trophy Club,TX
32.1446,-95.1205,Troup,TX
31.2068,-97.3028,Troy,TX
32.4576,-99.8715,Tye,TX
32.3513,-95.3011,Tyler,TX
29.9577,-97.7861,Uhland,TX
29.548,-98.2911,Universal City,TX
32.8501,-96.8003,University Park,TX
29.2097,-99.7862,Uvalde,TX
29.1652,-99.8323,Uvalde Estates,TX
31.6593,-97.4722,Valley Mills,TX
32.5249,-95.6372,Van,TX
33.4215,-96.5772,Van Alstyne,TX
29.0177,-95.8894,Van Vleck,TX
32.4335,-97.1025,Venus,TX
34.1554,-99.2663,Vernon,TX
28.8053,-97.0036,Victoria,TX
30.1316,-94.0155,Vidor,TX
29.2891,-98.6445,Von Ormy,TX
31.5493,-97.1467,Waco,TX
33.4268,-94.1063,Wake Village,TX
30.0566,-95.9269,Waller,TX
32.4788,-94.0596,Waskom,TX
32.8579,-97.2547,Watauga,TX
32.3865,-96.8483,Waxahachie,TX
32.7593,-97.7973,Weatherford,TX
29.5377,-95.1183,Webster,TX
29.703,-96.7805,Weimar,TX
29.6933,-97.2992,Waelder,TX
30.446,-97.6795,Wells Branch,TX
26.1595,-97.9908,Weslaco,TX
31.8024,-97.0917,West,TX
29.1439,-95.6452,West Columbia,TX
30.298,-97.802,West Lake Hills,TX
30.6983,-95.0019,West Livingston,TX
30.0821,-93.7582,West Orange,TX
26.2726,-98.3286,West Sharyland,TX
32.8937,-96.0294,West Tawakoni,TX
29.718,-95.4338,West University Place,TX
32.7574,-97.4108,Westworth,TX
29.3116,-96.1027,Wharton,TX
32.5279,-94.8613,White Oak,TX
32.7596,-97.4583,White Settlement,TX
32.2268,-95.2255,Whitehouse,TX
33.6562,-96.9069,Whitesboro,TX
33.5129,-96.3925,Whitewright,TX
31.9518,-97.3214,Whitney,TX
33.9137,-98.4934,Wichita Falls,TX
29.0836,-95.6338,Wild Peach Village,TX
30.5241,-94.4416,Wildwood,TX
30.4249,-95.4799,Willis,TX
32.7626,-97.6506,Willow Park,TX
32.7093,-96.0083,Wills Point,TX
32.589,-96.6853,Wilmer,TX
29.9974,-98.0986,Wimberley,TX
30.4591,-97.6492,Windemere,TX
29.5155,-98.3803,Windcrest,TX
29.8202,-94.3841,Winnie,TX
32.9573,-95.2902,Winnsboro,TX
31.9565,-99.9623,Winters,TX
33.3707,-96.0689,Wolfe City,TX
30.181,-95.1888,Woodbranch,TX
30.0283,-98.1111,Woodcreek,TX
28.2383,-97.32,Woodsboro,TX
30.7752,-94.4155,Woodville,TX
31.506,-97.205,Woodway,TX
31.7879,-96.4625,Wortham,TX
30.1294,-97.4728,Wyldwood,TX
33.0151,-96.5389,Wylie,TX
29.2877,-97.1519,Yoakum,TX
28.9811,-97.5028,Yorktown,TX
26.9073,-99.2714,Zapata,TX
36.7098,-81.9774,Abingdon,VA
37.7196,-75.6655,Accomac,VA
36.7893,-81.5821,Adwolf,VA
38.8048,-77.0469,Alexandria,VA
37.1118,-79.2856,Altavista,VA
37.3429,-77.9806,Amelia Court House,VA
37.5851,-79.0514,Amherst,VA
38.8304,-77.1964,Annandale,VA
36.9068,-82.7818,Appalachia,VA
38.9243,-78.1014,Apple Mountain Lake,VA
37.3571,-78.8253,Appomattox,VA
38.4626,-77.3889,Aquia Harbour,VA
38.881,-77.1043,Arlington,VA
39.0437,-77.4875,Ashburn,VA
37.759,-77.48,Ashland,VA
36.8673,-81.4234,Atkins,VA
38.8504,-77.1297,Baileys Crossroads,VA
36.7593,-79.9903,Bassett,VA
38.8071,-78.7922,Basye,VA
38.5718,-77.7639,Bealeton,VA
37.3343,-79.5231,Bedford,VA
38.7854,-77.063,Belle Haven,VA
37.4218,-77.4375,Bellwood,VA
39.0648,-77.51,Belmont,VA
37.4468,-77.4433,Bensley,VA
39.1518,-77.9822,Berryville,VA
36.8818,-82.7471,Big Stone Gap,VA
37.0804,-77.9972,Blackstone,VA
37.2296,-80.4139,Blacksburg,VA
37.1021,-81.1162,Bland,VA
37.3785,-79.807,Blue Ridge,VA
37.2526,-81.2712,Bluefield,VA
37.5249,-77.5578,Bon Air,VA
38.0496,-77.3466,Bowling Green,VA
36.6676,-78.3875,Boydton,VA
36.5996,-78.1431,Bracey,VA
38.9821,-77.5386,Brambleton,VA
37.4321,-77.6497,Brandermill,VA
38.3821,-78.9767,Bridgewater,VA
38.4215,-78.1936,Brightwood,VA
36.5965,-82.1885,Bristol,VA
39.0182,-77.5203,Broadlands,VA
38.6132,-78.7989,Broadway,VA
37.0501,-78.9442,Brookneal,VA
37.5274,-79.6798,Buchanan,VA
38.7318,-77.4311,Buckhall,VA
37.5502,-78.5556,Buckingham,VA
37.7343,-79.3539,Buena Vista,VA
38.7837,-77.5206,Bull Run,VA
38.9037,-77.6617,Bull Run Mountain Estates,VA
38.7934,-77.2716,Burke,VA
36.5896,-80.6717,Cana,VA
37.2679,-76.0174,Cape Charles,VA
36.9468,-76.5605,Carrollton,VA
36.8901,-82.2796,Castlewood,VA
37.2276,-80.0128,Cave Spring,VA
37.264,-79.9353,Cedar Bluff,VA
37.0876,-81.759,Cedar Bluff,VA
37.744,-77.1316,Central Garage,VA
38.8404,-77.4289,Centreville,VA
37.6265,-77.4286,Chamberlayne,VA
38.8943,-77.4311,Chantilly,VA
37.3435,-77.073,Charles City,VA
37.0565,-78.6383,Charlotte Court House,VA
38.0293,-78.4767,Charlottesville,VA
36.7993,-78.4583,Chase City,VA
36.8257,-79.3981,Chatham,VA
36.6568,-79.8123,Chatmoss,VA
38.5698,-77.2669,Cherry Hill,VA
36.819,-76.2749,Chesapeake,VA
37.3568,-77.4416,Chester,VA
37.3771,-77.5058,Chesterfield,VA
37.3771,-77.505,Chesterfield Court House,VA
36.7985,-81.6823,Chilhowie,VA
37.9332,-75.3788,Chincoteague,VA
37.1298,-80.4089,Christiansburg,VA
36.624,-78.5569,Clarksville,VA
37.0626,-81.7518,Claypool Hill,VA
37.8162,-79.8245,Clifton Forge,VA
37.1501,-82.456,Clintwood,VA
37.3651,-79.9056,Cloverdale,VA
36.944,-82.464,Coeburn,VA
36.7151,-79.9153,Collinsville,VA
38.2546,-76.9636,Colonial Beach,VA
37.268,-77.4073,Colonial Heights,VA
37.3426,-78.975,Concord,VA
39.0409,-77.4136,Countryside,VA
36.7163,-77.068,Courtland,VA
37.7935,-79.9939,Covington,VA
37.1732,-78.1233,Crewe,VA
38.154,-78.8503,Crimora,VA
38.0696,-78.7006,Crozet,VA
38.4732,-77.9967,Culpeper,VA
37.496,-78.2453,Cumberland,VA
38.3312,-77.0511,Dahlgren,VA
38.6371,-77.3111,Dale City,VA
37.4099,-79.9125,Daleville,VA
36.586,-79.395,Danville,VA
38.4149,-78.9386,Dayton,VA
37.5549,-76.3369,Deltaville,VA
37.0779,-77.5867,Dinwiddie,VA
38.109,-78.8575,Dooms,VA
39.0007,-77.3458,Dranesville,VA
36.7776,-82.9416,Dryden,VA
37.1057,-80.6853,Dublin,VA
39.0376,-77.4158,Dulles Town Center,VA
38.5676,-77.328,Dumfries,VA
37.6038,-77.4914,Dumbarton,VA
38.8934,-77.2216,Dunn Loring,VA
37.0374,-76.3316,East Hampton,VA
37.7929,-79.4253,East Lexington,VA
37.581,-77.4069,East Highland Park,VA
37.3526,-75.9458,Eastville,VA
38.821,-78.5658,Edinburg,VA
38.4079,-78.6236,Elkton,VA
36.7729,-81.8362,Emory,VA
36.686,-77.5425,Emporia,VA
37.3307,-77.3228,Enon,VA
37.2401,-77.43,Ettrick,VA
37.5318,-75.823,Exmore,VA
38.8462,-77.3064,Fairfax,VA
38.801,-77.3255,Fairfax Station,VA
37.7762,-79.982,Fairlawn,VA
37.1485,-80.5784,Fairlawn,VA
38.8823,-77.1711,Falls Church,VA
38.324,-77.4683,Falmouth,VA
37.3021,-78.3919,Farmville,VA
36.9229,-80.0134,Ferrum,VA
37.4993,-79.8773,Fincastle,VA
38.099,-78.9692,Fishersville,VA
38.9371,-77.4128,Floris,VA
36.9112,-80.32,Floyd,VA
37.3638,-79.2897,Forest,VA
37.4957,-77.3353,Fort Lee,VA
38.7821,-77.1464,Franconia,VA
36.6776,-76.9225,Franklin,VA
38.3032,-77.4605,Fredericksburg,VA
38.9182,-78.1944,Front Royal,VA
38.7957,-77.6139,Gainesville,VA
36.6612,-80.924,Galax,VA
36.6379,-82.581,Gate City,VA
36.7912,-81.7712,Glade Spring,VA
37.634,-79.4503,Glasgow,VA
37.666,-77.5064,Glen Allen,VA
37.4099,-76.5266,Gloucester Courthouse,VA
37.254,-76.4969,Gloucester Point,VA
37.6843,-77.8853,Goochland,VA
38.1374,-78.1878,Gordonsville,VA
38.9982,-77.2883,Great Falls,VA
38.8734,-77.4008,Greenbriar,VA
36.9537,-79.3589,Gretna,VA
38.2674,-78.8259,Grottoes,VA
38.7673,-77.0847,Groveton,VA
37.2779,-82.099,Grundy,VA
36.766,-78.9283,Halifax,VA
37.2424,-78.4597,Hampden Sydney,VA
37.0299,-76.3452,Hampton,VA
37.7665,-77.3703,Hanover,VA
38.4496,-78.8689,Harrisonburg,VA
38.7518,-77.1358,Hayfield,VA
38.8121,-77.6364,Haymarket,VA
37.9176,-76.4722,Heathsville,VA
36.9663,-79.8703,Henry Fork,VA
38.9695,-77.3861,Herndon,VA
37.546,-77.3278,Highland Springs,VA
36.7626,-80.7348,Hillsville,VA
37.3413,-79.9431,Hollins,VA
38.1171,-78.4417,Hollymead,VA
37.0162,-81.9743,Honaker,VA
37.3043,-77.2872,Hopewell,VA
36.6285,-79.9509,Horse Pasture,VA
38.7923,-77.0708,Huntington,VA
37.0926,-79.2964,Hurt,VA
38.7476,-77.083,Hybla Valley,VA
38.8951,-77.2117,Idylwood,VA
38.636,-77.4378,Independent Hill,VA
36.9076,-76.7077,Isle of Wight,VA
38.8646,-77.1878,Jefferson,VA
38.1099,-79.0731,Jolivue,VA
36.689,-83.111,Jonesville,VA
36.9621,-78.125,Kenbridge,VA
37.7104,-76.3797,Kilmarnock,VA
38.2682,-77.1844,King George,VA
37.6874,-77.0136,King William,VA
37.6699,-76.8775,King and Queen Court House,VA
38.8062,-77.2433,Kings Park,VA
38.8479,-77.1558,Lake Barcroft,VA
37.9232,-78.3347,Lake Monticello,VA
38.6879,-77.2978,Lake Ridge,VA
37.6076,-77.4769,Lakeside,VA
37.7699,-76.4663,Lancaster,VA
37.6429,-77.5089,Laurel,VA
36.7576,-77.8469,Lawrenceville,VA
37.3657,-79.8575,Laymantown,VA
36.9009,-82.0801,Lebanon,VA
39.1157,-77.5636,Leesburg,VA
37.784,-79.4428,Lexington,VA
38.8184,-77.1433,Lincolnia,VA
38.7598,-77.575,Linton Hall,VA
38.7862,-77.478,Loch Lomond,VA
38.7043,-77.2278,Lorton,VA
38.0251,-78.0042,Louisa,VA
39.2726,-77.6367,Lovettsville,VA
37.7599,-78.8709,Lovingston,VA
39.0598,-77.3522,Lowes Island,VA
36.961,-78.2656,Lunenburg,VA
38.6654,-78.4595,Luray,VA
37.4138,-79.1423,Lynchburg,VA
38.0293,-78.945,Lyndhurst,VA
38.3804,-78.2575,Madison,VA
37.431,-79.1231,Madison Heights,VA
38.751,-77.4753,Manassas,VA
38.784,-77.4697,Manassas Park,VA
38.8537,-77.2594,Mantua,VA
36.8348,-81.5148,Marion,VA
38.8648,-77.8578,Marshall,VA
36.6915,-79.8725,Martinsville,VA
38.4004,-78.8342,Massanetta Springs,VA
38.4096,-78.7378,Massanutten,VA
37.4371,-76.3199,Mathews,VA
37.2304,-77.4775,Matoaca,VA
38.9343,-77.1775,McLean,VA
37.6088,-77.3733,Mechanicsville,VA
38.8743,-77.2269,Merrifield,VA
38.4526,-78.0786,Merrimac,VA
37.1896,-80.4256,Merrimac,VA
39.0276,-78.2806,Middletown,VA
38.611,-77.3397,Montclair,VA
38.4123,-79.5806,Monterey,VA
37.5207,-77.3783,Montrose,VA
38.0951,-76.8275,Montross,VA
37.0696,-79.3411,Motley,VA
36.6785,-79.4223,Mount Hermon,VA
38.746,-78.6422,Mount Jackson,VA
36.7596,-78.987,Mountain Road,VA
37.3315,-80.8112,Narrows,VA
37.2054,-79.9589,Narrows,VA
37.8904,-78.8722,Nellysford,VA
38.7673,-77.7283,New Baltimore,VA
37.5001,-80.1109,New Castle,VA
38.6479,-78.6714,New Market,VA
38.7385,-77.185,Newington,VA
36.9788,-76.428,Newport News,VA
38.6987,-77.5797,Nokesville,VA
36.8468,-76.2852,Norfolk,VA
37.0821,-79.6584,North Shore,VA
38.8043,-77.2047,North Springfield,VA
36.9334,-82.6291,Norton,VA
38.984,-77.4039,Oak Grove,VA
38.8809,-77.3008,Oakton,VA
37.7118,-75.7491,Onancock,VA
38.2454,-78.1108,Orange,VA
37.861,-78.2633,Palmyra,VA
36.709,-80.0131,Pannill Fork,VA
38.2974,-77.3141,Passapatanzy,VA
36.6418,-80.195,Patrick Springs,VA
37.3265,-80.7351,Pearisburg,VA
37.3196,-80.6389,Pembroke,VA
36.7584,-83.0271,Pennington Gap,VA
37.2279,-77.4019,Petersburg,VA
38.9129,-77.2008,Pimmit Hills,VA
37.1224,-76.3458,Poquoson,VA
36.8354,-76.2983,Portsmouth,VA
36.821,-76.3688,Portsmouth Heights,VA
38.6459,-77.2942,Potomac Mills,VA
37.1237,-82.6013,Pound,VA
37.5421,-77.9189,Powhatan,VA
37.2099,-80.49,Prices Fork,VA
37.2204,-77.288,Prince George,VA
37.0479,-80.7798,Pulaski,VA
39.1368,-77.7147,Purcellville,VA
37.1318,-80.5764,Radford,VA
37.0871,-81.8551,Raven,VA
38.804,-77.2205,Ravensworth,VA
38.9687,-77.3411,Reston,VA
37.5538,-77.4603,Richmond,VA
37.0932,-81.7937,Richlands,VA
37.271,-79.9414,Roanoke,VA
36.9976,-79.892,Rocky Mount,VA
38.7887,-77.1128,Rose Hill,VA
38.2332,-78.3692,Ruckersville,VA
36.8937,-81.2759,Rural Retreat,VA
37.0668,-76.6763,Rushmere,VA
37.2768,-79.1008,Rustburg,VA
37.2935,-80.0548,Salem,VA
37.606,-76.5949,Saluda,VA
36.8815,-81.7621,Saltville,VA
37.5235,-77.3158,Sandston,VA
38.8721,-77.1553,Seven Corners,VA
39.1915,-78.3456,Shawnee Land,VA
37.1685,-80.2553,Shawsville,VA
38.4851,-78.625,Shenandoah,VA
38.9818,-78.0756,Shenandoah Farms,VA
37.6504,-77.6125,Short Pump,VA
36.9824,-76.6311,Smithfield,VA
36.6987,-78.9014,South Boston,VA
36.7265,-78.1289,South Hill,VA
38.9209,-77.5039,South Riding,VA
36.7171,-76.5902,South Suffolk,VA
38.201,-77.5892,Spotsylvania,VA
38.1979,-77.5878,Spotsylvania Courthouse,VA
38.7893,-77.1872,Springfield,VA
37.1965,-81.4029,Springville,VA
38.4221,-77.4083,Stafford,VA
38.2974,-78.44,Stanardsville,VA
38.5754,-78.5025,Stanley,VA
36.7443,-79.9628,Stanleytown,VA
38.1496,-79.0717,Staunton,VA
39.0834,-78.2181,Stephens City,VA
39.0062,-77.4286,Sterling,VA
38.9887,-78.3586,Strasburg,VA
36.641,-80.2656,Stuart,VA
38.0301,-79.0336,Stuarts Draft,VA
38.7929,-77.4975,Sudley,VA
36.7284,-76.585,Suffolk,VA
39.0376,-77.3753,Sugarland Run,VA
37.1379,-76.8352,Surry,VA
36.9151,-77.2791,Sussex,VA
37.9254,-76.8591,Tappahannock,VA
37.1148,-81.5195,Tazewell,VA
37.3207,-79.2575,Timberlake,VA
38.639,-78.7739,Timberville,VA
38.5468,-77.3367,Triangle,VA
37.5902,-77.5564,Tuckahoe,VA
38.9187,-77.2311,Tysons Corner,VA
37.0187,-79.6864,Union Hall,VA
39.057,-77.4441,University Center,VA
38.2021,-79.0084,Verona,VA
36.9949,-78.2272,Victoria,VA
38.9012,-77.2653,Vienna,VA
37.281,-79.897,Vinton,VA
36.8529,-75.978,Virginia Beach,VA
38.0462,-79.7906,Warm Springs,VA
38.7135,-77.7953,Warrenton,VA
37.9587,-76.758,Warsaw,VA
38.7135,-78.1594,Washington,VA
37.934,-75.4997,Wattsville,VA
37.036,-77.0952,Waverly,VA
38.0685,-78.8895,Waynesboro,VA
37.7551,-78.2839,Weber City,VA
36.6229,-82.5621,Weber City,VA
38.7829,-77.4975,West Gate,VA
37.4032,-79.1781,West Lynchburg,VA
37.5315,-76.7964,West Point,VA
38.7726,-77.2211,West Springfield,VA
38.2885,-78.9131,Weyers Cave,VA
37.2707,-76.7075,Williamsburg,VA
39.1857,-78.1633,Winchester,VA
36.8085,-76.7441,Windsor,VA
38.9398,-77.2861,Wolf Trap,VA
38.6582,-77.2497,Woodbridge,VA
36.7223,-80.8229,Woodlawn,VA
38.7168,-77.1328,Woodlawn,VA
38.8818,-78.5058,Woodstock,VA
37.6985,-77.6125,Wyndham,VA
36.9485,-81.0848,Wytheville,VA
38.7932,-77.4478,Yorkshire,VA
37.7259,-80.642,Alderson,WV
38.2868,-81.8051,Alum Creek,WV
38.1362,-81.0995,Ansted,WV
37.4223,-81.0162,Athens,WV
38.4095,-82.2946,Barboursville,WV
39.5037,-80.1667,Barrackville,WV
37.7478,-81.1435,Beaver,WV
37.7782,-81.1882,Beckley,WV
39.0251,-79.9356,Belington,WV
38.2321,-81.5376,Belle,WV
39.6248,-78.2247,Berkeley Springs,WV
39.392,-80.2806,Bethlehem,WV
39.2637,-81.6293,Blennerhassett,WV
37.2698,-81.2223,Bluefield,WV
37.3126,-81.2598,Bluewell,WV
39.3615,-81.5021,Boaz,WV
39.3234,-77.7528,Bolivar,WV
37.8654,-81.194,Bradley,WV
39.2865,-80.2562,Bridgeport,WV
39.6118,-79.9045,Brookhaven,WV
37.2809,-81.2559,Brush Fork,WV
38.994,-80.232,Buckhannon,WV
38.6176,-81.9818,Buffalo,WV
38.3965,-82.5588,Ceredo,WV
37.9737,-82.0173,Chapmanville,WV
39.289,-77.8597,Charles Town,WV
38.3498,-81.6326,Charleston,WV
39.672,-79.8534,Cheat Lake,WV
38.2234,-81.5362,Chesapeake,WV
39.2807,-80.3445,Clarksburg,WV
38.4604,-81.0851,Clay,WV
38.4887,-81.3482,Clendenin,WV
37.679,-81.2104,Coal City,WV
38.3176,-81.5209,Coal Fork,WV
37.7407,-81.2307,Crab Orchard,WV
38.3307,-80.6531,Craigsville,WV
38.4204,-81.7907,Cross Lanes,WV
38.4201,-82.0554,Culloden,WV
37.7433,-81.1241,Daniels,WV
39.2887,-80.3059,Despard,WV
38.3606,-81.7374,Dunbar,WV
38.5376,-81.9324,Eleanor,WV
39.0634,-81.3951,Elizabeth,WV
38.9259,-79.8467,Elkins,WV
38.4429,-81.4804,Elkview,WV
37.7807,-80.457,Fairlea,WV
39.4851,-80.1426,Fairmont,WV
38.0529,-81.104,Fayetteville,WV
39.5031,-78.7686,Fort Ashby,WV
38.6429,-79.3311,Franklin,WV
37.5759,-81.8948,Gilbert Creek,WV
38.9343,-80.8376,Glenville,WV
39.9492,-80.7542,Glendale,WV
39.3409,-80.019,Grafton,WV
38.9234,-81.096,Grantsville,WV
38.2787,-82.1029,Hamlin,WV
39.2095,-81.0518,Harrisville,WV
37.674,-80.8893,Hinton,WV
38.4192,-82.4451,Huntington,WV
38.4326,-82.0201,Hurricane,WV
39.3579,-78.04,Inwood,WV
38.399,-82.5782,Kenova,WV
39.4409,-78.9739,Keyser,WV
39.4718,-79.6834,Kingwood,WV
38.3229,-82.4468,Lavalette,WV
38.5065,-82.2985,Lesage,WV
37.8018,-80.4456,Lewisburg,WV
37.8487,-81.9935,Logan,WV
39.2353,-81.6312,Lubeck,WV
37.7709,-81.2084,Mabscott,WV
37.7585,-81.2126,MacArthur,WV
38.0671,-81.8193,Madison,WV
37.7307,-81.8379,Mallory,WV
39.5309,-80.3434,Mannington,WV
38.2234,-80.0945,Marlinton,WV
38.2454,-81.5671,Marmet,WV
39.4562,-77.9639,Martinsburg,WV
39.9881,-80.7315,McMechen,WV
39.4923,-80.9037,Middlebourne,WV
38.4345,-82.1324,Milton,WV
39.1904,-81.5321,Mineral Wells,WV
39.4626,-80.2181,Monongah,WV
38.1804,-81.3285,Montgomery,WV
39.0623,-78.9695,Moorefield,WV
39.6295,-79.9559,Morgantown,WV
39.9203,-80.7431,Moundsville,WV
37.8954,-81.1643,Mount Hope,WV
37.5832,-81.3804,Mullens,WV
39.6445,-80.8576,New Martinsville,WV
38.9865,-81.9735,New Haven,WV
38.4148,-81.844,Nitro,WV
39.2634,-80.3198,Nutter Fort,WV
37.9723,-81.1487,Oak Hill,WV
37.6921,-81.624,Oceana,WV
39.6028,-80.9368,Paden City,WV
39.2667,-81.5615,Parkersburg,WV
39.0965,-79.6809,Parsons,WV
38.414,-82.3199,Pea Ridge,WV
39.2851,-80.9684,Pennsboro,WV
38.9926,-79.1239,Petersburg,WV
39.1523,-80.0404,Philippi,WV
38.4087,-81.4818,Pinch,WV
37.5832,-81.537,Pineville,WV
39.4554,-80.1418,Pleasant Valley,WV
38.8445,-82.1371,Point Pleasant,WV
37.3662,-81.1026,Princeton,WV
37.8365,-81.2018,Prosperity,WV
37.9687,-80.767,Rainelle,WV
38.2826,-81.5623,Rand,WV
39.2951,-77.8606,Ranson,WV
38.9481,-81.761,Ravenswood,WV
38.2248,-80.5331,Richwood,WV
38.8187,-81.7107,Ripley,WV
39.342,-78.7567,Romney,WV
37.7498,-80.4629,Ronceverte,WV
38.3856,-81.8362,Saint Albans,WV
39.3917,-81.2051,Saint Marys,WV
39.2829,-80.559,Salem,WV
37.7057,-81.0984,Shady Spring,WV
39.2171,-77.8075,Shannondale,WV
39.4301,-77.8042,Shepherdstown,WV
39.3956,-80.3001,Shinnston,WV
38.5281,-81.631,Sissonville,WV
39.5642,-80.9959,Sistersville,WV
37.7076,-81.2507,Sophia,WV
38.3684,-81.6996,South Charleston,WV
38.802,-81.3509,Spencer,WV
37.816,-81.1523,Stanaford,WV
39.6584,-79.9865,Star City,WV
39.2509,-80.3123,Stonewood,WV
38.2812,-80.8526,Summersville,WV
38.6645,-80.7098,Sutton,WV
38.4501,-81.9293,Teays Valley,WV
39.4457,-79.5464,Terra Alta,WV
37.5915,-80.5437,Union,WV
38.3429,-81.8443,Tornado,WV
39.327,-81.5485,Vienna,WV
39.2612,-81.6718,Washington,WV
38.2215,-82.4424,Wayne,WV
38.4793,-80.4134,Webster Springs,WV
37.4329,-81.5845,Welch,WV
39.2965,-80.7771,West Union,WV
39.0384,-80.4673,Weston,WV
39.6345,-79.9698,Westover,WV
37.7965,-80.2976,White Sulphur Springs,WV
39.6145,-78.775,Wiley Ford,WV
37.6743,-82.2774,Williamson,WV
39.4006,-81.4482,Williamstown,WV
38.5331,-81.8935,Winfield,WV
31.4146,-86.0677,Elba,AL
32.5387,-86.315,Elmore,AL
34.8151,-92.2243,Sherwood,AR
39.4806,-86.055,Franklin,IN
38.9909,-88.1625,Newton,IL
38.4859,-91.8504,Linn,MO
38.4725,-90.8868,Villa Ridge,MO
33.8534,-91.0279,Rosedale,MS
33.6021,-90.7746,Shaw,MS
39.9473,-75.0666,Merchantville,NJ
39.7343,-74.9182,Florence,NJ
39.8012,-75.1624,Oak Valley,NJ
39.7017,-82.4268,Bremen,OH
39.3331,-82.9824,Chillicothe,OH
34.5382,-96.2186,Coalgate,OK
28.6675,-99.1706,Dilley,TX
29.14,-98.9053,Devine,TX
33.1223,-97.0431,Hickory Creek,TX
29.6314,-96.0652,Wallis,TX
37.5177,-76.9789,New Kent,VA
36.6225,-81.1531,Independence,VA
28.9828,-95.9694,Bay City,TX
36.9759,-82.5757,Wise,VA
31.5718,-85.2505,Abbeville,AL
33.6009,-86.9561,Adamsville,AL
33.2443,-86.8164,Alabaster,AL
34.2676,-86.2089,Albertville,AL
32.944,-85.9539,Alexander City,AL
33.774,-85.8855,Alexandria,AL
33.1296,-88.1514,Aliceville,AL
31.3085,-86.4833,Andalusia,AL
33.6598,-85.8316,Anniston,AL
34.3182,-86.4958,Arab,AL
33.6818,-86.5305,Argo,AL
34.992,-86.847,Ardmore,AL
34.8029,-86.9717,Athens,AL
31.183,-85.2363,Ashford,AL
33.2737,-85.8361,Ashland,AL
33.837,-86.2544,Ashville,AL
31.0238,-87.4939,Atmore,AL
34.0218,-86.0886,Attalla,AL
32.6099,-85.4808,Auburn,AL
34.0587,-85.808,Ballplay,AL
41.7701,-72.3051,South Coventry,CT
41.9087,-72.7601,Tariffville,CT
41.0334,-73.5996,Cos Cob,CT
40.5581,-90.0351,Canton,IL
41.295,-89.0362,Deer Park,IL
41.7723,-72.3326,Coventry Lake,CT
41.9103,-88.0717,Glendale Heights,IL
42.3795,-89.8223,Lena,IL
41.5951,-72.6454,Cromwell,CT
41.5784,-70.5586,East Falmouth,MA
41.9318,-72.3784,Crystal Lake,CT
42.6987,-71.1351,North Andover,MA
42.4084,-71.012,Revere,MA
41.7057,-70.3745,West Barnstable,MA
43.4765,-70.7184,Alfred,ME
41.3948,-73.454,Danbury,CT
43.2659,-70.8645,Berwick,ME
44.2651,-69.1589,Hope,ME
41.8026,-71.8859,Danielson,CT
41.0787,-73.4693,Darien,CT
44.1037,-69.1089,Rockland,ME
44.2115,-69.2742,Union,ME
42.2942,-83.3099,Inkster,MI
40.1675,-92.1727,Edina,MO
41.3207,-73.089,Derby,CT
40.1812,-74.6643,Yardville,NJ
43.0392,-76.3041,Camillus,NY
43.0842,-76.8694,Clyde,NY
41.4818,-72.6812,Durham,CT
42.5678,-77.5897,Wayland,NY
42.7301,-73.7012,Watervliet,NY
41.7968,-71.8973,East Brooklyn,CT
41.2378,-82.3057,Camden,OH
41.52,-81.5562,Cleveland Heights,OH
41.5181,-83.3591,Genoa,OH
41.4532,-72.4612,East Haddam,CT
41.5759,-72.5026,East Hampton,CT
41.7823,-72.612,East Hartford,CT
41.2762,-72.8684,East Haven,CT
40.4087,-80.0834,Carnegie,PA
41.1056,-73.3984,East Norwalk,CT
44.6572,-97.2051,Hayti,SD
41.904,-72.4698,Ellington,CT
41.9762,-72.5918,Enfield,CT
41.1412,-73.2637,Fairfield,CT
41.7198,-72.832,Farmington,CT
41.4298,-72.082,Gales Ferry,CT
41.2557,-73.4348,Georgetown,CT
41.7123,-72.6081,Glastonbury,CT
41.7009,-72.5995,Glastonbury Center,CT
41.0354,-73.6599,Glenville,CT
41.0265,-73.6285,Greenwich,CT
41.3501,-72.0784,Groton,CT
41.289,-72.6818,Guilford,CT
41.3959,-72.8968,Hamden,CT
41.7637,-72.6851,Hartford,CT
41.9873,-72.5448,Hazardville,CT
41.6579,-72.3659,Hebron,CT
41.4856,-73.2379,Heritage Village,CT
41.497,-72.557,Higganum,CT
41.6068,-71.9809,Jewett City,CT
41.6354,-72.7687,Kensington,CT
41.7248,-73.4771,Kent,CT
41.8387,-71.8692,Killingly Center,CT
41.5984,-72.5104,Lake Pocotopaug,CT
41.4398,-72.0142,Ledyard Center,CT
41.604,-72.0117,Lisbon,CT
41.7473,-73.1887,Litchfield,CT
41.354,-72.0523,Long Hill,CT
41.2795,-72.5984,Madison,CT
41.7759,-72.5215,Manchester,CT
41.7659,-72.2337,Mansfield City,CT
41.5382,-72.807,Meriden,CT
41.5279,-73.1276,Middlebury,CT
41.5623,-72.6506,Middletown,CT
41.2223,-73.0565,Milford,CT
41.479,-72.1512,Montville Center,CT
41.5029,-72.4501,Moodus,CT
41.7129,-71.8809,Moosup,CT
41.3543,-71.9665,Mystic,CT
41.4859,-73.0507,Naugatuck,CT
41.6612,-72.7795,New Britain,CT
41.1468,-73.4948,New Canaan,CT
41.3081,-72.9282,New Haven,CT
41.3556,-72.0995,New London,CT
41.577,-73.4085,New Milford,CT
41.6751,-73.3518,New Preston,CT
41.6979,-72.7237,Newington,CT
41.3254,-72.1931,Niantic,CT
41.3279,-71.9906,Noank,CT
41.3276,-72.7673,North Branford,CT
41.9959,-72.8295,North Granby,CT
41.9856,-71.8987,North Grosvenor Dale,CT
41.3909,-72.8595,North Haven,CT
41.1382,-73.5435,North Stamford,CT
41.1176,-73.4079,Norwalk,CT
41.5243,-72.0759,Norwich,CT
41.5934,-73.0854,Oakville,CT
41.0229,-73.5649,Old Greenwich,CT
41.3915,-71.9617,Old Mystic,CT
41.2918,-72.3762,Old Saybrook,CT
41.2784,-73.0257,Orange,CT
41.434,-73.1168,Oxford,CT
41.3773,-71.8337,Pawcatuck,CT
41.0256,-73.6607,Pemberwick,CT
41.6765,-71.9151,Plainfield,CT
41.6745,-72.8582,Plainville,CT
41.672,-73.0529,Plymouth,CT
41.3451,-72.0248,Poquonock Bridge,CT
41.5729,-72.6406,Portland,CT
41.5023,-72.9787,Prospect,CT
41.529,-71.974,Preston City,CT
41.9151,-71.909,Putnam,CT
42.0237,-71.9498,Quinebaug,CT
41.2815,-73.4982,Ridgefield,CT
41.0337,-73.5782,Riverside,CT
41.8668,-72.4495,Rockville,CT
41.9565,-72.7954,Salmon Brook,CT
41.2854,-72.399,Saybrook Manor,CT
41.3968,-73.0759,Seymour,CT
41.3165,-73.0932,Shelton,CT
41.5793,-73.4957,Sherman,CT
42.0134,-72.5643,Sherwood Manor,CT
41.9854,-72.4462,Somers,CT
41.6795,-72.1704,South Windham,CT
41.8237,-72.6212,South Windsor,CT
41.939,-71.9595,South Woodstock,CT
41.4815,-73.2132,Southbury,CT
41.1365,-73.2835,Southport,CT
41.9626,-72.5715,Southwood Acres,CT
41.9848,-72.289,Stafford,CT
41.9543,-72.3023,Stafford Springs,CT
41.0534,-73.5387,Stamford,CT
41.8084,-72.2495,Storrs,CT
41.1845,-73.1332,Stratford,CT
41.9812,-72.6498,Suffield Depot,CT
41.6351,-72.4704,Terramuggus,CT
41.6782,-73.0109,Terryville,CT
41.674,-73.0732,Thomaston,CT
41.9587,-71.8626,Thompson,CT
41.997,-72.599,Thompsonville,CT
41.8715,-72.3687,Tolland,CT
41.8006,-73.1212,Torrington,CT
41.2429,-73.2007,Trumbull,CT
41.4345,-72.1098,Uncasville,CT
41.457,-72.8232,Wallingford,CT
41.5581,-73.0515,Waterbury,CT
41.6062,-73.1182,Watertown,CT
41.7443,-71.9092,Wauregan,CT
41.8437,-72.8284,Weatogue,CT
41.762,-72.742,West Hartford,CT
41.2707,-72.9471,West Haven,CT
41.8732,-72.8581,West Simsbury,CT
41.8184,-73.1437,West Torrington,CT
41.1415,-73.3579,Westport,CT
41.7143,-72.6526,Wethersfield,CT
41.7107,-72.2081,Willimantic,CT
41.1954,-73.4379,Wilton,CT
41.9001,-73.1348,Winchester Center,CT
41.6998,-72.157,Windham,CT
41.8526,-72.6437,Windsor,CT
41.9293,-72.6273,Windsor Locks,CT
41.9212,-73.0601,Winsted,CT
41.6023,-72.9868,Wolcott,CT
41.3526,-73.0084,Woodbridge,CT
41.5445,-73.209,Woodbury,CT
41.2281,-72.9915,Woodmont,CT
42.5541,-93.0533,Ackley,IA
41.6144,-94.0174,Adel,IA
42.8289,-96.5595,Akron,IA
41.0267,-92.8058,Albia,IA
43.07,-94.233,Algona,IA
42.7527,-92.7952,Allison,IA
42.6736,-95.2905,Alta,IA
42.9875,-96.0106,Alton,IA
41.6442,-93.4647,Altoona,IA
42.0347,-93.6199,Ames,IA
42.1083,-91.2852,Anamosa,IA
41.7297,-93.6058,Ankeny,IA
42.5842,-92.8844,Aplington,IA
43.3727,-95.1239,Arnolds Park,IA
42.5144,-90.7515,Asbury,IA
41.9969,-91.8621,Atkins,IA
41.4036,-95.0139,Atlantic,IA
41.718,-94.9325,Audubon,IA
42.7128,-95.4367,Aurelia,IA
41.4767,-95.338,Avoca,IA
41.8261,-93.1516,Baxter,IA
40.6669,-94.7214,Bedford,IA
41.8969,-92.2782,Belle Plaine,IA
42.2586,-90.4229,Bellevue,IA
42.8461,-93.6141,Belmond,IA
41.5245,-90.5157,Bettendorf,IA
40.7517,-92.4149,Bloomfield,IA
41.5089,-90.766,Blue Grass,IA
41.7005,-93.4622,Bondurant,IA
42.0597,-93.8802,Boone,IA
43.0977,-93.8019,Britt,IA
41.7336,-92.4455,Brooklyn,IA
41.3111,-94.0036,Buffalo (historical),IA
41.4564,-90.7235,Buffalo,IA
40.8075,-91.1129,Burlington,IA
41.7881,-90.2562,Camanche,IA
41.5008,-93.4911,Carlisle,IA
42.0658,-94.8669,Carroll,IA
41.2906,-95.9181,Carter Lake,IA
42.2986,-91.0149,Cascade,IA
42.5278,-92.4455,Cedar Falls,IA
42.0083,-91.6441,Cedar Rapids,IA
42.1908,-91.7852,Center Point,IA
40.7342,-92.8741,Centerville,IA
42.0928,-93.9355,Centerville,IA
42.2039,-91.5241,Central City,IA
41.0139,-93.3066,Chariton,IA
43.0664,-92.6724,Charles City,IA
42.7494,-95.5517,Cherokee,IA
40.7398,-95.038,Clarinda,IA
42.7316,-93.733,Clarion,IA
42.7847,-92.6677,Clarksville,IA
43.138,-93.3794,Clear Lake,IA
41.8445,-90.1887,Clinton,IA
41.603,-93.7241,Clive,IA
41.6778,-93.2452,Colfax,IA
41.28,-91.3607,Columbus Junction,IA
42.2247,-92.8747,Conrad,IA
41.8708,-94.6775,Coon Rapids,IA
41.6764,-91.5804,Coralville,IA
40.99,-94.7408,Corning,IA
40.757,-93.3188,Corydon,IA
41.2619,-95.8608,Council Bluffs,IA
43.3814,-92.1141,Cresco,IA
41.0586,-94.3614,Creston,IA
42.7222,-94.1972,Dakota City,IA
41.6844,-93.9611,Dallas Center,IA
41.5236,-90.5776,Davenport,IA
41.5317,-94.0097,De Soto,IA
41.8234,-90.5382,De Witt,IA
43.3033,-91.7857,Decorah,IA
42.0178,-95.3553,Denison,IA
42.6714,-92.3374,Denver,IA
41.6005,-93.6091,Des Moines,IA
42.4641,-92.6282,Dike,IA
42.5006,-90.6646,Dubuque,IA
41.8544,-95.6006,Dunlap,IA
41.5998,-90.9107,Durant,IA
42.4844,-91.1229,Dyersville,IA
42.1717,-92.3063,Dysart,IA
42.6641,-93.9044,Eagle Grove,IA
41.4919,-94.1241,Earlham,IA
41.1565,-92.6374,Eddyville,IA
42.3608,-93.0996,Eldora,IA
41.6581,-90.5846,Eldridge,IA
42.4669,-92.2566,Elk Run Heights,IA
42.8539,-91.4054,Elkader,IA
41.8736,-91.5852,Ely,IA
43.1127,-94.683,Emmetsburg,IA
42.445,-90.9321,Epworth,IA
43.4016,-94.8328,Estherville,IA
42.4691,-92.281,Evansdale,IA
42.6392,-92.0471,Fairbank,IA
41.9194,-91.781,Fairfax,IA
41.0086,-91.9627,Fairfield,IA
42.4428,-91.0062,Farley,IA
42.8419,-91.8021,Fayette,IA
43.2625,-93.6372,Forest City,IA
42.4975,-94.168,Fort Dodge,IA
40.6298,-91.3152,Fort Madison,IA
43.1025,-93.6019,Garner,IA
43.3439,-96.0022,George,IA
42.1069,-93.6497,Gilbert,IA
41.0469,-95.7425,Glenwood,IA
42.0569,-94.7289,Glidden,IA
42.2805,-94.2908,Gowrie,IA
41.7611,-93.8244,Granger,IA
42.8958,-92.8024,Greene,IA
41.3053,-94.4613,Greenfield,IA
41.6883,-93.7911,Grimes,IA
41.743,-92.7224,Grinnell,IA
41.235,-95.1375,Griswold,IA
42.3616,-92.7685,Grundy Center,IA
41.6772,-94.5033,Guthrie Center,IA
42.7858,-91.0996,Guttenberg,IA
40.6044,-95.6578,Hamburg,IA
42.7419,-93.2024,Hampton,IA
41.653,-95.3256,Harlan,IA
43.18,-95.477,Hartley,IA
42.9958,-96.4853,Hawarden,IA
42.0358,-91.6821,Hiawatha,IA
42.4892,-95.545,Holstein,IA
42.4066,-92.4555,Hudson,IA
43.1886,-96.1336,Hull,IA
42.7208,-94.2152,Humboldt,IA
41.8953,-93.6008,Huxley,IA
42.345,-95.4717,Ida Grove,IA
42.4686,-91.8893,Independence,IA
41.358,-93.5574,Indianola,IA
41.6611,-91.5302,Iowa City,IA
42.5225,-93.2513,Iowa Falls,IA
42.0153,-94.3775,Jefferson,IA
42.4755,-92.0638,Jesup,IA
42.3069,-93.6402,Jewell,IA
41.673,-93.6977,Johnston,IA
41.4831,-91.706,Kalona,IA
40.3973,-91.3849,Keokuk,IA
40.7303,-91.9624,Keosauqua,IA
41.3639,-91.9538,Keota,IA
42.5883,-95.9675,Kingsley,IA
41.3208,-93.1094,Knoxville,IA
42.315,-92.1921,La Porte City,IA
42.2675,-94.7339,Lake City,IA
43.4194,-93.5333,Lake Mills,IA
43.4555,-95.3208,Lake Park,IA
42.3117,-95.0533,Lake View,IA
40.6228,-93.9341,Lamoni,IA
42.8466,-94.8519,Laurens,IA
41.5986,-90.3435,Le Claire,IA
42.7942,-96.1656,Le Mars,IA
40.8817,-94.5619,Lenox,IA
40.7397,-93.7477,Leon,IA
41.9211,-91.3855,Lisbon,IA
41.6431,-95.7889,Logan,IA
41.4881,-91.426,Lone Tree,IA
41.8766,-93.8233,Madrid,IA
41.0028,-95.5853,Malvern,IA
42.4841,-91.4554,Manchester,IA
43.2872,-93.2022,Manly,IA
41.9091,-95.065,Manning,IA
42.5291,-94.5341,Manson,IA
42.1658,-95.7931,Mapleton,IA
42.0689,-90.6657,Maquoketa,IA
42.8258,-95.8075,Marcus,IA
41.7981,-92.0707,Marengo,IA
42.0342,-91.5977,Marion,IA
42.0494,-92.908,Marshalltown,IA
43.1536,-93.201,Mason City,IA
41.9045,-91.2546,Mechanicsville,IA
41.0081,-91.164,Mediapolis,IA
41.225,-93.2413,Melcher-Dallas,IA
43.3247,-95.15,Milford,IA
41.5564,-95.8878,Missouri Valley,IA
41.6686,-93.3577,Mitchellville,IA
43.0517,-91.3893,Monona,IA
41.5222,-93.1019,Monroe,IA
41.5858,-92.5274,Montezuma,IA
42.2383,-91.1871,Monticello,IA
40.7147,-94.2352,Mount Ayr,IA
40.9636,-91.5579,Mount Pleasant,IA
41.922,-91.4168,Mount Vernon,IA
42.4889,-96.0725,Moville,IA
41.4245,-91.0432,Muscatine,IA
42.9528,-92.5363,Nashua,IA
42.0228,-93.4524,Nevada,IA
43.0591,-92.3177,New Hampton,IA
40.927,-91.3996,New London,IA
41.47,-92.6513,New Sharon,IA
41.6997,-93.048,Newton,IA
43.1427,-93.0044,Nora Springs,IA
41.5139,-92.0763,North English,IA
41.7492,-91.5979,North Liberty,IA
43.4441,-93.221,Northwood,IA
41.4755,-93.6788,Norwalk,IA
42.5811,-93.4433,Oakland,IA
41.3092,-95.3967,Oakland,IA
42.3122,-95.2506,Odebolt,IA
42.6733,-91.9135,Oelwein,IA
42.0391,-94.0277,Ogden,IA
42.0266,-96.0972,Onawa,IA
43.0072,-96.0584,Orange City,IA
43.2841,-92.811,Osage,IA
41.0339,-93.7655,Osceola,IA
41.2964,-92.6444,Oskaloosa,IA
41.02,-92.4113,Ottumwa,IA
42.0661,-91.7955,Palo,IA
41.6917,-94.363,Panora,IA
41.6942,-90.5457,Park View,IA
42.5775,-92.7869,Parkersburg,IA
42.9791,-95.6881,Paullina,IA
41.4081,-92.9163,Pella,IA
42.4506,-90.8504,Peosta,IA
41.8386,-94.1072,Perry,IA
41.5839,-93.5199,Pleasant Hill,IA
41.3858,-93.2694,Pleasantville,IA
42.7355,-94.6692,Pocahontas,IA
41.7714,-93.713,Polk City,IA
43.0847,-91.5682,Postville,IA
41.5994,-93.2352,Prairie City,IA
42.0503,-90.414,Preston,IA
43.0869,-95.6272,Primghar,IA
41.0097,-95.2255,Red Oak,IA
42.3236,-92.5994,Reinbeck,IA
42.8147,-95.9733,Remsen,IA
42.0711,-91.6668,Robins,IA
43.4272,-96.1759,Rock Rapids,IA
43.2053,-96.295,Rock Valley,IA
42.9852,-93.1919,Rockwell,IA
42.3953,-94.6339,Rockwell City,IA
42.1664,-93.5019,Roland,IA
42.4222,-94.9897,Sac City,IA
43.3783,-92.9188,Saint Ansgar,IA
43.1816,-95.6556,Sanborn,IA
41.6786,-93.6297,Saylorville,IA
42.4039,-96.3586,Sergeant Bluff,IA
42.8933,-93.2152,Sheffield,IA
43.1811,-95.8561,Sheldon,IA
42.7103,-92.583,Shell Rock,IA
40.7655,-95.3722,Shenandoah,IA
40.7483,-95.6475,Sidney,IA
43.3991,-95.752,Sibley,IA
41.3333,-92.2046,Sigourney,IA
43.0797,-96.1756,Sioux Center,IA
42.5,-96.4003,Sioux City,IA
41.8778,-93.6786,Slater,IA
41.8072,-91.4941,Solon,IA
43.1414,-95.1444,Spencer,IA
43.4222,-95.1022,Spirit Lake,IA
42.0594,-91.4427,Springville,IA
42.0166,-93.1635,State Center,IA
42.6411,-95.2097,Storm Lake,IA
42.1872,-93.5958,Story City,IA
42.6836,-91.534,Strawberry Point,IA
41.5033,-94.3186,Stuart,IA
42.8475,-92.0916,Sumner,IA
40.8983,-95.6714,Tabor,IA
41.9667,-92.5769,Tama,IA
41.7058,-91.6629,Tiffin,IA
41.7697,-91.1279,Tipton,IA
41.9956,-92.5769,Toledo,IA
42.1936,-92.4655,Traer,IA
42.808,-92.2582,Tripoli,IA
41.655,-91.5568,University Heights,IA
42.2242,-91.8743,Urbana,IA
41.6267,-93.7122,Urbandale,IA
41.5319,-93.9541,Van Meter,IA
40.9297,-94.9761,Villisca,IA
42.1686,-92.0235,Vinton,IA
41.5847,-90.7721,Walcott,IA
41.8783,-91.8346,Walford,IA
41.1814,-91.1854,Wapello,IA
41.2992,-91.6929,Washington,IA
42.4928,-92.343,Waterloo,IA
41.6117,-93.8852,Waukee,IA
43.2694,-91.4757,Waukon,IA
42.7258,-92.4755,Waverly,IA
42.4694,-93.8161,Webster City,IA
41.4642,-91.8382,Wellman,IA
41.6714,-91.3465,West Branch,IA
40.825,-91.1565,West Burlington,IA
41.5772,-93.7113,West Des Moines,IA
41.57,-91.2638,West Liberty,IA
42.9628,-91.8082,West Union,IA
41.6611,-92.0091,Williamsburg,IA
41.5889,-91.0168,Wilton,IA
41.5978,-93.7083,Windsor Heights,IA
41.1231,-91.4413,Winfield,IA
41.3308,-94.0138,Winterset,IA
41.7383,-95.7028,Woodbine,IA
41.8569,-93.9219,Woodward,IA
40.8045,-90.4018,Abingdon,IL
41.9317,-87.989,Addison,IL
41.1998,-90.7493,Aledo,IL
42.1656,-88.2943,Algonquin,IL
41.6689,-87.7387,Alsip,IL
41.7142,-89.3287,Amboy,IL
41.4392,-90.7176,Andalusia,IL
42.4772,-88.0956,Antioch,IL
42.0884,-87.9806,Arlington Heights,IL
40.2275,-90.3596,Astoria,IL
40.2595,-89.2334,Atlanta,IL
41.7606,-88.3201,Aurora,IL
42.1934,-87.8665,Bannockburn,IL
42.1539,-88.1362,Barrington,IL
42.1448,-88.1556,Barrington Hills,IL
41.995,-88.1856,Bartlett,IL
40.6503,-89.6521,Bartonville,IL
41.85,-88.3126,Batavia,IL
42.4222,-87.8573,Beach Park,IL
40.0175,-90.4243,Beardstown,IL
41.3406,-87.6214,Beecher,IL
40.6845,-89.6801,Bellevue,IL
41.8814,-87.8831,Bellwood,IL
42.2639,-88.8443,Belvidere,IL
41.955,-87.9401,Bensenville,IL
41.8889,-87.9034,Berkeley,IL
41.8506,-87.7937,Berwyn,IL
41.7639,-88.547,Big Rock,IL
41.9575,-88.0809,Bloomingdale,IL
40.4842,-88.9937,Bloomington,IL
41.6573,-87.68,Blue Island,IL
41.6986,-88.0684,Bolingbrook,IL
41.7125,-88.3362,Boulder Hill,IL
41.1417,-87.875,Bourbonnais,IL
41.142,-87.8611,Bradley,IL
41.265,-88.2123,Braidwood,IL
41.75,-87.8042,Bridgeview,IL
41.8639,-87.8534,Broadview,IL
41.8239,-87.8517,Brookfield,IL
42.1514,-87.9598,Buffalo Grove,IL
42.3206,-88.3551,Bull Valley,IL
41.7339,-87.7795,Burbank,IL
41.6389,-87.5567,Burnham,IL
41.7489,-87.9184,Burr Ridge,IL
40.5528,-90.5062,Bushnell,IL
42.127,-89.2557,Byron,IL
41.6156,-87.5295,Calumet City,IL
41.6628,-87.6606,Calumet Park,IL
41.3036,-90.1929,Cambridge,IL
40.0392,-91.0693,Camp Point,IL
42.3997,-88.7404,Capron,IL
41.4948,-90.3907,Carbon Cliff,IL
41.9125,-88.1348,Carol Stream,IL
42.1211,-88.2579,Carpentersville,IL
40.4164,-91.1363,Carthage,IL
41.9189,-89.3137,Carthage,IL
42.212,-88.2381,Cary,IL
40.065,-87.702,Catlin,IL
41.2378,-88.2817,Central City,IL
40.1164,-88.2434,Champaign,IL
41.4295,-88.2287,Channahon,IL
42.4786,-88.1376,Channel Lake,IL
40.7537,-88.292,Chatsworth,IL
41.0031,-87.9081,Chebanse,IL
40.7417,-88.7198,Chenoa,IL
42.2347,-88.949,Cherry Valley,IL
41.85,-87.65,Chicago,IL
41.5061,-87.6356,Chicago Heights,IL
41.7014,-87.7792,Chicago Ridge,IL
40.9223,-89.4862,Chillicothe,IL
41.8456,-87.7539,Cicero,IL
41.7975,-87.9548,Clarendon Hills,IL
40.9353,-87.9345,Clifton,IL
40.1536,-88.9645,Clinton,IL
41.2878,-88.2856,Coal City,IL
41.4286,-90.461,Coal Valley,IL
40.4264,-90.7926,Colchester,IL
40.567,-88.6165,Colfax,IL
41.4839,-90.3532,Colona,IL
41.92,-88.6887,Cortland,IL
41.5681,-87.7203,Country Club Hills,IL
41.7828,-87.8781,Countryside,IL
41.5547,-88.0987,Crest Hill,IL
41.6611,-87.7525,Crestwood,IL
41.4445,-87.6314,Crete,IL
40.6473,-89.5912,Creve Coeur,IL
42.2411,-88.3162,Crystal Lake,IL
41.5703,-88.1581,Crystal Lawns,IL
40.4928,-90.1907,Cuba,IL
42.1839,-88.1909,Cuba,IL
40.5295,-89.1773,Danvers,IL
40.1245,-87.63,Danville,IL
41.752,-87.974,Darien,IL
42.1017,-89.0932,Davis Junction,IL
41.9295,-88.7504,DeKalb,IL
42.1609,-88.0815,Deer Park,IL
42.1711,-87.8445,Deerfield,IL
40.3725,-89.5473,Delavan,IL
41.3242,-89.3067,Depue,IL
42.0334,-87.8834,Des Plaines,IL
41.2886,-88.2517,Diamond,IL
41.6317,-87.6609,Dixmoor,IL
41.8389,-89.4796,Dixon,IL
41.6389,-87.6073,Dolton,IL
41.8089,-88.0112,Downers Grove,IL
40.397,-88.8706,Downs,IL
40.8617,-89.6787,Dunlap,IL
42.4364,-89.3321,Durand,IL
41.0945,-88.4251,Dwight,IL
41.5895,-88.922,Earlville,IL
42.0989,-88.2715,East Dundee,IL
42.4922,-90.6429,East Dubuque,IL
41.5737,-87.6464,East Hazel Crest,IL
41.5009,-90.4443,East Moline,IL
40.6662,-89.5801,East Peoria,IL
40.7392,-89.0165,El Paso,IL
41.8922,-88.4723,Elburn,IL
42.0373,-88.2812,Elgin,IL
42.0039,-87.9703,Elk Grove Village,IL
41.8995,-87.9403,Elmhurst,IL
40.7778,-89.9665,Elmwood,IL
41.9211,-87.8092,Elmwood Park,IL
41.4039,-88.1117,Elwood,IL
41.6564,-90.0793,Erie,IL
40.7214,-89.2729,Eureka,IL
42.0411,-87.6901,Evanston,IL
41.7206,-87.7017,Evergreen Park,IL
40.7473,-88.5148,Fairbury,IL
42.2192,-88.0615,Fairfield,IL
41.5561,-88.0592,Fairmont,IL
40.2434,-88.6426,Farmer City,IL
40.6981,-90.0059,Farmington,IL
41.9447,-88.3159,Farmington,IL
40.3148,-88.35,Fisher,IL
40.8781,-88.8612,Flanagan,IL
41.5428,-87.6848,Flossmoor,IL
41.5064,-87.5917,Ford Heights,IL
42.2075,-88.0556,Forest Lake,IL
41.8795,-87.8137,Forest Park,IL
40.752,-88.4112,Forrest,IL
42.1261,-89.5793,Forreston,IL
42.3967,-88.1837,Fox Lake,IL
42.4081,-88.1317,Fox Lake Hills,IL
42.2009,-88.2145,Fox River Grove,IL
41.4959,-87.8487,Frankfort,IL
41.5189,-87.8031,Frankfort Square,IL
41.8417,-89.3004,Franklin Grove,IL
41.9353,-87.8656,Franklin Park,IL
42.2967,-89.6212,Freeport,IL
41.8672,-90.1596,Fulton,IL
42.3517,-87.9826,Gages Lake,IL
42.4167,-90.429,Galena,IL
40.9478,-90.3712,Galesburg,IL
41.1675,-90.0426,Galva,IL
41.1856,-88.3098,Gardner,IL
41.4481,-90.1543,Geneseo,IL
41.8875,-88.3054,Geneva,IL
42.0973,-88.6929,Genoa,IL
42.1397,-89.8287,Georgetown,IL
40.7664,-89.4679,Germantown Hills,IL
40.4584,-88.3846,Gibson City,IL
42.1034,-88.3729,Gilberts,IL
40.7667,-87.9923,Gilman,IL
40.5725,-89.8134,Glasford,IL
41.8775,-88.067,Glen Ellyn,IL
42.0697,-87.7878,Glenview,IL
41.5425,-87.6023,Glenwood,IL
41.6292,-87.9309,Goodings Grove,IL
42.135,-87.7581,Glencoe,IL
42.3931,-87.9867,Grandwood Park,IL
41.2411,-87.6462,Grant Park,IL
41.2612,-89.2276,Granville,IL
42.3445,-88.0417,Grayslake,IL
42.29,-87.9034,Green Oaks,IL
41.4731,-90.3576,Green Rock,IL
40.7434,-88.8815,Gridley,IL
42.3703,-87.902,Gurnee,IL
42.345,-88.0679,Hainesville,IL
40.3964,-91.339,Hamilton,IL
42.0978,-88.5304,Hampshire,IL
41.5559,-90.4093,Hampton,IL
40.6917,-89.7951,Hanna City,IL
41.9995,-88.1451,Hanover Park,IL
42.4222,-88.6137,Harvard,IL
41.61,-87.6467,Harvey,IL
41.9672,-87.8076,Harwood Heights,IL
40.3,-90.061,Havana,IL
42.217,-88.0495,Hawthorn Woods,IL
41.5717,-87.6945,Hazel Crest,IL
42.4717,-88.4323,Hebron,IL
41.2542,-89.3423,Hennepin,IL
41.1114,-89.3565,Henry,IL
41.0492,-88.0978,Herscher,IL
40.3134,-88.9737,Heyworth,IL
41.7256,-87.8251,Hickory Hills,IL
42.1817,-87.8003,Highland Park,IL
42.1998,-87.8092,Highwood,IL
41.9511,-89.0645,Hillcrest,IL
41.8778,-87.9028,Hillside,IL
41.7689,-88.6409,Hinckley,IL
41.8009,-87.937,Hinsdale,IL
41.7689,-87.8578,Hodgkins,IL
42.0428,-88.0798,Hoffman Estates,IL
40.0348,-87.9581,Homer,IL
41.6,-87.9381,Homer Glen,IL
41.7345,-87.7314,Hometown,IL
41.5573,-87.6656,Homewood,IL
40.4673,-87.6684,Hoopeston,IL
40.6059,-88.9873,Hudson,IL
42.1681,-88.4281,Huntley,IL
41.7703,-87.9023,Indian Head Park,IL
41.5225,-88.0428,Ingalls Park,IL
42.1181,-88.0962,Inverness,IL
42.2761,-88.192,Island Lake,IL
41.975,-88.0073,Itasca,IL
42.38,-88.242,Johnsburg,IL
41.5252,-88.0834,Joliet,IL
41.7445,-87.8378,Justice,IL
41.12,-87.8611,Kankakee,IL
42.0859,-87.7176,Kenilworth,IL
41.2456,-89.9248,Kewanee,IL
42.1706,-88.0478,Kildeer,IL
42.0998,-88.759,Kingston,IL
42.0925,-88.8512,Kirkland,IL
42.2861,-87.8856,Knollwood,IL
42.1959,-88.1151,Knollwood,IL
40.9084,-90.2849,Knoxville,IL
41.805,-87.8692,La Grange,IL
41.8347,-87.8617,La Grange Park,IL
40.5834,-90.9693,La Harpe,IL
41.3334,-89.0918,La Salle,IL
41.0248,-89.4112,Lacon,IL
41.3825,-89.219,Ladd,IL
42.2125,-88.1526,Lake Barrington,IL
42.2789,-87.8342,Lake Bluff,IL
42.4792,-88.1334,Lake Catherine,IL
42.2586,-87.8406,Lake Forest,IL
42.4545,-89.3896,Lake Summerset,IL
42.417,-88.074,Lake Villa,IL
42.197,-88.0934,Lake Zurich,IL
42.1817,-88.3304,Lake in the Hills,IL
40.2064,-88.3687,Lake of the Woods,IL
42.3286,-88.199,Lakemoor,IL
42.2292,-88.3551,Lakewood,IL
41.2817,-88.1448,Lakewood Shores,IL
42.1022,-89.8334,Lanark,IL
41.5648,-87.5389,Lansing,IL
40.352,-88.7642,Le Roy,IL
41.6736,-88.0017,Lemont,IL
40.3931,-90.1548,Lewistown,IL
40.6414,-88.7834,Lexington,IL
42.2831,-87.9531,Libertyville,IL
40.1484,-89.3648,Lincoln,IL
42.19,-87.9084,Lincolnshire,IL
42.0045,-87.7301,Lincolnwood,IL
42.4106,-88.0262,Lindenhurst,IL
41.8011,-88.0748,Lisle,IL
41.5895,-88.0578,Lockport,IL
41.88,-88.0078,Lombard,IL
42.1784,-87.9978,Long Grove,IL
42.3708,-88.1276,Long Lake,IL
42.32,-89.0582,Loves Park,IL
41.5264,-87.5387,Lynwood,IL
41.6836,-88.3937,Lynwood,IL
41.8134,-87.8181,Lyons,IL
42.3472,-89.039,Machesney Park,IL
40.537,-89.3576,Mackinaw,IL
40.4592,-90.6718,Macomb,IL
40.1953,-88.4042,Mahomet,IL
41.9297,-88.8609,Malta,IL
41.4225,-87.9859,Manhattan,IL
40.4259,-89.7793,Manito,IL
41.2506,-87.8314,Manteno,IL
41.9075,-88.5992,Maple Park,IL
42.2486,-88.6084,Marengo,IL
41.5936,-87.6948,Markham,IL
40.0364,-88.957,Maroa,IL
40.6175,-89.6004,Marquette Heights,IL
41.3309,-88.7081,Marseilles,IL
40.2023,-89.6982,Mason City,IL
41.5039,-87.7131,Matteson,IL
41.8792,-87.8431,Maywood,IL
41.2414,-88.4195,Mazon,IL
42.3683,-88.2926,McCullom Lake,IL
42.3334,-88.2668,McHenry,IL
41.9006,-87.8567,Melrose Park,IL
41.5472,-89.1176,Mendota,IL
41.6842,-87.7003,Merrionette Park,IL
40.7906,-89.3606,Metamora,IL
41.6253,-87.7176,Midlothian,IL
41.4531,-90.5721,Milan,IL
40.6284,-87.6961,Milford,IL
41.9634,-89.7746,Milledgeville,IL
40.4337,-89.3131,Minier,IL
40.9045,-89.0345,Minonk,IL
41.4553,-88.2617,Minooka,IL
41.5261,-87.8892,Mokena,IL
41.5067,-90.5151,Moline,IL
41.1667,-87.6628,Momence,IL
41.42,-87.7417,Monee,IL
40.9114,-90.6474,Monmouth,IL
41.7306,-88.3459,Montgomery,IL
40.0278,-88.5734,Monticello,IL
41.3573,-88.4212,Morris,IL
41.8098,-89.9651,Morrison,IL
40.6128,-89.4593,Morton,IL
42.0406,-87.7826,Morton Grove,IL
42.095,-89.9782,Mount Carroll,IL
42.0503,-89.4312,Mount Morris,IL
42.0664,-87.9373,Mount Prospect,IL
40.0109,-89.2823,Mount Pulaski,IL
42.2631,-88.004,Mundelein,IL
41.7859,-88.1473,Naperville,IL
40.55,-91.3849,Nauvoo,IL
41.512,-87.9656,New Lenox,IL
42.0189,-87.8028,Niles,IL
40.5142,-88.9906,Normal,IL
41.9634,-87.8273,Norridge,IL
41.8061,-88.3273,North Aurora,IL
42.2078,-88.1406,North Barrington,IL
42.3256,-87.8412,North Chicago,IL
40.615,-89.6223,North Pekin,IL
40.7175,-89.5843,North Peoria,IL
41.8428,-87.8231,North Riverside,IL
42.1275,-87.829,Northbrook,IL
42.0998,-87.7809,Northfield,IL
41.9173,-87.8956,Northlake,IL
41.8328,-87.929,Oak Brook,IL
41.6028,-87.7439,Oak Forest,IL
41.7109,-87.7581,Oak Lawn,IL
41.885,-87.7845,Oak Park,IL
41.85,-87.9645,Oakbrook Terrace,IL
40.1161,-87.7784,Oakwood,IL
42.2464,-88.2429,Oakwood Hills,IL
41.0036,-88.5253,Odell,IL
41.2953,-89.0595,Oglesby,IL
41.5134,-87.6742,Olympia Fields,IL
40.715,-88.0062,Onarga,IL
40.932,-90.9471,Oquawka,IL
42.0147,-89.3323,Oregon,IL
41.3548,-90.3815,Orion,IL
41.5853,-87.8431,Orland Hills,IL
41.6303,-87.8539,Orland Park,IL
41.6828,-88.3515,Oswego,IL
41.3456,-88.8426,Ottawa,IL
42.1103,-88.0342,Palatine,IL
41.6681,-87.7964,Palos Heights,IL
41.6967,-87.817,Palos Hills,IL
41.6673,-87.8303,Palos Park,IL
42.3484,-87.8842,Park City,IL
41.4914,-87.6745,Park Forest,IL
42.0111,-87.8406,Park Ridge,IL
40.4603,-88.0953,Paxton,IL
42.3139,-89.3593,Pecatonica,IL
40.5675,-89.6407,Pekin,IL
40.6936,-89.589,Peoria,IL
40.7473,-89.574,Peoria Heights,IL
41.3323,-87.7853,Peotone,IL
41.3275,-89.129,Peru,IL
40.0117,-89.8482,Petersburg,IL
40.007,-88.1581,Philo,IL
41.6112,-87.6348,Phoenix,IL
42.0686,-88.4134,Pingree Grove,IL
42.4086,-88.2065,Pistakee Highlands,IL
41.627,-88.204,Plainfield,IL
41.6628,-88.537,Plano,IL
41.9861,-89.5793,Polo,IL
40.8809,-88.6298,Pontiac,IL
42.3683,-88.8221,Poplar Grove,IL
42.2425,-88.202,Port Barrington,IL
41.6064,-90.3354,Port Byron,IL
41.6317,-87.6814,Posen,IL
42.2786,-88.2609,Prairie Grove,IL
41.4917,-88.0817,Preston Heights,IL
41.3681,-89.4648,Princeton,IL
40.9298,-89.7576,Princeville,IL
41.6714,-89.9362,Prophetstown,IL
42.0953,-87.9376,Prospect Heights,IL
40.3084,-88.1559,Rantoul,IL
42.4759,-88.3059,Richmond,IL
40.3609,-89.369,Richmond,IL
41.4845,-87.7034,Richton Park,IL
41.8978,-87.814,River Forest,IL
41.9259,-87.8359,River Grove,IL
41.6334,-87.6331,Riverdale,IL
41.835,-87.8228,Riverside,IL
42.1675,-87.897,Riverwoods,IL
40.7961,-89.1973,Roanoke,IL
41.6439,-87.7037,Robbins,IL
41.9239,-89.0687,Rochelle,IL
41.7797,-89.689,Rock Falls,IL
41.5095,-90.5787,Rock Island,IL
41.5061,-88.1145,Rockdale,IL
42.2711,-89.094,Rockford,IL
42.4525,-89.0723,Rockton,IL
42.0842,-88.0131,Rolling Meadows,IL
40.8831,-89.5026,Rome,IL
41.6475,-88.0895,Romeoville,IL
42.4134,-89.0093,Roscoe,IL
41.9847,-88.0798,Roselle,IL
41.9953,-87.8845,Rosemont,IL
40.3792,-87.6686,Rossville,IL
42.3534,-88.0934,Round Lake,IL
42.3717,-88.0901,Round Lake Beach,IL
42.38,-88.1042,Round Lake Heights,IL
42.357,-88.0768,Round Lake Park,IL
40.1212,-90.5632,Rushville,IL
41.025,-87.7139,Saint Anne,IL
41.9142,-88.3087,Saint Charles,IL
40.1117,-88.0417,Saint Joseph,IL
41.6459,-88.6217,Sandwich,IL
41.4884,-87.5675,Sauk Village,IL
42.0945,-90.1568,Savanna,IL
40.0547,-88.2517,Savoy,IL
42.0334,-88.0834,Schaumburg,IL
41.9559,-87.8709,Schiller Park,IL
41.3111,-88.6098,Seneca,IL
40.7692,-87.5639,Sheldon,IL
41.53,-88.6798,Sheridan,IL
41.52,-88.2017,Shorewood,IL
40.025,-88.0734,Sidney,IL
41.5123,-90.4151,Silvis,IL
42.0334,-87.7334,Skokie,IL
42.0942,-88.3026,Sleepy Hollow,IL
41.6336,-88.6812,Somonauk,IL
42.0914,-88.1217,South Barrington,IL
42.4931,-89.0368,South Beloit,IL
41.4809,-87.6378,South Chicago Heights,IL
41.9942,-88.2923,South Elgin,IL
41.6009,-87.607,South Holland,IL
40.4945,-89.6518,South Pekin,IL
42.4436,-88.2365,Spring Grove,IL
41.3275,-89.1998,Spring Valley,IL
41.47,-87.6364,Steger,IL
41.7886,-89.6962,Sterling,IL
41.8214,-87.7828,Stickney,IL
42.1073,-89.1793,Stillman Valley,IL
42.3497,-90.0068,Stockton,IL
41.9056,-87.8837,Stone Park,IL
42.0256,-88.1784,Streamwood,IL
41.1209,-88.8354,Streator,IL
41.7614,-88.4437,Sugar Grove,IL
41.7881,-87.8103,Summit,IL
41.9889,-88.6868,Sycamore,IL
42.3739,-88.0109,Third Lake,IL
40.2417,-88.1842,Thomasboro,IL
41.5681,-87.6081,Thornton,IL
40.0953,-87.6475,Tilton,IL
41.5734,-87.7845,Tinley Park,IL
41.0023,-89.1334,Toluca,IL
41.0936,-89.8648,Toulon,IL
42.232,-88.152,Tower Lake,IL
40.5275,-89.4926,Tremont,IL
40.4934,-89.0798,Twin Grove,IL
41.5923,-87.6853,University Park,IL
40.1106,-88.2073,Urbana,IL
42.3986,-88.0526,Venetian Village,IL
42.2195,-87.9795,Vernon Hills,IL
41.8897,-87.989,Villa Park,IL
42.3261,-88.1679,Volo,IL
42.4286,-87.924,Wadsworth,IL
41.5567,-89.5934,Walnut,IL
42.4964,-89.9896,Warren,IL
41.8178,-88.1734,Warrenville,IL
40.3592,-91.4346,Warsaw,IL
41.9381,-88.4045,Wasco,IL
40.9192,-89.2912,Washburn,IL
40.7037,-89.4073,Washington,IL
41.7717,-88.7737,Waterman,IL
40.7762,-87.7364,Watseka,IL
42.2589,-88.1393,Wauconda,IL
42.3636,-87.8448,Waukegan,IL
41.9509,-88.2423,Wayne,IL
41.0525,-89.0504,Wenona,IL
41.8847,-88.204,West Chicago,IL
42.0981,-88.2829,West Dundee,IL
40.6925,-89.6279,West Peoria,IL
41.8506,-87.882,Westchester,IL
41.8098,-87.9006,Western Springs,IL
41.7959,-87.9756,Westmont,IL
40.0423,-87.6386,Westville,IL
41.8661,-88.107,Wheaton,IL
42.1392,-87.929,Wheeling,IL
41.7409,-87.8603,Willow Springs,IL
41.7698,-87.9359,Willowbrook,IL
41.4578,-87.5364,Willowbrook,IL
42.0722,-87.7228,Wilmette,IL
41.3078,-88.1467,Wilmington,IL
41.8617,-88.1609,Winfield,IL
42.2661,-89.2412,Winnebago,IL
42.1081,-87.7359,Winnetka,IL
42.4789,-87.8237,Winthrop Harbor,IL
42.3853,-88.3473,Wonder Lake,IL
41.9634,-87.979,Wood Dale,IL
41.747,-88.0503,Woodridge,IL
42.3147,-88.4487,Woodstock,IL
41.6897,-87.7973,Worth,IL
41.0617,-89.7732,Wyoming,IL
41.6411,-88.4473,Yorkville,IL
42.4461,-87.8328,Zion,IL
41.4389,-87.1114,Aberdeen,IN
41.0384,-86.028,Akron,IN
40.3009,-85.2419,Albany,IN
41.3956,-85.4244,Albion,IN
40.2628,-85.6758,Alexandria,IN
40.1053,-85.6803,Anderson,IN
40.8625,-85.6017,Andrews,IN
41.6348,-84.9994,Angola,IN
40.1759,-86.0216,Arcadia,IN
41.2378,-86.2147,Argos,IN
40.2942,-87.2489,Attica,IN
41.367,-85.0589,Auburn,IN
41.3659,-85.2389,Avilla,IN
41.2073,-86.602,Bass Lake,IN
40.5084,-86.8417,Battle Ground,IN
40.6578,-84.9519,Berne,IN
40.7387,-85.1716,Bluffton,IN
41.2956,-86.1164,Bourbon,IN
41.4464,-86.1481,Bremen,IN
41.7214,-85.8175,Bristol,IN
40.6028,-86.8672,Brookston,IN
41.6259,-87.1334,Burns Harbor,IN
41.4298,-84.8714,Butler,IN
41.3648,-87.4411,Cedar Lake,IN
40.1125,-85.5969,Chesterfield,IN
41.6106,-87.0642,Chesterton,IN
41.2306,-85.3194,Churubusco,IN
40.1239,-86.0133,Cicero,IN
41.1573,-85.4883,Columbia City,IN
40.5775,-85.8733,Converse,IN
40.1417,-87.3947,Covington,IN
40.0412,-86.8744,Crawfordsville,IN
41.417,-87.3653,Crown Point,IN
41.2189,-86.4231,Culver,IN
40.0167,-86.4,Dale,IN
40.1212,-85.558,Daleville,IN
40.3742,-86.7689,Dayton,IN
41.195,-87.1986,DeMotte,IN
40.8306,-84.9291,Decatur,IN
40.5875,-86.675,Delphi,IN
40.7564,-86.3936,Dunkirk,IN
40.3753,-85.2094,Dunkirk,IN
41.4942,-87.5217,Dyer,IN
41.6378,-85.9217,Dunlap,IN
41.6392,-87.4548,East Chicago,IN
40.3403,-85.3508,Eaton,IN
40.1034,-85.7341,Edgewood,IN
41.682,-85.9767,Elkhart,IN
40.277,-85.8419,Elwood,IN
40.4153,-85.6505,Fairmount,IN
40.1878,-85.1275,Farmland,IN
41.5667,-86.552,Fish Lake,IN
40.5473,-86.5244,Flora,IN
41.1306,-85.1289,Fort Wayne,IN
40.6167,-87.3208,Fowler,IN
40.2795,-86.5108,Frankfort,IN
41.7309,-84.9327,Fremont,IN
40.2228,-85.7789,Frankton,IN
40.5789,-86.1903,Galveston,IN
41.3495,-85.1355,Garrett,IN
41.5934,-87.3464,Gary,IN
40.4873,-85.613,Gas City,IN
40.592,-84.9572,Geneva,IN
40.7406,-86.5047,Georgetown,IN
41.7295,-86.2283,Georgetown,IN
40.7634,-87.2936,Goodland,IN
41.5823,-85.8344,Goshen,IN
41.2109,-84.9669,Grabill,IN
41.7534,-86.1108,Granger,IN
40.4781,-85.9667,Greentown,IN
41.5284,-87.4236,Griffith,IN
41.6134,-86.2453,Gulivoire Park,IN
41.5337,-84.9127,Hamilton,IN
41.5834,-87.5,Hammond,IN
41.1962,-84.9197,Harlan,IN
40.4511,-85.37,Hartford City,IN
41.3186,-87.2003,Hebron,IN
41.5536,-87.452,Highland,IN
41.5323,-87.255,Hobart,IN
41.7103,-86.5342,Hudson Lake,IN
41.2284,-85.1725,Huntertown,IN
40.8831,-85.4975,Huntington,IN
40.4273,-86.1256,Indian Heights,IN
40.4798,-85.6278,Jonesboro,IN
41.4414,-85.265,Kendallville,IN
40.7703,-87.4453,Kentland,IN
41.4806,-86.6917,Kingsford Heights,IN
40.4864,-86.1336,Kokomo,IN
41.4181,-86.4858,Koontz Lake,IN
41.3167,-87.0259,Kouts,IN
41.2959,-86.625,Knox,IN
41.6106,-86.7225,LaPorte,IN
40.4167,-86.8753,Lafayette,IN
41.6417,-85.4167,Lagrange,IN
41.3309,-87.3948,Lake Dalecarlia,IN
41.575,-87.2389,Lake Station,IN
41.4103,-87.2131,Lakes of the Four Seasons,IN
40.0684,-85.8483,Lapel,IN
40.0484,-86.4692,Lebanon,IN
41.2126,-85.0166,Leo-Cedarville,IN
41.4659,-85.5875,Ligonier,IN
40.7545,-86.3567,Logansport,IN
41.7389,-86.857,Long Beach,IN
41.2914,-87.4206,Lowell,IN
40.0498,-84.9397,Lynn,IN
40.5584,-85.6591,Marion,IN
40.8246,-85.3388,Markle,IN
41.1734,-86.0347,Mentone,IN
41.4828,-87.3328,Merrillville,IN
41.7075,-86.895,Michigan City,IN
41.6753,-85.7061,Middlebury,IN
40.0573,-85.5372,Middletown,IN
41.4098,-85.8456,Milford,IN
41.662,-86.1586,Mishawaka,IN
40.8678,-86.8789,Monon,IN
40.9748,-84.8683,Monroeville,IN
40.7453,-86.7647,Monticello,IN
40.5539,-85.2775,Montpelier,IN
40.9462,-87.4534,Morocco,IN
40.6695,-85.8242,Mount Vernon,IN
40.3445,-86.6653,Mulberry,IN
40.1934,-85.3864,Muncie,IN
41.5645,-87.5125,Munster,IN
41.4428,-86.0014,Nappanee,IN
41.7003,-86.5095,New Carlisle,IN
41.5584,-87.2745,New Chicago,IN
41.0706,-85.0144,New Haven,IN
41.5003,-85.8281,New Paris,IN
40.0456,-86.0086,Noblesville,IN
41.215,-86.7759,North Judson,IN
41.5342,-86.4272,North Liberty,IN
41.0006,-85.7686,North Manchester,IN
41.3256,-85.6978,North Webster,IN
41.6228,-87.1917,Ogden Dunes,IN
41.6651,-86.0758,Osceola,IN
40.8806,-85.1664,Ossian,IN
40.4906,-87.0964,Otterbein,IN
40.5198,-87.2478,Oxford,IN
40.1889,-85.2041,Parker City,IN
40.7537,-86.0689,Peru,IN
41.2003,-85.7055,Pierceton,IN
41.3437,-86.3097,Plymouth,IN
41.5759,-87.1762,Portage,IN
41.6156,-87.0742,Porter,IN
40.4345,-84.9778,Portland,IN
40.3489,-85.15,Redkey,IN
40.7609,-87.1509,Remington,IN
40.9367,-87.1509,Rensselaer,IN
40.9626,-85.3733,Roanoke,IN
41.0648,-86.2158,Rochester,IN
41.4962,-85.3766,Rome City,IN
41.1417,-87.3148,Roselawn,IN
40.417,-86.5947,Rossville,IN
40.4175,-86.2714,Russiaville,IN
41.45,-87.47,Saint John,IN
41.4789,-87.4548,Schererville,IN
40.3736,-86.9489,Shadeland,IN
40.135,-86.2206,Sheridan,IN
41.7542,-85.975,Simonton Lake,IN
41.6834,-86.25,South Bend,IN
41.542,-87.1373,South Haven,IN
41.0848,-85.628,South Whitley,IN
40.572,-85.7691,Sweetser,IN
41.4278,-85.7525,Syracuse,IN
40.1295,-86.6067,Thorntown,IN
40.2823,-86.0411,Tipton,IN
41.5392,-85.5397,Topeka,IN
41.6984,-86.8592,Trail Creek,IN
41.2459,-85.4419,Tri-Lakes,IN
40.202,-84.8091,Union City,IN
40.4756,-85.4944,Upland,IN
41.4731,-87.0611,Valparaiso,IN
40.1131,-87.2625,Veedersburg,IN
40.7978,-85.8205,Wabash,IN
41.5362,-86.0208,Wakarusa,IN
41.4667,-86.4831,Walkerton,IN
40.6609,-86.2419,Walton,IN
41.4306,-86.8984,Wanatah,IN
40.6828,-85.4272,Warren,IN
41.2381,-85.853,Warsaw,IN
41.432,-85.02,Waterloo,IN
40.4259,-86.9081,West Lafayette,IN
40.0428,-86.1275,Westfield,IN
41.5414,-86.9006,Westville,IN
41.6798,-87.4945,Whiting,IN
40.2884,-87.2939,Williamsport,IN
41.0514,-86.6031,Winamac,IN
40.172,-84.9814,Winchester,IN
41.2273,-85.8219,Winona Lake,IN
41.4053,-87.2753,Winfield,IN
40.7581,-87.0417,Wolcott,IN
41.1253,-84.8533,Woodburn,IN
40.1737,-85.4941,Yorktown,IN
42.1048,-70.9453,Abington,MA
42.4851,-71.4328,Acton,MA
41.6807,-70.9078,Acushnet,MA
42.6243,-73.1176,Adams,MA
42.0695,-72.6148,Agawam,MA
42.8584,-70.93,Amesbury,MA
42.3754,-72.5192,Amherst Center,MA
42.6584,-71.137,Andover,MA
42.4154,-71.1564,Arlington,MA
42.6362,-71.9078,Ashburnham,MA
42.6779,-71.8204,Ashby,MA
42.5265,-72.7884,Ashfield,MA
42.2612,-71.4634,Ashland,MA
41.7959,-71.0678,Assonet,MA
42.5959,-72.2267,Athol,MA
41.9445,-71.2856,Attleboro,MA
42.1945,-71.8356,Auburn,MA
42.1307,-71.0412,Avon,MA
42.5612,-71.5898,Ayer,MA
42.6084,-72.0759,Baldwinville,MA
41.7001,-70.2995,Barnstable,MA
42.4229,-72.1051,Barre,MA
42.332,-73.0829,Becket,MA
42.4907,-71.2762,Bedford,MA
42.277,-72.4009,Belchertown,MA
42.0868,-71.4745,Bellingham,MA
42.3959,-71.1787,Belmont,MA
41.8459,-71.0828,Berkley,MA
42.3812,-71.637,Berlin,MA
42.6709,-72.5495,Bernardston,MA
42.5584,-70.88,Beverly,MA
42.5534,-70.8537,Beverly Cove,MA
42.5584,-71.269,Billerica,MA
42.0179,-71.5412,Blackstone,MA
41.6118,-70.9384,Bliss Corner,MA
42.4334,-71.6078,Bolton,MA
42.2126,-72.3454,Bondsville,MA
42.3584,-71.0598,Boston,MA
41.7412,-70.5989,Bourne,MA
42.6612,-70.9967,Boxford,MA
42.3918,-71.7037,Boylston,MA
42.2223,-70.9995,Braintree,MA
41.7601,-70.0828,Brewster,MA
41.9904,-70.975,Bridgewater,MA
42.1229,-72.2009,Brimfield,MA
42.0834,-71.0184,Brockton,MA
42.3318,-71.1212,Brookline,MA
42.5923,-72.7918,Buckland,MA
42.5048,-71.1956,Burlington,MA
41.7454,-70.6181,Buzzards Bay,MA
42.3751,-71.1056,Cambridge,MA
42.1584,-71.1448,Canton,MA
42.5293,-71.3495,Carlisle,MA
41.8834,-70.7625,Carver,MA
41.6487,-70.3481,Centerville,MA
42.6279,-72.8698,Charlemont,MA
42.1356,-71.9701,Charlton,MA
41.6821,-69.9597,Chatham,MA
42.5998,-71.3673,Chelmsford,MA
42.3918,-71.0328,Chelsea,MA
42.3918,-72.8398,Chesterfield,MA
42.1487,-72.6079,Chicopee,MA
42.4168,-71.6829,Clinton,MA
42.3209,-71.3642,Cochituate,MA
42.2418,-70.8037,Cohasset,MA
42.6731,-72.6968,Colrain,MA
42.4604,-71.349,Concord,MA
42.5098,-72.6995,Conway,MA
42.269,-71.5239,Cordaville,MA
41.6168,-70.437,Cotuit,MA
42.4737,-73.1662,Dalton,MA
42.5751,-70.93,Danvers,MA
42.2418,-71.1662,Dedham,MA
41.7354,-70.1939,Dennis,MA
41.6585,-70.1286,Dennis Port,MA
41.814,-71.1203,Dighton,MA
42.0543,-71.7395,Douglas,MA
42.2459,-71.2828,Dover,MA
42.6704,-71.302,Dracut,MA
42.0451,-71.9301,Dudley,MA
42.6751,-71.4828,Dunstable,MA
42.0418,-70.6723,Duxbury,MA
42.0334,-70.9592,East Bridgewater,MA
42.2279,-72.0467,East Brookfield,MA
41.7426,-70.162,East Dennis,MA
42.0723,-71.7134,East Douglas,MA
41.7001,-70.0272,East Harwich,MA
42.0645,-72.5126,East Longmeadow,MA
42.6654,-71.5731,East Pepperell,MA
41.7418,-70.4517,East Sandwich,MA
41.8301,-69.9739,Eastham,MA
42.2668,-72.669,Easthampton,MA
42.0245,-71.1287,Easton,MA
41.389,-70.5134,Edgartown,MA
42.6001,-72.3981,Erving,MA
42.632,-70.7828,Essex,MA
42.4084,-71.0537,Everett,MA
41.6376,-70.9036,Fairhaven,MA
41.7015,-71.1551,Fall River,MA
41.5515,-70.6148,Falmouth,MA
42.1162,-72.1134,Fiskdale,MA
42.5834,-71.8023,Fitchburg,MA
41.6918,-70.4995,Forestdale,MA
42.0654,-71.2478,Foxborough,MA
42.2793,-71.4162,Framingham,MA
42.2973,-71.437,Framingham Center,MA
42.0834,-71.3967,Franklin,MA
41.7668,-71.0328,Freetown,MA
42.5751,-71.9981,Gardner,MA
42.6404,-72.4995,Gill,MA
42.6159,-70.662,Gloucester,MA
42.207,-71.6856,Grafton,MA
42.2565,-72.5162,Granby,MA
42.0668,-72.8615,Granville,MA
42.1959,-73.3621,Great Barrington,MA
42.5876,-72.5995,Greenfield,MA
42.7604,-71.0315,Groveland,MA
42.3418,-72.5884,Hadley,MA
41.9912,-70.862,Halifax,MA
42.2562,-71.7676,Hamilton,MA
42.064,-72.4134,Hampden,MA
42.0751,-70.88,Hanson,MA
42.1132,-70.812,Hanover,MA
42.3501,-72.1995,Hardwick,MA
42.5001,-71.5828,Harvard,MA
41.6862,-70.0759,Harwich,MA
41.6668,-70.0786,Harwich Port,MA
42.3709,-72.5981,Hatfield,MA
42.7762,-71.0773,Haverhill,MA
41.6209,-71.062,Head of Westport,MA
42.2418,-70.8898,Hingham,MA
42.4387,-73.1254,Hinsdale,MA
42.1551,-71.0087,Holbrook,MA
42.3518,-71.8634,Holden,MA
42.064,-72.1573,Holland,MA
42.2001,-71.4245,Holliston,MA
42.2043,-72.6162,Holyoke,MA
42.1307,-71.5412,Hopedale,MA
42.2287,-71.5226,Hopkinton,MA
42.2542,-73.3662,Housatonic,MA
42.4737,-72.0062,Hubbardston,MA
42.3918,-71.5662,Hudson,MA
42.302,-70.9078,Hull,MA
41.6529,-70.2828,Hyannis,MA
42.6793,-70.8412,Ipswich,MA
42.3098,-71.1203,Jamaica Plain,MA
41.9945,-70.7245,Kingston,MA
42.4556,-71.6731,Lancaster,MA
42.5173,-73.2282,Lanesborough,MA
42.707,-71.1631,Lawrence,MA
42.3043,-73.2482,Lee,MA
42.2459,-71.9087,Leicester,MA
42.3565,-73.2848,Lenox,MA
42.5251,-71.7598,Leominster,MA
42.452,-72.5015,Leverett,MA
42.4473,-71.2245,Lexington,MA
42.4259,-71.304,Lincoln,MA
42.5459,-71.4745,Littleton Common,MA
42.0501,-72.5829,Longmeadow,MA
42.6334,-71.3162,Lowell,MA
42.1601,-72.4759,Ludlow,MA
42.5945,-71.7245,Lunenburg,MA
42.4668,-70.9495,Lynn,MA
42.539,-71.0481,Lynnfield,MA
42.4251,-71.0662,Malden,MA
42.0334,-71.2189,Mansfield,MA
42.5001,-70.8578,Marblehead,MA
41.7001,-70.7628,Marion,MA
42.3459,-71.5523,Marlborough,MA
42.0918,-70.7056,Marshfield,MA
42.1459,-70.7398,Marshfield Hills,MA
41.6562,-70.4161,Marstons Mills,MA
41.6484,-70.4811,Mashpee,MA
41.6584,-70.8161,Mattapoisett,MA
42.4334,-71.4495,Maynard,MA
42.1876,-71.3064,Medfield,MA
42.4184,-71.1062,Medford,MA
42.1418,-71.3967,Medway,MA
42.4584,-71.0662,Melrose,MA
42.1056,-71.5523,Mendon,MA
42.8306,-71.0023,Merrimac,MA
42.7262,-71.1909,Methuen,MA
42.5951,-71.0162,Middleton,MA
42.1398,-71.5162,Milford,MA
42.194,-71.7601,Millbury,MA
42.582,-72.4926,Millers Falls,MA
42.1676,-71.3578,Millis,MA
42.0279,-71.5809,Millville,MA
42.2495,-71.0662,Milton,MA
42.1043,-72.319,Monson,MA
41.7195,-70.612,Monument Beach,MA
42.5356,-72.5351,Montague,MA
42.4265,-70.9189,Nahant,MA
41.2835,-70.0995,Nantucket,MA
42.2834,-71.3495,Natick,MA
42.2834,-71.2328,Needham,MA
41.6362,-70.9342,New Bedford,MA
42.1229,-73.2287,New Marlborough,MA
42.8126,-70.8773,Newburyport,MA
42.337,-71.2092,Newton,MA
42.1195,-71.3251,Norfolk,MA
42.7009,-73.1087,North Adams,MA
42.4104,-72.5309,North Amherst,MA
42.2668,-72.0828,North Brookfield,MA
42.1834,-72.5995,North Chicopee,MA
41.8651,-69.9911,North Eastham,MA
41.6459,-70.6184,North Falmouth,MA
41.8576,-70.9423,North Lakeville,MA
42.0932,-70.7925,North Pembroke,MA
41.9709,-70.6828,North Plymouth,MA
42.5751,-71.0787,North Reading,MA
42.219,-70.7856,North Scituate,MA
41.8893,-71.33,North Seekonk,MA
41.6604,-71.0884,North Westport,MA
42.3251,-72.6412,Northampton,MA
42.3195,-71.6412,Northborough,MA
42.1515,-71.6495,Northbridge,MA
42.6959,-72.4529,Northfield,MA
41.9668,-71.187,Norton,MA
42.1618,-70.7939,Norwell,MA
42.1945,-71.1995,Norwood,MA
41.4543,-70.562,Oak Bluffs,MA
42.3529,-72.0453,Oakham,MA
41.7293,-71.2092,Ocean Grove,MA
41.7418,-70.6578,Onset,MA
42.5904,-72.3098,Orange,MA
41.7898,-69.9897,Orleans,MA
41.6284,-70.387,Osterville,MA
42.1932,-73.0918,Otis,MA
42.1168,-71.8648,Oxford,MA
42.1584,-72.3287,Palmer,MA
42.3112,-71.9281,Paxton,MA
42.5279,-70.9287,Peabody,MA
42.3931,-72.4037,Pelham,MA
42.6659,-71.5884,Pepperell,MA
42.5487,-72.1329,Phillipston,MA
42.5293,-71.2281,Pinehurst,MA
42.4501,-73.2454,Pittsfield,MA
42.0043,-71.3328,Plainville,MA
41.9584,-70.6673,Plymouth,MA
41.9529,-70.8145,Plympton,MA
41.6862,-70.6161,Pocasset,MA
42.4487,-71.8773,Princeton,MA
42.0584,-70.1786,Provincetown,MA
42.2529,-71.0023,Quincy,MA
42.1626,-71.0412,Randolph,MA
41.9487,-71.0731,Raynham,MA
41.9237,-71.0523,Raynham Center,MA
42.5256,-71.0953,Reading,MA
41.8404,-71.2495,Rehoboth,MA
42.3731,-73.3676,Richmond,MA
41.7318,-70.82,Rochester,MA
42.1307,-70.9162,Rockland,MA
42.6557,-70.6203,Rockport,MA
42.7168,-70.8787,Rowley,MA
42.6776,-72.1879,Royalston,MA
42.3695,-71.9481,Rutland,MA
41.7701,-70.5284,Sagamore,MA
42.5195,-70.8967,Salem,MA
42.8418,-70.8606,Salisbury,MA
41.759,-70.4939,Sandwich,MA
42.4648,-71.0101,Saugus,MA
42.1959,-70.7259,Scituate,MA
41.8084,-71.337,Seekonk,MA
42.1237,-71.1787,Sharon,MA
42.5898,-72.6884,Shelburne,MA
42.6043,-72.7393,Shelburne Falls,MA
42.239,-71.3698,Sherborn,MA
42.5437,-71.6495,Shirley,MA
42.2959,-71.7129,Shrewsbury,MA
42.4565,-72.4098,Shutesbury,MA
41.639,-70.9912,Smith Mills,MA
41.7696,-71.1287,Somerset,MA
42.3876,-71.0995,Somerville,MA
42.3404,-72.5051,South Amherst,MA
42.6104,-71.939,South Ashburnham,MA
42.3334,-71.0495,South Boston,MA
42.4773,-72.6079,South Deerfield,MA
41.6896,-70.1564,South Dennis,MA
42.2584,-72.5745,South Hadley,MA
42.4445,-71.687,South Lancaster,MA
42.5098,-70.9495,South Peabody,MA
41.6668,-70.1847,South Yarmouth,MA
42.2293,-72.7301,Southampton,MA
42.3056,-71.5245,Southborough,MA
42.0751,-72.0334,Southbridge,MA
42.0548,-72.7704,Southwick,MA
42.244,-71.9923,Spencer,MA
42.1015,-72.5898,Springfield,MA
42.4376,-71.7606,Sterling,MA
42.2876,-73.3204,Stockbridge,MA
42.4801,-71.0995,Stoneham,MA
42.1251,-71.1023,Stoughton,MA
42.437,-71.5056,Stow,MA
42.1084,-72.0787,Sturbridge,MA
42.3834,-71.4162,Sudbury,MA
42.2445,-71.7717,Sunderland,MA
42.1501,-71.7629,Sutton,MA
42.4709,-70.9176,Swampscott,MA
41.7482,-71.1898,Swansea,MA
41.9001,-71.0898,Taunton,MA
41.5645,-70.5959,Teaticket,MA
42.5556,-72.0676,Templeton,MA
42.6106,-71.2342,Tewksbury,MA
42.6376,-70.9495,Topsfield,MA
42.6668,-71.7051,Townsend,MA
41.9934,-70.0498,Truro,MA
42.6043,-72.5565,Turners Falls,MA
42.6768,-71.4245,Tyngsboro,MA
42.1745,-71.6023,Upton,MA
42.0773,-71.6295,Uxbridge,MA
41.4543,-70.6036,Vineyard Haven,MA
42.5065,-71.0728,Wakefield,MA
42.0695,-72.2223,Wales,MA
42.1418,-71.2495,Walpole,MA
42.3765,-71.2356,Waltham,MA
42.2598,-72.2398,Ware,MA
41.7668,-70.7262,Wareham Center,MA
42.2126,-72.1912,Warren,MA
42.3709,-71.1828,Watertown,MA
42.3626,-71.3615,Wayland,MA
42.0501,-71.8801,Webster,MA
42.2965,-71.2926,Wellesley,MA
41.9376,-70.0328,Wellfleet,MA
42.5481,-72.3967,Wendell,MA
42.6043,-70.8912,Wenham,MA
42.3668,-71.7856,West Boylston,MA
42.019,-71.0078,West Bridgewater,MA
41.6812,-69.9911,West Chatham,MA
42.4584,-71.3953,West Concord,MA
42.2354,-72.1412,West Brookfield,MA
41.6646,-70.1728,West Dennis,MA
41.6043,-70.6345,West Falmouth,MA
42.8015,-70.9898,West Newbury,MA
42.107,-72.6204,West Springfield,MA
42.3459,-73.3662,West Stockbridge,MA
41.3812,-70.6745,West Tisbury,MA
41.7898,-70.7603,West Wareham,MA
41.6501,-70.2411,West Yarmouth,MA
42.2695,-71.6162,Westborough,MA
42.1251,-72.7495,Westfield,MA
42.5793,-71.4378,Westford,MA
42.3029,-72.7745,Westhampton,MA
42.5459,-71.9106,Westminster,MA
42.3668,-71.3031,Weston,MA
42.214,-71.2245,Westwood,MA
41.7354,-70.732,Weweantic,MA
42.2209,-70.9398,Weymouth,MA
42.4398,-72.6348,Whately,MA
41.8001,-70.6347,White Island Shores,MA
42.1112,-71.6662,Whitinsville,MA
42.0807,-70.9356,Whitman,MA
42.1237,-72.4315,Wilbraham,MA
42.3931,-72.7301,Williamsburg,MA
42.712,-73.2037,Williamstown,MA
42.5465,-71.1737,Wilmington,MA
42.6862,-72.044,Winchendon,MA
42.4523,-71.137,Winchester,MA
42.3751,-70.9828,Winthrop,MA
42.4793,-71.1523,Woburn,MA
42.2626,-71.8023,Worcester,MA
42.0668,-71.3281,Wrentham,MA
41.7057,-70.2286,Yarmouth,MA
41.702,-70.2495,Yarmouth Port,MA
43.5343,-70.9098,Acton,ME
44.6184,-67.7442,Addison,ME
44.5323,-69.4425,Albion,ME
44.2892,-69.2509,Appleton,ME
43.3826,-70.4778,Arundel,ME
44.0979,-70.2312,Auburn,ME
44.3106,-69.7795,Augusta,ME
44.8012,-68.7778,Bangor,ME
44.3876,-68.2039,Bar Harbor,ME
43.9106,-69.8206,Bath,ME
44.4259,-69.0064,Belfast,ME
44.4473,-69.8325,Belgrade,ME
44.5862,-69.5509,Benton,ME
44.4042,-70.7906,Bethel,ME
43.4926,-70.4534,Biddeford,ME
43.8765,-69.6337,Boothbay,ME
43.8523,-69.6281,Boothbay Harbor,ME
45.0667,-68.9378,Bradford,ME
44.9209,-68.6281,Bradley,ME
44.7967,-68.7614,Brewer,ME
44.0548,-70.7128,Bridgton,ME
43.9576,-69.5092,Bristol,ME
44.5504,-69.1209,Brooks,ME
43.9381,-70.9087,Brownfield,ME
45.307,-69.0334,Brownville,ME
43.9145,-69.9653,Brunswick,ME
44.2895,-70.3653,Buckfield,ME
44.5737,-68.7956,Bucksport,ME
44.6928,-69.4275,Burnham,ME
43.6379,-70.5189,Buxton,ME
45.189,-67.2786,Calais,ME
44.2098,-69.0648,Camden,ME
44.7617,-69.5614,Canaan,ME
44.4408,-70.3165,Canton,ME
43.1937,-70.6209,Cape Neddick,ME
46.8606,-68.012,Caribou,ME
44.3879,-68.7998,Castine,ME
45.0851,-69.0406,Charleston,ME
44.2503,-69.7173,Chelsea,ME
44.6073,-67.9258,Cherryfield,ME
44.5512,-70.0862,Chesterville,ME
44.4787,-69.5173,China,ME
44.4815,-70.1995,Chisholm,ME
44.6378,-69.5031,Clinton,ME
44.9212,-69.2617,Corinna,ME
43.8048,-70.8012,Cornish,ME
44.8367,-69.6731,Cornville,ME
43.7965,-70.2589,Cumberland Center,ME
44.0192,-69.2398,Cushing,ME
44.0329,-69.5187,Damariscotta,ME
44.6917,-68.662,Dedham,ME
44.224,-68.6775,Deer Isle,ME
43.9704,-70.8034,Denmark,ME
45.0239,-69.2898,Dexter,ME
44.5339,-70.4559,Dixfield,ME
44.6803,-69.1628,Dixmont,ME
45.1834,-69.227,Dover-Foxcroft,ME
44.7392,-67.39,East Machias,ME
45.6275,-68.5745,East Millinocket,ME
46.6412,-67.9095,Easton,ME
44.9062,-66.99,Eastport,ME
44.8262,-68.6934,Eddington,ME
43.9584,-69.6306,Edgecomb,ME
43.1531,-70.8001,Eliot,ME
44.5434,-68.4195,Ellsworth,ME
45.2489,-68.5684,Enfield,ME
44.8209,-69.1111,Etna,ME
44.5884,-69.5987,Fairfield,ME
43.7295,-70.242,Falmouth,ME
43.7348,-70.2078,Falmouth Foreside,ME
44.2445,-69.7714,Farmingdale,ME
44.6706,-70.1512,Farmington,ME
44.409,-70.0337,Fayette,ME
46.7723,-67.8339,Fort Fairfield,ME
47.2587,-68.5895,Fort Kent,ME
44.6098,-68.8767,Frankfort,ME
44.587,-68.2322,Franklin,ME
43.857,-70.1031,Freeport,ME
43.9837,-69.3339,Friendship,ME
44.0165,-70.9806,Fryeburg,ME
44.2301,-69.7753,Gardiner,ME
45.0384,-69.1603,Garland,ME
43.6795,-70.4442,Gorham,ME
44.4784,-68.0383,Gouldsboro,ME
45.0803,-68.6509,Greenbush,ME
44.1898,-70.1403,Greene,ME
45.4595,-69.5906,Greenville,ME
44.2859,-69.7909,Hallowell,ME
44.7445,-68.837,Hampden,ME
44.5292,-68.2536,Hancock,ME
43.8017,-69.9842,Harpswell Center,ME
44.1103,-70.6792,Harrison,ME
44.3728,-70.3467,Hartford,ME
44.1981,-70.4065,Hebron,ME
44.8101,-68.9134,Hermon,ME
43.8787,-70.8034,Hiram,ME
46.0539,-67.8667,Hodgdon,ME
44.7529,-68.6789,Holden,ME
43.6051,-70.5931,Hollis Center,ME
46.1262,-67.8403,Houlton,ME
45.2387,-68.6636,Howland,ME
45.0012,-68.8806,Hudson,ME
44.504,-70.2162,Jay,ME
44.2067,-69.4525,Jefferson,ME
44.5329,-67.5983,Jonesport,ME
44.9195,-68.9317,Kenduskeag,ME
43.384,-70.5448,Kennebunk,ME
43.3618,-70.4767,Kennebunkport,ME
44.9592,-70.1539,Kingfield,ME
43.0834,-70.7078,Kittery Point,ME
43.0881,-70.7362,Kittery,ME
43.6637,-70.7348,Lake Arrowhead,ME
43.3945,-70.8509,Lebanon,ME
44.3034,-70.1195,Leeds,ME
44.8692,-68.9348,Levant,ME
44.1003,-70.2148,Lewiston,ME
43.6884,-70.7937,Limerick,ME
46.9087,-67.8259,Limestone,ME
43.7317,-70.7109,Limington,ME
45.3623,-68.505,Lincoln,ME
44.2812,-69.0087,Lincolnville,ME
44.0315,-70.1045,Lisbon,ME
43.9962,-70.0606,Lisbon Falls,ME
44.384,-70.2492,Livermore,ME
44.4753,-70.1881,Livermore Falls,ME
44.1267,-70.8917,Lovell,ME
44.7151,-67.4614,Machias,ME
44.6987,-67.3947,Machiasport,ME
47.3553,-68.3217,Madawaska,ME
46.8842,-67.9472,Madawaska,ME
44.7976,-69.8798,Madison,ME
44.3245,-69.8603,Manchester,ME
44.1117,-70.3917,Mechanic Falls,ME
45.6089,-68.5309,Medway,ME
44.5609,-70.5453,Mexico,ME
44.5354,-67.8808,Milbridge,ME
44.9462,-68.6439,Milford,ME
45.6573,-68.7098,Millinocket,ME
45.2537,-68.9859,Milo,ME
44.0856,-70.3201,Minot,ME
44.2387,-70.0356,Monmouth,ME
44.5012,-69.9876,Mount Vernon,ME
43.9629,-70.2826,New Gloucester,ME
44.639,-70.0156,New Sharon,ME
44.8353,-69.2739,Newport,ME
43.6481,-70.847,Newfield,ME
44.0795,-69.4851,Nobleboro,ME
44.7131,-69.7906,Norridgewock,ME
43.9348,-69.8159,North Bath,ME
43.3037,-70.7334,North Berwick,ME
43.8342,-70.4384,North Windham,ME
44.3379,-68.9614,Northport,ME
44.214,-70.5448,Norway,ME
44.5403,-69.722,Oakland,ME
43.249,-70.5992,Ogunquit,ME
43.5173,-70.3775,Old Orchard Beach,ME
44.9342,-68.6453,Old Town,ME
44.5703,-68.7359,Orland,ME
44.8831,-68.672,Orono,ME
44.7312,-68.8264,Orrington,ME
44.0823,-69.0573,Owls Head,ME
44.1317,-70.4931,Oxford,ME
44.4079,-69.4739,Palermo,ME
44.8464,-69.3587,Palmyra,ME
44.2598,-70.5006,Paris,ME
43.727,-70.9287,Parsonsfield,ME
45.9964,-68.4461,Patten,ME
44.4645,-68.7111,Penobscot,ME
44.5067,-70.4053,Peru,ME
43.8206,-69.8148,Phippsburg,ME
44.7826,-69.3834,Pittsfield,ME
44.2217,-69.7556,Pittston,ME
44.7673,-69.2103,Plymouth,ME
44.0606,-70.3937,Poland,ME
43.7959,-70.9326,Porter,ME
43.6615,-70.2553,Portland,ME
46.6812,-68.0159,Presque Isle,ME
44.2304,-69.7667,Randolph,ME
43.9015,-70.4703,Raymond,ME
44.3879,-69.9667,Readfield,ME
44.0873,-69.7989,Richmond,ME
44.1845,-69.0761,Rockport,ME
44.5851,-69.8692,Rome,ME
44.5537,-70.5509,Rumford,ME
44.1198,-70.1076,Sabattus,ME
43.5009,-70.4428,Saco,ME
44.9101,-69.41,Saint Albans,ME
44.0165,-69.1989,Saint George,ME
43.4393,-70.7742,Sanford (historical),ME
45.1648,-69.3564,Sangerville,ME
43.5781,-70.3217,Scarborough,ME
44.3617,-69.195,Searsmont,ME
44.3037,-68.6161,Sedgwick,ME
43.5406,-70.8481,Shapleigh,ME
44.4131,-69.7289,Sidney,ME
44.7651,-69.7192,Skowhegan,ME
43.2345,-70.8095,South Berwick,ME
43.1081,-70.7776,South Eliot,ME
44.2237,-70.5134,South Paris,ME
43.6415,-70.2409,South Portland,ME
43.639,-70.3153,South Portland Gardens,ME
43.4112,-70.7426,South Sanford,ME
44.0515,-69.1278,South Thomaston,ME
43.7362,-70.4237,South Windham,ME
43.4667,-70.7937,Springvale,ME
43.794,-70.6526,Steep Falls,ME
44.8917,-69.1428,Stetson,ME
44.511,-67.9666,Steuben,ME
44.4895,-68.857,Stockton Springs,ME
44.1562,-68.6667,Stonington,ME
44.8076,-70.2209,Strong,ME
44.5204,-68.1967,Sullivan,ME
44.4959,-68.5017,Surry,ME
44.5212,-68.9978,Swanville,ME
44.079,-69.1817,Thomaston,ME
43.9276,-69.9759,Topsham,ME
44.2537,-68.3514,Tremont,ME
44.439,-68.37,Trenton,ME
44.6648,-69.2409,Troy,ME
44.2565,-70.2562,Turner,ME
47.1573,-67.9353,Van Buren,ME
44.4592,-69.6775,Vassalboro,ME
44.8387,-68.7053,Veazie,ME
44.0481,-68.8317,Vinalhaven,ME
44.0954,-69.3756,Waldoboro,ME
44.1204,-69.24,Warren,ME
44.2737,-69.3673,Washington,ME
43.5356,-70.7151,Waterboro,ME
44.552,-69.6317,Waterville,ME
44.3487,-70.0662,Wayne,ME
43.324,-70.5914,Wells Beach Station,ME
44.3242,-70.5739,West Paris,ME
43.5704,-70.3878,West Scarborough,ME
43.677,-70.3712,Westbrook,ME
44.1701,-69.6253,Whitefield,ME
44.5928,-70.2281,Wilton,ME
44.3106,-69.5806,Windsor,ME
44.547,-69.6212,Winslow,ME
44.6379,-68.845,Winterport,ME
44.3051,-69.977,Winthrop,ME
44.0029,-69.6656,Wiscasset,ME
43.9187,-69.8012,Woolwich,ME
43.8006,-70.1867,Yarmouth,ME
43.1715,-70.6089,York Beach,ME
43.1368,-70.6456,York Harbor,ME
41.8976,-84.0372,Adrian,MI
42.2431,-84.753,Albion,MI
42.6186,-82.5323,Algonac,MI
42.5292,-85.8553,Allegan,MI
42.2575,-83.211,Allen Park,MI
42.9723,-85.9536,Allendale,MI
43.3789,-84.6597,Alma,MI
42.9206,-83.0449,Almont,MI
45.0617,-83.4327,Alpena,MI
42.2776,-83.7409,Ann Arbor,MI
42.7914,-83.8463,Argentine,MI
42.8442,-82.8844,Armada,MI
42.0887,-85.2347,Athens,MI
45.0047,-84.1439,Atlanta,MI
44.4109,-83.3322,Au Sable,MI
43.6034,-84.0697,Auburn,MI
42.6875,-83.2341,Auburn Hills,MI
43.802,-83.0008,Bad Axe,MI
43.9011,-85.8517,Baldwin,MI
42.3125,-86.1131,Bangor,MI
46.7785,-88.489,Baraga,MI
42.8186,-84.4486,Bath,MI
42.3173,-85.1782,Battle Creek,MI
43.5945,-83.8889,Bay City,MI
43.8822,-84.4847,Beaverton,MI
43.09,-83.6944,Beecher,MI
42.797,-86.1259,Beechwood,MI
43.0978,-85.2289,Belding,MI
44.9803,-85.2112,Bellaire,MI
42.2048,-83.4852,Belleville,MI
42.4434,-85.0181,Bellevue,MI
42.1167,-86.4542,Benton Harbor,MI
42.1311,-86.4072,Benton Heights,MI
42.5031,-83.1835,Berkley,MI
41.9464,-86.3389,Berrien Springs,MI
46.4813,-90.0529,Bessemer,MI
44.6319,-86.0909,Beulah,MI
42.5239,-83.2233,Beverly Hills,MI
43.6981,-85.4837,Big Rapids,MI
42.5159,-83.2733,Bingham Farms,MI
43.2509,-83.7941,Birch Run,MI
42.5467,-83.2113,Birmingham,MI
41.8325,-83.8624,Blissfield,MI
42.5836,-83.2455,Bloomfield Hills,MI
45.2167,-85.0139,Boyne City,MI
43.4081,-84.475,Breckenridge,MI
43.3595,-83.8816,Bridgeport,MI
41.9431,-86.557,Bridgman,MI
42.5295,-83.7802,Brighton,MI
41.8723,-85.1947,Bronson,MI
42.1059,-84.2483,Brooklyn,MI
43.2122,-82.9897,Brown City,MI
42.3189,-85.1425,Brownlee Park,MI
41.8273,-86.3611,Buchanan,MI
43.4203,-83.8986,Buena Vista,MI
43.2367,-83.9064,Burt,MI
42.9995,-83.6163,Burton,MI
42.8122,-85.7228,Byron Center,MI
44.252,-85.4012,Cadillac,MI
42.7892,-85.5167,Caledonia,MI
43.5792,-85.3017,Canadian Lakes,MI
42.3087,-83.4822,Canton,MI
43.0125,-82.928,Capac,MI
42.0592,-83.3908,Carleton,MI
43.4907,-83.3988,Caro,MI
43.4586,-83.9303,Carrollton,MI
43.177,-84.8464,Carson City,MI
43.6009,-83.1747,Cass City,MI
41.9117,-86.01,Cassopolis,MI
43.2234,-85.5514,Cedar Springs,MI
42.485,-83.0277,Center Line,MI
41.9234,-85.5283,Centreville,MI
45.3181,-85.2584,Charlevoix,MI
42.5637,-84.8358,Charlotte,MI
45.647,-84.4745,Cheboygan,MI
42.3181,-84.0205,Chelsea,MI
43.1848,-84.115,Chesaning,MI
43.8195,-84.7686,Clare,MI
42.7359,-83.4188,Clarkston,MI
42.5334,-83.1463,Clawson,MI
42.072,-83.9716,Clinton,MI
42.587,-82.9199,Clinton,MI
43.1775,-83.7341,Clio,MI
41.9403,-85.0005,Coldwater,MI
43.7567,-84.5858,Coleman,MI
42.1861,-86.3084,Coloma,MI
41.9584,-85.325,Colon,MI
43.0386,-85.67,Comstock Park,MI
42.1778,-84.643,Concord,MI
41.8412,-85.6686,Constantine,MI
43.0639,-85.9348,Coopersville,MI
42.982,-84.1178,Corunna,MI
43.2756,-82.621,Croswell,MI
46.098,-88.334,Crystal Falls,MI
42.8409,-85.6636,Cutlerville,MI
43.0348,-83.518,Davison,MI
42.8423,-84.5691,DeWitt,MI
42.3223,-83.1763,Dearborn,MI
42.337,-83.2733,Dearborn Heights,MI
42.1081,-85.9745,Decatur,MI
42.3314,-83.0457,Detroit,MI
41.9312,-83.3269,Detroit Beach,MI
42.3384,-83.8886,Dexter,MI
42.6456,-84.6489,Dimondale,MI
47.1197,-88.5115,Dollar Bay,MI
42.6434,-86.2006,Douglas,MI
41.9842,-86.1086,Dowagiac,MI
41.9573,-83.6597,Dundee,MI
42.912,-83.9847,Durand,MI
47.4138,-88.2957,Eagle River,MI
42.9411,-85.61,East Grand Rapids,MI
45.1581,-85.1242,East Jordan,MI
42.737,-84.4839,East Lansing,MI
44.2795,-83.4903,East Tawas,MI
42.4684,-82.9555,Eastpointe,MI
42.3031,-85.5503,Eastwood,MI
42.5092,-84.6558,Eaton Rapids,MI
42.2445,-83.1458,Ecorse,MI
42.7467,-84.5936,Edgemont Park,MI
43.4081,-85.0386,Edmore,MI
41.7956,-86.0808,Edwardsburg,MI
44.8956,-85.4165,Elk Rapids,MI
45.7452,-87.0646,Escanaba,MI
43.6153,-83.8419,Essexville,MI
43.9006,-85.2581,Evart,MI
42.087,-86.4559,Fair Plain,MI
42.4645,-83.3763,Farmington,MI
42.4853,-83.3772,Farmington Hills,MI
42.5939,-86.1017,Fennville,MI
42.7978,-83.7049,Fenton,MI
42.4606,-83.1346,Ferndale,MI
43.0845,-86.2203,Ferrysburg,MI
42.0964,-83.2919,Flat Rock,MI
43.0125,-83.6875,Flint,MI
43.0631,-83.8511,Flushing,MI
42.9595,-85.4898,Forest Hills,MI
43.0017,-84.7397,Fowler,MI
42.6606,-84.073,Fowlerville,MI
43.3317,-83.738,Frankenmuth,MI
44.6336,-86.2345,Frankfort,MI
42.5223,-83.306,Franklin,MI
42.5392,-82.9494,Fraser,MI
43.525,-84.1228,Freeland,MI
43.4675,-85.942,Fremont,MI
43.132,-86.1548,Fruitport,MI
42.2886,-85.4181,Galesburg,MI
42.3256,-83.331,Garden City,MI
45.0275,-84.6748,Gaylord,MI
42.095,-83.1897,Gibraltar,MI
45.8527,-87.0218,Gladstone,MI
43.9808,-84.4864,Gladwin,MI
42.917,-83.5063,Goodrich,MI
42.9275,-83.6299,Grand Blanc,MI
43.0631,-86.2284,Grand Haven,MI
42.7534,-84.7464,Grand Ledge,MI
42.9634,-85.6681,Grand Rapids,MI
42.9098,-85.7631,Grandville,MI
42.2509,-84.213,Grass Lake,MI
44.6614,-84.7147,Grayling,MI
43.1775,-85.2528,Greenville,MI
44.7831,-85.6387,Greilickville,MI
42.1292,-83.1444,Grosse Ile,MI
42.3862,-82.9119,Grosse Pointe,MI
42.4092,-82.8919,Grosse Pointe Farms,MI
42.3759,-82.9374,Grosse Pointe Park,MI
42.4367,-82.8769,Grosse Pointe Shores,MI
42.4436,-82.9069,Grosse Pointe Woods,MI
46.2811,-87.441,Gwinn,MI
42.3928,-83.0496,Hamtramck,MI
47.1269,-88.581,Hancock,MI
43.8447,-82.6513,Harbor Beach,MI
45.4317,-84.992,Harbor Springs,MI
42.4331,-82.9241,Harper Woods,MI
44.0192,-84.7995,Harrison,MI
44.6564,-83.2947,Harrisville,MI
43.6983,-86.364,Hart,MI
42.2067,-86.1667,Hartford,MI
46.4947,-87.3543,Harvey,MI
42.747,-84.4011,Haslett,MI
42.6459,-85.2908,Hastings,MI
42.4625,-83.1041,Hazel Park,MI
43.4147,-84.2305,Hemlock,MI
42.4056,-83.0969,Highland Park,MI
41.9201,-84.6305,Hillsdale,MI
42.7875,-86.1089,Holland,MI
42.792,-83.6277,Holly,MI
42.6406,-84.5152,Holt,MI
42.1459,-84.8089,Homer,MI
47.1219,-88.569,Houghton,MI
44.3147,-84.7648,Houghton Lake,MI
43.3956,-85.4678,Howard City,MI
42.6073,-83.9294,Howell,MI
44.7597,-83.5444,Hubbard Lake,MI
41.855,-84.3538,Hudson,MI
42.8709,-85.865,Hudsonville,MI
42.4806,-83.1669,Huntington Woods,MI
43.0247,-83.0777,Imlay City,MI
45.4125,-84.6125,Indian River,MI
42.9873,-85.0711,Ionia,MI
45.8202,-88.066,Iron Mountain,MI
46.0927,-88.6423,Iron River,MI
46.4547,-90.171,Ironwood,MI
46.4885,-87.6676,Ishpeming,MI
43.2917,-84.6075,Ithaca,MI
42.2459,-84.4013,Jackson,MI
42.9072,-85.792,Jenison,MI
41.9842,-84.6619,Jonesville,MI
42.2917,-85.5872,Kalamazoo,MI
44.7342,-85.1759,Kalkaska,MI
42.6081,-83.3438,Keego Harbor,MI
43.22,-85.7511,Kent City,MI
42.8695,-85.6448,Kentwood,MI
43.7561,-83.3569,Kilmanagh,MI
45.795,-88.0721,Kingsford,MI
44.5847,-85.5359,Kingsley,MI
46.7566,-88.4529,L'Anse,MI
42.8903,-84.3514,Laingsburg,MI
44.3353,-85.2151,Lake City,MI
42.8461,-83.7077,Lake Fenton,MI
47.1941,-88.4073,Lake Linden,MI
42.2209,-86.3695,Lake Michigan Beach,MI
42.7848,-85.1383,Lake Odessa,MI
42.7845,-83.2397,Lake Orion,MI
42.2984,-85.2111,Lakeview,MI
43.4464,-85.2742,Lakeview,MI
43.3711,-86.2603,Lakewood Club,MI
41.7659,-83.628,Lambertville,MI
42.7325,-84.5555,Lansing,MI
43.0514,-83.3188,Lapeer,MI
42.4964,-83.2227,Lathrup Village,MI
47.2374,-88.4432,Laurium,MI
42.1673,-85.847,Lawton,MI
45.023,-85.7598,Leland,MI
42.4514,-84.4325,Leslie,MI
44.8839,-84.3056,Lewiston,MI
43.2681,-82.5308,Lexington,MI
42.2506,-83.1785,Lincoln Park,MI
42.8145,-83.7824,Linden,MI
42.0439,-84.7575,Litchfield,MI
42.3684,-83.3527,Livonia,MI
42.9336,-85.342,Lowell,MI
43.9553,-86.4526,Ludington,MI
41.807,-83.4424,Luna Pier,MI
42.4859,-83.1052,Madison Heights,MI
42.1503,-84.0377,Manchester,MI
44.2445,-86.3243,Manistee,MI
44.9022,-85.0609,Mancelona,MI
45.9577,-86.2463,Manistique,MI
44.4108,-85.3989,Manton,MI
42.0259,-85.8156,Marcellus,MI
42.7195,-82.4921,Marine City,MI
43.327,-83.0802,Marlette,MI
46.5435,-87.3954,Marquette,MI
42.2723,-84.9633,Marshall,MI
42.9125,-82.4869,Marysville,MI
42.5792,-84.4436,Mason,MI
42.2095,-85.7845,Mattawan,MI
42.2825,-83.1752,Melvindale,MI
42.8964,-82.7688,Memphis,MI
45.1078,-87.6143,Menominee,MI
42.2331,-84.3272,Michigan Center,MI
42.7131,-85.462,Middleville,MI
43.6156,-84.2472,Midland,MI
42.0853,-83.6824,Milan,MI
42.5936,-83.5994,Milford,MI
43.2814,-83.5297,Millington,MI
44.6522,-84.1297,Mio,MI
41.9164,-83.3977,Monroe,MI
43.4167,-86.357,Montague,MI
43.1767,-83.8927,Montrose,MI
41.7195,-84.218,Morenci,MI
42.5973,-82.878,Mount Clemens,MI
43.1186,-83.695,Mount Morris,MI
43.5978,-84.7675,Mount Pleasant,MI
46.4112,-86.6493,Munising,MI
43.2342,-86.2484,Muskegon,MI
43.2011,-86.239,Muskegon Heights,MI
42.1606,-84.2461,Napoleon,MI
42.6028,-85.0931,Nashville,MI
46.4991,-87.6118,Negaunee,MI
42.6811,-82.7369,New Baltimore,MI
41.7939,-86.7439,New Buffalo,MI
42.7295,-82.8013,New Haven,MI
43.0936,-84.1533,New Haven,MI
43.4197,-85.8,Newaygo,MI
46.355,-85.5096,Newberry,MI
41.8298,-86.2542,Niles,MI
43.2295,-83.1966,North Branch,MI
43.2561,-86.2676,North Muskegon,MI
43.0456,-85.6006,Northview,MI
42.4312,-83.4833,Northville,MI
43.1689,-86.2639,Norton Shores,MI
45.7869,-87.9037,Norway,MI
42.4806,-83.4755,Novi,MI
42.4595,-83.1827,Oak Park,MI
42.7223,-84.4275,Okemos,MI
42.4414,-84.9241,Olivet,MI
46.871,-89.314,Ontonagon,MI
42.5831,-83.3594,Orchard Lake,MI
42.8522,-83.443,Ortonville,MI
42.4606,-85.6964,Otsego,MI
43.0059,-84.3716,Ovid,MI
42.9978,-84.1766,Owosso,MI
42.8248,-83.2647,Oxford,MI
42.3281,-85.5697,Parchment,MI
42.2178,-85.8911,Paw Paw,MI
42.2123,-86.272,Paw Paw Lake,MI
42.6267,-82.5977,Pearl Beach,MI
42.8264,-84.2194,Perry,MI
41.9012,-83.7149,Petersburg,MI
45.3733,-84.9553,Petoskey,MI
43.83,-83.27,Pigeon,MI
42.457,-83.9479,Pinckney,MI
43.8536,-83.965,Pinconning,MI
42.44,-85.6489,Plainwell,MI
42.4712,-83.1422,Pleasant Ridge,MI
42.3714,-83.4702,Plymouth,MI
42.6389,-83.291,Pontiac,MI
42.9709,-82.4249,Port Huron,MI
42.2011,-85.58,Portage,MI
42.8692,-84.903,Portland,MI
42.6292,-84.7389,Potterville,MI
44.2983,-84.652,Prudenville,MI
41.9442,-84.8838,Quincy,MI
45.8064,-87.9885,Quinnesec,MI
44.8344,-85.2826,Rapid City,MI
43.1895,-85.937,Ravenna,MI
41.8395,-84.748,Reading,MI
42.3834,-83.2966,Redford,MI
43.875,-85.5101,Reed City,MI
43.4506,-83.6963,Reese,MI
42.8092,-82.7558,Richmond,MI
42.2734,-83.1344,River Rouge,MI
42.1742,-83.1794,Riverview,MI
42.6806,-83.1338,Rochester,MI
42.6584,-83.1499,Rochester Hills,MI
43.12,-85.56,Rockford,MI
42.0709,-83.2466,Rockwood,MI
45.4214,-83.8183,Rogers City,MI
42.8028,-83.013,Romeo,MI
42.2223,-83.3966,Romulus,MI
43.1964,-86.2723,Roosevelt Park,MI
44.4984,-84.592,Roscommon,MI
42.4973,-82.9371,Roseville,MI
42.4895,-83.1446,Royal Oak,MI
43.4195,-83.9508,Saginaw,MI
43.297,-84.1405,Saint Charles,MI
44.3636,-84.4103,Saint Helen,MI
45.8661,-84.7275,Saint Ignace,MI
43.0011,-84.5592,Saint Johns,MI
42.1098,-86.48,Saint Joseph,MI
43.4084,-84.6067,Saint Louis,MI
42.1667,-83.7816,Saline,MI
44.3192,-83.6847,Sand Lake,MI
43.4203,-82.8297,Sandusky,MI
42.9295,-85.2131,Saranac,MI
46.4953,-84.3453,Sault Ste. Marie,MI
42.1142,-85.6378,Schoolcraft,MI
43.9547,-86.2801,Scottville,MI
43.7322,-83.4511,Sebewaing,MI
42.6709,-83.033,Shelby,MI
43.6086,-86.364,Shelby,MI
43.5245,-84.6947,Shepherd,MI
43.4153,-84.0564,Shields,MI
44.1833,-84.0353,Skidway Lake,MI
42.3875,-85.3967,South Gull Lake,MI
42.4031,-86.2736,South Haven,MI
42.4606,-83.6516,South Lyon,MI
41.8959,-83.4177,South Monroe,MI
42.0639,-83.261,South Rockwood,MI
42.4734,-83.2219,Southfield,MI
42.2139,-83.1938,Southgate,MI
43.1609,-85.71,Sparta,MI
42.205,-84.5527,Spring Arbor,MI
43.077,-86.197,Spring Lake,MI
42.3264,-85.2392,Springfield,MI
42.8209,-82.486,Saint Clair,MI
42.497,-82.8888,Saint Clair Shores,MI
46.0811,-88.6271,"Stambaugh, Iron River",MI
43.9831,-83.9589,Standish,MI
43.2925,-85.0814,Stanton,MI
42.5803,-83.0302,Sterling Heights,MI
42.0145,-86.5195,Stevensville,MI
42.4511,-84.1805,Stockbridge,MI
42.497,-85.4267,Stony Point,MI
41.9414,-83.2649,Stony Point,MI
41.7992,-85.4192,Sturgis,MI
42.9573,-83.8305,Swartz Creek,MI
42.6114,-83.3286,Sylvan Lake,MI
44.2695,-83.5147,Tawas City,MI
42.2409,-83.2696,Taylor,MI
42.0039,-83.9449,Tecumseh,MI
41.7792,-83.5688,Temperance,MI
41.9439,-85.6325,Three Rivers,MI
41.7987,-86.6106,Three Oaks,MI
44.7631,-85.6206,Traverse City,MI
42.1395,-83.1783,Trenton,MI
46.5566,-87.4374,Trowbridge Park,MI
42.6056,-83.1499,Troy,MI
43.3628,-86.1648,Twin Lake,MI
42.0667,-85.1361,Union City,MI
42.6261,-83.0335,Utica,MI
42.1934,-84.3911,Vandercook Lake,MI
43.372,-83.5833,Vassar,MI
42.12,-85.5328,Vicksburg,MI
43.6436,-84.9972,Lake Isabella,MI
42.8278,-84.7008,Wacousta,MI
46.4752,-89.9399,Wakefield,MI
43.0014,-85.7681,Walker,MI
42.5378,-83.481,Walled Lake,MI
42.4775,-83.0277,Warren,MI
42.693,-83.4118,Waterford,MI
42.1867,-86.2606,Watervliet,MI
42.7392,-84.6208,Waverly,MI
42.6739,-85.6447,Wayland,MI
42.2814,-83.3863,Wayne,MI
42.667,-84.1741,Webberville,MI
44.2764,-84.2386,West Branch,MI
46.4836,-87.701,West Ishpeming,MI
41.9139,-83.4316,West Monroe,MI
42.3242,-83.4002,Westland,MI
42.3028,-85.6336,Westwood,MI
43.5503,-85.772,White Cloud,MI
41.7981,-85.6433,White Pigeon,MI
43.41,-86.3487,Whitehall,MI
42.4397,-83.7453,Whitmore Lake,MI
42.6889,-84.283,Williamston,MI
42.5248,-83.5363,Wixom,MI
43.2547,-86.1098,Wolf Lake,MI
42.5567,-83.4738,Wolverine Lake,MI
42.1389,-83.2416,Woodhaven,MI
41.94,-83.3133,Woodland Beach,MI
42.2142,-83.1499,Wyandotte,MI
42.9134,-85.7053,Wyoming,MI
43.13,-82.7983,Yale,MI
42.2411,-83.613,Ypsilanti,MI
42.8125,-86.0186,Zeeland,MI
43.4764,-83.9205,Zilwaukee,MI
47.2997,-96.5153,Ada,MN
43.635,-95.9328,Adrian,MN
44.9027,-92.7835,Afton,MN
46.533,-93.7103,Aitkin,MN
45.63,-94.57,Albany,MN
43.648,-93.3683,Albert Lea,MN
45.2377,-93.6544,Albertville,MN
45.8852,-95.3775,Alexandria,MN
45.2333,-93.2913,Andover,MN
45.1977,-93.3872,Anoka,MN
45.2627,-94.1244,Annandale,MN
44.7319,-93.2177,Apple Valley,MN
45.1969,-96.0198,Appleton,MN
45.0502,-93.1566,Arden Hills,MN
44.6083,-94.0805,Arlington,MN
46.8802,-92.0905,Arnold,MN
45.1388,-94.7781,Atwater,MN
47.5299,-92.2371,Aurora,MN
43.6666,-92.9746,Austin,MN
45.6091,-94.4517,Avon,MN
47.7085,-91.9446,Babbitt,MN
47.5216,-95.3983,Bagley,MN
46.6522,-96.4198,Barnesville,MN
48.7125,-94.5999,Baudette,MN
46.3433,-94.2867,Baxter,MN
45.0214,-92.781,Bayport,MN
45.3933,-93.8769,Becker,MN
44.6227,-93.7686,Belle Plaine,MN
47.4736,-94.8803,Bemidji,MN
45.315,-95.6,Benson,MN
45.3325,-93.7461,Big Lake,MN
45.0611,-92.9761,Birchwood,MN
44.7675,-94.8956,Bird Island,MN
45.1608,-93.2349,Blaine,MN
43.8666,-93.051,Blooming Prairie,MN
44.8408,-93.2983,Bloomington,MN
43.6375,-94.1022,Blue Earth,MN
45.7227,-93.1708,Braham,MN
46.358,-94.2008,Brainerd,MN
45.4852,-92.9619,Branch,MN
46.2636,-96.5881,Breckenridge,MN
46.59,-94.2198,Breezy Point,MN
45.0761,-93.3327,Brooklyn Center,MN
45.0941,-93.3563,Brooklyn Park,MN
45.1719,-93.8747,Buffalo,MN
44.7677,-93.2777,Burnsville,MN
44.0327,-92.6455,Byron,MN
43.6347,-91.4968,Caledonia,MN
45.5727,-93.2244,Cambridge,MN
44.7088,-96.2764,Canby,MN
44.5069,-92.9055,Cannon Falls,MN
46.6638,-92.4249,Carlton,MN
44.7636,-93.6258,Carver,MN
45.3939,-92.8166,Center City,MN
45.163,-93.0558,Centerville,MN
45.1889,-93.3975,Champlin,MN
44.8622,-93.5308,Chanhassen,MN
44.7894,-93.6022,Chaska,MN
43.8455,-92.189,Chatfield,MN
45.3736,-92.8899,Chisago City,MN
47.4891,-92.8838,Chisholm,MN
45.1486,-93.1516,Circle Pines,MN
44.955,-95.3664,Clara City,MN
45.4194,-94.0489,Clearwater,MN
46.7216,-92.4594,Cloquet,MN
47.2636,-93.6202,Cohasset,MN
45.0758,-94.19,Cokato,MN
47.2888,-93.4277,Coleraine,MN
45.5944,-94.3631,Collegeville,MN
45.4558,-94.4289,Cold Spring,MN
44.7716,-93.7814,Cologne,MN
45.0408,-93.263,Columbia Heights,MN
45.12,-93.2877,Coon Rapids,MN
45.0952,-93.5475,Corcoran,MN
44.8277,-92.9438,Cottage Grove,MN
44.6088,-95.6742,Cottonwood,MN
47.7741,-96.6081,Crookston,MN
46.4822,-93.9578,Crosby,MN
46.6594,-94.1139,Cross Lake,MN
45.0327,-93.3602,Crystal,MN
45.0816,-94.3069,Dassel,MN
44.9327,-96.0545,Dawson,MN
45.2439,-93.515,Dayton,MN
44.9297,-93.5225,Deephaven,MN
45.0419,-93.7891,Delano,MN
45.09,-92.9724,Dellwood,MN
46.8172,-95.8453,Detroit Lakes,MN
46.8766,-96.7034,Dilworth,MN
44.028,-92.8546,Dodge Center,MN
46.7833,-92.1066,Duluth,MN
44.4294,-93.2019,Dundas,MN
44.8041,-93.1669,Eagan,MN
44.165,-93.8813,Eagle Lake,MN
45.3194,-93.2024,East Bethel,MN
47.93,-97.0245,East Grand Forks,MN
46.408,-94.3558,East Gull Lake,MN
44.8547,-93.4708,Eden Prairie,MN
45.3261,-94.5461,Eden Valley,MN
43.8725,-96.1286,Edgerton,MN
44.8897,-93.35,Edina,MN
45.9941,-95.9767,Elbow Lake,MN
44.1302,-92.2516,Elgin,MN
45.3038,-93.5672,Elk River,MN
47.9032,-91.8671,Ely,MN
46.7058,-92.3632,Esko,MN
47.4624,-92.5399,Eveleth,MN
44.9033,-93.5663,Excelsior,MN
43.9883,-92.2285,Eyota,MN
44.5291,-94.7208,Fairfax,MN
43.6522,-94.4611,Fairmont,MN
44.9916,-93.1663,Falcon Heights,MN
44.295,-93.2688,Faribault,MN
44.6402,-93.1436,Farmington,MN
46.283,-96.0776,Fergus Falls,MN
45.6647,-93.9097,Foley,MN
45.2789,-92.9852,Forest Lake,MN
47.5763,-95.7514,Fosston,MN
46.728,-95.7009,Frazee,MN
45.0861,-93.2633,Fridley,MN
43.8705,-95.6003,Fulda,MN
44.553,-94.2205,Gaylord,MN
47.4888,-92.4649,Gilbert,MN
44.7691,-94.1516,Glencoe,MN
45.6502,-95.3898,Glenwood,MN
46.8752,-96.579,Glyndon,MN
45.0097,-93.3491,Golden Valley,MN
44.4005,-92.6238,Goodhue,MN
44.0625,-91.6957,Goodview,MN
47.7505,-90.3343,Grand Marais,MN
43.7058,-92.5721,Grand Meadow,MN
47.2372,-93.5302,Grand Rapids,MN
44.81,-95.5456,Granite Falls,MN
45.0844,-92.9105,Grant,MN
45.1033,-93.6913,Greenfield,MN
48.7744,-96.9464,Hallock,MN
45.2502,-93.2499,Ham Lake,MN
45.1558,-93.6663,Hanover,MN
43.5552,-92.0102,Harmony,MN
45.5864,-92.9747,Harris,MN
44.7433,-92.8524,Hastings,MN
46.8808,-96.3167,Hawley,MN
43.8905,-92.8477,Hayfield,MN
44.7439,-94.7155,Hector,MN
46.8069,-92.2382,Hermantown,MN
47.4271,-92.9377,Hibbing,MN
46.0113,-92.9444,Hinckley,MN
44.925,-93.4627,Hopkins,MN
45.0608,-94.0733,Howard Lake,MN
47.5196,-92.1385,Hoyt Lakes,MN
45.16,-92.9933,Hugo,MN
44.8877,-94.3697,Hutchinson,MN
45.0252,-93.7075,Independence,MN
48.6011,-93.411,International Falls,MN
44.848,-93.0427,Inver Grove Heights,MN
45.4902,-93.2477,Isanti,MN
44.4633,-96.2473,Ivanhoe,MN
43.6208,-94.9886,Jackson,MN
44.1161,-93.708,Janesville,MN
44.6669,-93.6269,Jordan,MN
44.03,-92.7507,Kasson,MN
47.3997,-93.0724,Keewatin,MN
44.2722,-92.9855,Kenyon,MN
43.828,-91.304,La Crescent,MN
44.4497,-92.2682,Lake City,MN
44.1058,-94.2189,Lake Crystal,MN
44.9958,-92.8794,Lake Elmo,MN
45.4433,-93.59,Zimmerman,MN
44.9208,-92.7669,Lake Saint Croix Beach,MN
46.4855,-94.3606,Lake Shore,MN
43.6775,-95.1717,Lakefield,MN
44.9564,-92.7658,Lakeland,MN
44.6497,-93.2427,Lakeville,MN
44.9986,-93.2058,Lauderdale,MN
44.3894,-93.7302,Le Center,MN
44.4614,-93.9152,Le Sueur,MN
44.8839,-94.0416,Lester Prairie,MN
43.9844,-91.8693,Lewiston,MN
45.1425,-93.1633,Lexington,MN
45.3894,-92.848,Lindstrom,MN
45.1602,-93.0888,Lino Lakes,MN
45.1272,-94.528,Litchfield,MN
45.0269,-93.0877,Little Canada,MN
45.9763,-94.3625,Little Falls,MN
47.868,-95.1106,Little Rock,MN
44.9866,-93.5716,Long Lake,MN
45.9747,-94.8656,Long Prairie,MN
44.4802,-93.4286,Lonsdale,MN
43.6541,-96.2128,Luverne,MN
44.0508,-94.4183,Madelia,MN
45.0097,-96.1959,Madison,MN
44.2044,-93.8155,Madison Lake,MN
47.3152,-95.9686,Mahnomen,MN
45.0697,-92.9516,Mahtomedi,MN
44.1636,-93.9994,Mankato,MN
44.0691,-92.7558,Mantorville,MN
45.0725,-93.4558,Maple Grove,MN
45.2291,-94.0019,Maple Lake,MN
45.0072,-93.6558,Maple Plain,MN
43.9288,-93.9561,Mapleton,MN
44.953,-92.9952,Maplewood,MN
44.4469,-95.7883,Marshall,MN
44.885,-93.8877,Mayer,MN
44.1741,-93.2463,Medford,MN
45.0352,-93.5825,Medina,MN
45.6747,-94.8075,Melrose,MN
46.7538,-95.0981,Menahga,MN
44.8836,-93.1383,Mendota Heights,MN
45.7558,-93.6544,Milaca,MN
44.98,-93.2638,Minneapolis,MN
44.5588,-95.9856,Minneota,MN
44.9133,-93.5033,Minnetonka,MN
44.9411,-93.4419,Minnetonka Mills,MN
44.9383,-93.7177,Minnetrista,MN
44.948,-95.717,Montevideo,MN
44.4389,-93.5813,Montgomery,MN
45.3055,-93.7941,Monticello,MN
45.065,-93.9111,Montrose,MN
46.8739,-96.7695,Moorhead,MN
46.4541,-92.7619,Moose Lake,MN
45.8769,-93.2938,Mora,MN
45.5861,-95.9139,Morris,MN
44.9366,-93.6661,Mound,MN
45.105,-93.2086,Mounds View,MN
47.5324,-92.6235,Mountain Iron,MN
43.9389,-94.9297,Mountain Lake,MN
45.0655,-93.2019,New Brighton,MN
45.038,-93.3866,New Hope,MN
45.3011,-94.9442,New London,MN
44.5433,-93.5761,New Prague,MN
43.8939,-93.4938,New Richland,MN
44.3125,-94.4605,New Ulm,MN
46.518,-95.3761,New York Mills,MN
44.8664,-93.0005,Newport,MN
44.2761,-94.1875,Nicollet,MN
46.5205,-94.2886,Nisswa,MN
45.5114,-92.9802,North Branch,MN
44.1733,-94.0339,North Mankato,MN
45.1027,-93.0791,North Oaks,MN
45.0125,-92.9919,North Saint Paul,MN
44.4583,-93.1616,Northfield,MN
44.768,-93.9275,Norwood (historical),MN
44.7736,-93.9216,Norwood Young America,MN
45.3408,-93.3269,Oak Grove,MN
45.0314,-92.793,Oak Park Heights,MN
44.963,-92.9649,Oakdale,MN
46.9319,-96.779,Oakport,MN
44.7764,-94.9897,Olivia,MN
44.9714,-93.6044,Orono,MN
44.1661,-92.5349,Oronoco,MN
45.3047,-96.4448,Ortonville,MN
45.8669,-95.1522,Osakis,MN
45.1194,-93.4025,Osseo,MN
45.2741,-93.5914,Otsego,MN
44.0838,-93.226,Owatonna,MN
46.9222,-95.0586,Park Rapids,MN
46.153,-95.3289,Parkers Prairie,MN
47.531,-92.5791,Parkville,MN
45.3805,-94.712,Paynesville,MN
46.5708,-96.0831,Pelican Rapids,MN
46.603,-94.3094,Pequot Lakes,MN
46.5944,-95.5725,Perham,MN
45.9816,-94.1047,Pierz,MN
45.8261,-92.9685,Pine City,MN
44.2013,-92.6463,Pine Island,MN
44.0005,-96.3175,Pipestone,MN
44.165,-92.1716,Plainview,MN
45.0105,-93.4555,Plymouth,MN
43.6702,-92.0832,Preston,MN
45.57,-93.5816,Princeton,MN
44.7133,-93.4227,Prior Lake,MN
46.7472,-92.2255,Proctor,MN
45.2611,-93.45,Ramsey,MN
47.8764,-95.0169,Red Lake,MN
47.8822,-96.2742,Red Lake Falls,MN
44.5625,-92.5338,Red Wing,MN
47.8786,-94.913,Redby,MN
44.5394,-95.1169,Redwood Falls,MN
44.7891,-95.2117,Renville,MN
45.7519,-94.2203,Rice,MN
44.8833,-93.283,Richfield,MN
45.4541,-94.5183,Richmond,MN
45.0322,-93.3386,Robbinsdale,MN
44.0216,-92.4699,Rochester,MN
45.7575,-92.9624,Rock Creek,MN
45.0883,-93.7344,Rockford,MN
45.4719,-94.3408,Rockville,MN
45.1889,-93.553,Rogers,MN
48.8461,-95.7628,Roseau,MN
44.7394,-93.1258,Rosemount,MN
45.0061,-93.1566,Roseville,MN
45.83,-94.2936,Royalton,MN
45.6855,-92.9655,Rush City,MN
43.8083,-91.7529,Rushford,MN
45.0205,-93.218,Saint Anthony,MN
45.4786,-94.1542,Saint Augusta,MN
44.9055,-93.7475,Saint Bonifacius,MN
43.9694,-92.0643,Saint Charles,MN
45.5608,-94.1625,Saint Cloud,MN
45.3869,-93.3594,Saint Francis,MN
43.9825,-94.6269,Saint James,MN
45.565,-94.3183,Saint Joseph,MN
44.9483,-93.348,Saint Louis Park,MN
45.21,-93.665,Saint Michael,MN
44.9444,-93.0933,Saint Paul,MN
44.8422,-92.9913,Saint Paul Park,MN
44.3236,-93.958,Saint Peter,MN
46.1311,-92.8674,Sandstone,MN
45.6216,-94.2069,Sartell,MN
45.7375,-94.9525,Sauk Centre,MN
45.5919,-94.1661,Sauk Rapids,MN
44.7791,-93.3363,Savage,MN
45.2536,-92.8058,Scandia,MN
45.3869,-92.7477,Shafer,MN
44.798,-93.5269,Shakopee,MN
43.6522,-94.7269,Sherburn,MN
45.0791,-93.1472,Shoreview,MN
44.9008,-93.5891,Shorewood,MN
47.2944,-91.2574,Silver Bay,MN
43.9877,-95.7558,Slayton,MN
44.2972,-94.7241,Sleepy Eye,MN
44.8927,-93.0349,South Saint Paul,MN
45.233,-94.94,Spicer,MN
43.5611,-91.636,Spring Grove,MN
45.1077,-93.238,Spring Lake Park,MN
44.9352,-93.6322,Spring Park,MN
43.6869,-92.3891,Spring Valley,MN
44.2388,-94.9758,Springfield,MN
45.4583,-94.198,Saint Augusta,MN
45.398,-92.9874,Stacy,MN
46.3555,-94.7922,Staples,MN
45.6144,-95.5311,Starbuck,MN
43.8555,-92.4885,Stewartville,MN
45.0564,-92.806,Stillwater,MN
48.1191,-96.1812,Thief River Falls,MN
44.9086,-93.593,Tonka Bay,MN
44.2333,-95.6192,Tracy,MN
43.8277,-94.4372,Truman,MN
47.0227,-91.6707,Two Harbors,MN
44.2783,-96.1347,Tyler,MN
45.0575,-93.0738,Vadnais Heights,MN
44.8586,-93.6616,Victoria,MN
46.1636,-93.7575,Vineland,MN
47.5233,-92.5366,Virginia,MN
44.3839,-92.0329,Wabasha,MN
44.8508,-93.7869,Waconia,MN
46.4425,-95.1361,Wadena,MN
45.5572,-94.2242,Waite Park,MN
47.1013,-94.5872,Walker,MN
44.3044,-92.7905,Wanamingo,MN
48.1966,-96.7728,Warren,MN
48.9053,-95.3144,Warroad,MN
44.0777,-93.5074,Waseca,MN
44.9636,-93.8472,Watertown,MN
44.2189,-93.568,Waterville,MN
45.0666,-93.9664,Waverly,MN
44.9741,-93.5066,Wayzata,MN
43.7461,-93.7288,Wells,MN
45.1597,-93.3497,West Coon Rapids,MN
44.9161,-93.1016,West Saint Paul,MN
45.8044,-96.4992,Wheaton,MN
45.0847,-93.0099,White Bear Lake,MN
45.1219,-95.0433,Willmar,MN
43.8663,-95.1169,Windom,MN
43.7677,-94.1658,Winnebago,MN
44.05,-91.6393,Winona,MN
44.9639,-94.0475,Winsted,MN
44.543,-94.3664,Winthrop,MN
44.9239,-92.9594,Woodbury,MN
43.62,-95.5964,Worthington,MN
45.3364,-92.9972,Wyoming,MN
44.7827,-93.9136,Young America (historical),MN
44.2941,-92.6691,Zumbrota,MN
40.2486,-94.3311,Albany,MO
40.2683,-94.0283,Bethany,MO
40.125,-91.6252,Canton,MO
40.4875,-94.4111,Grant City,MO
40.4203,-91.7196,Kahoka,MO
40.0514,-94.5241,King City,MO
40.1947,-92.5833,Kirksville,MO
40.0234,-92.4916,La Plata,MO
40.5209,-92.528,Lancaster,MO
40.3461,-94.8725,Maryville,MO
40.4578,-92.1713,Memphis,MO
40.2022,-93.1252,Milan,MO
40.1184,-91.7121,Monticello,MO
40.1311,-95.2316,Mound City,MO
40.4008,-93.5805,Princeton,MO
40.4111,-95.5169,Rock Port,MO
40.2178,-94.5383,Stanberry,MO
40.4403,-95.3778,Tarkio,MO
40.4395,-93.2341,Terre Haute,MO
40.0789,-93.6166,Trenton,MO
40.477,-93.0033,Unionville,MO
46.0341,-99.3715,Ashley,ND
48.8392,-99.7449,Belcourt,ND
48.4867,-99.2099,Cando,ND
47.4497,-99.1262,Carrington,ND
46.9005,-97.2112,Casselton,ND
48.7939,-97.6223,Cavalier,ND
47.4444,-98.124,Cooperstown,ND
48.1128,-98.8651,Devils Lake,ND
46.0027,-98.5271,Ellendale,ND
46.8772,-96.7898,Fargo,ND
47.6492,-99.6293,Fessenden,ND
47.5142,-97.8359,Finley,ND
46.1077,-97.6365,Forman,ND
47.98,-98.9929,Fort Totten,ND
48.4122,-97.4106,Grafton,ND
47.9253,-97.0328,Grand Forks,ND
47.7697,-99.9354,Harvey,ND
47.4039,-97.062,Hillsboro,ND
46.7589,-96.9037,Horace,ND
46.9105,-98.7084,Jamestown,ND
48.0428,-98.3362,Lakota,ND
48.76,-98.3682,Langdon,ND
47.9067,-97.6268,Larimore,ND
46.4416,-97.6812,Lisbon,ND
47.498,-97.3245,Mayville,ND
46.5083,-99.7712,Napoleon,ND
48.0714,-99.2524,Minnewaukan,ND
47.68,-99.1379,New Rockford,ND
46.1386,-98.0904,Oakes,ND
48.3986,-97.7412,Park River,ND
48.8578,-99.6179,Rolla,ND
48.3689,-99.9963,Rugby,ND
46.5858,-97.4912,Sheldon,ND
48.7981,-99.8649,Shell Valley,ND
46.8547,-99.9159,Steele,ND
46.9233,-98.0032,Valley City,ND
46.2652,-96.6059,Wahpeton,ND
46.875,-96.9004,West Fargo,ND
46.2569,-99.5571,Wishek,ND
42.55,-99.8626,Ainsworth,NE
41.6908,-98.0037,Albion,NE
40.0975,-99.362,Alma,NE
40.3042,-99.9004,Arapahoe,NE
41.4525,-96.3511,Arlington,NE
41.0392,-96.3684,Ashland,NE
42.5314,-98.9781,Atkinson,NE
40.3928,-95.8389,Auburn,NE
40.8672,-98.0042,Aurora,NE
41.8853,-98.5523,Bartlett,NE
42.5858,-99.5379,Bassett,NE
41.9995,-97.5984,Battle Creek,NE
40.2681,-96.747,Beatrice,NE
40.1375,-99.8296,Beaver City,NE
41.1367,-95.8908,Bellevue,NE
41.3647,-96.1578,Bennington,NE
41.5444,-96.125,Blair,NE
42.5989,-97.6456,Bloomfield,NE
41.9389,-99.8649,Brewster,NE
41.4019,-99.6393,Broken Bow,NE
41.7817,-99.1332,Burwell,NE
42.9114,-98.8493,Butte,NE
42.6095,-97.8767,Center,NE
41.1159,-98.0017,Central City,NE
41.1839,-96.1503,Chalco,NE
40.5217,-98.0553,Clay Center,NE
41.4297,-97.3684,Columbus,NE
40.8597,-99.9873,Cozad,NE
42.4667,-97.9062,Creighton,NE
40.6278,-96.9614,Crete,NE
42.4156,-96.4184,Dakota City,NE
41.2528,-97.13,David City,NE
40.8167,-96.4303,Eagle,NE
41.2864,-96.2345,Elkhorn,NE
40.5903,-99.861,Elwood,NE
40.1372,-97.1806,Fairbury,NE
40.0608,-95.6019,Falls City,NE
40.0961,-98.9526,Franklin,NE
41.4333,-96.4981,Fremont,NE
40.6536,-97.2862,Friend,NE
41.3633,-97.9692,Fullerton,NE
40.5269,-97.5959,Geneva,NE
41.4486,-97.7306,Genoa,NE
40.7484,-98.8448,Gibbon,NE
40.925,-98.342,Grand Island,NE
41.5486,-98.5312,Greeley,NE
41.1408,-96.2397,Gretna,NE
42.6225,-97.2645,Hartington,NE
40.6189,-98.0973,Harvard,NE
40.5861,-98.3884,Hastings,NE
40.1664,-97.5859,Hebron,NE
40.62,-96.6292,Hickman,NE
40.4403,-99.3698,Holdrege,NE
40.6995,-99.0815,Kearney,NE
41.1839,-96.0311,La Vista,NE
40.7808,-99.7415,Lexington,NE
40.8,-96.667,Lincoln,NE
40.9978,-96.1622,Louisville,NE
41.2756,-98.9668,Loup City,NE
42.1131,-96.3564,Macy,NE
41.8283,-97.455,Madison,NE
40.7745,-97.0506,Milford,NE
40.4986,-98.9479,Minden,NE
40.6767,-95.8592,Nebraska City,NE
42.1286,-98.0298,Neligh,NE
40.2017,-98.0678,Nelson,NE
42.0283,-97.417,Norfolk,NE
41.462,-96.7798,North Bend,NE
42.4578,-98.6476,O'Neill,NE
41.8358,-96.467,Oakland,NE
41.2586,-95.9378,Omaha,NE
41.6033,-98.9262,Ord,NE
41.1797,-97.5476,Osceola,NE
41.1544,-96.0422,Papillion,NE
40.1083,-96.1544,Pawnee City,NE
42.1142,-96.7073,Pender,NE
42.1992,-97.5267,Pierce,NE
42.3497,-97.792,Plainview,NE
41.0114,-95.8822,Plattsmouth,NE
42.5625,-96.7056,Ponca,NE
41.2053,-96.0425,Ralston,NE
41.0261,-98.9126,Ravenna,NE
40.0889,-98.5195,Red Cloud,NE
41.2147,-98.4581,Saint Paul,NE
41.4472,-97.0595,Schuyler,NE
40.907,-97.0989,Seward,NE
40.7792,-98.7309,Shelton,NE
42.4739,-96.4136,South Sioux City,NE
41.0819,-96.1345,Springfield,NE
41.9503,-97.2239,Stanton,NE
42.8244,-99.749,Springview,NE
41.1142,-97.5989,Stromsburg,NE
40.0209,-98.07,Superior,NE
40.6056,-97.8592,Sutton,NE
40.6572,-96.1864,Syracuse,NE
41.7703,-99.3787,Taylor,NE
40.3667,-96.1961,Tecumseh,NE
41.7783,-96.2211,Tekamah,NE
41.3128,-96.3461,Valley,NE
41.2114,-96.6203,Wahoo,NE
42.2692,-96.865,Wakefield,NE
40.9175,-96.5283,Waverly,NE
42.2306,-97.0178,Wayne,NE
40.87,-96.1406,Weeping Water,NE
41.8417,-96.7086,West Point,NE
40.4814,-96.9606,Wilber,NE
41.9872,-96.9142,Wisner,NE
40.8206,-98.6001,Wood River,NE
40.1222,-96.6625,Wymore,NE
40.8681,-97.592,York,NE
41.245,-96.3972,Yutan,NE
43.6115,-71.7929,Alexandria,NH
43.1579,-71.4056,Allenstown Elementary School,NH
43.149,-72.3606,Alstead,NH
43.437,-71.8234,Andover,NH
43.0309,-71.939,Antrim,NH
43.6953,-71.6306,Ashland,NH
42.8384,-71.147,Atkinson,NH
43.0045,-71.3484,Auburn,NH
43.334,-71.2928,Barnstead,NH
43.2229,-71.047,Barrington,NH
42.9465,-71.5159,Bedford,NH
43.4454,-71.4779,Belmont,NH
44.4687,-71.1851,Berlin,NH
43.3151,-71.6209,Boscawen,NH
43.1206,-71.5115,Bow Bog,NH
42.9787,-71.0728,Brentwood,NH
43.6384,-71.7365,Bridgewater,NH
43.5912,-71.7368,Bristol,NH
42.7348,-71.6581,Brookline,NH
43.0779,-71.2767,Candia,NH
43.337,-71.5653,Canterbury,NH
43.7098,-71.4604,Center Harbor,NH
43.2387,-72.4245,Charlestown,NH
42.9567,-71.2573,Chester,NH
42.8873,-72.4704,Chesterfield,NH
43.2493,-71.3998,Chichester,NH
43.3767,-72.3468,Claremont,NH
44.8945,-71.4959,Colebrook,NH
43.2081,-71.5376,Concord,NH
43.222,-71.714,Contoocook,NH
43.9792,-71.1204,Conway,NH
43.5256,-71.8618,Danbury,NH
42.9126,-71.1245,Danville,NH
43.0731,-71.8445,Deering,NH
44.2306,-71.617,Deerfield,NH
42.8806,-71.3273,Derry,NH
42.8918,-71.312,Derry Village,NH
43.1979,-70.8737,Dover,NH
42.9076,-72.0626,Dublin,NH
43.134,-70.9265,Durham,NH
43.242,-71.5381,East Concord,NH
42.9256,-71.0167,East Kingston,NH
42.8681,-71.4834,East Merrimack,NH
43.7612,-70.9964,Effingham,NH
43.6406,-72.144,Enfield,NH
43.0334,-71.0742,Epping,NH
43.2229,-71.332,Epsom,NH
42.9815,-70.9478,Exeter,NH
43.3898,-71.0651,Farmington,NH
42.7806,-72.1418,Fitzwilliam,NH
43.4442,-71.6473,Franklin,NH
43.8123,-71.0356,Freedom,NH
42.9909,-71.1426,Fremont,NH
43.5476,-71.4067,Gilford,NH
43.4243,-71.4145,Gilmanton,NH
43.0204,-71.6004,Goffstown,NH
44.3878,-71.1731,Gorham,NH
43.5587,-71.944,Grafton,NH
43.4895,-72.1376,Grantham,NH
42.9506,-71.8723,Greenfield,NH
43.0362,-70.8328,Greenland,NH
42.7673,-71.8123,Greenville,NH
44.5987,-71.5112,Groveton,NH
42.8745,-71.1812,Hampstead,NH
42.9376,-70.8389,Hampton,NH
42.9073,-70.812,Hampton Beach,NH
42.9162,-70.8637,Hampton Falls,NH
43.7023,-72.2895,Hanover,NH
42.9451,-72.0965,Harrisville,NH
44.0345,-72.064,Haverhill,NH
43.1798,-71.8223,Henniker,NH
43.5242,-71.7009,Hill,NH
43.1148,-71.8951,Hillsboro,NH
42.7862,-72.4865,Hinsdale,NH
43.732,-71.5884,Holderness,NH
42.7431,-71.5917,Hollis,NH
43.0968,-71.4651,Hooksett,NH
43.1915,-71.6753,Hopkinton,NH
42.7648,-71.4398,Hudson,NH
42.814,-72.0231,Jaffrey,NH
44.419,-71.4745,Jefferson,NH
42.9337,-72.2781,Keene,NH
42.927,-70.9439,Kensington,NH
42.9365,-71.0534,Kingston,NH
43.5279,-71.4703,Laconia,NH
44.489,-71.5692,Lancaster,NH
43.6423,-72.2518,Lebanon,NH
43.1231,-71.0114,Lee,NH
43.2384,-72.2106,Lempster,NH
42.8443,-71.4798,Litchfield,NH
44.3062,-71.7701,Littleton,NH
42.8651,-71.3739,Londonderry,NH
43.8095,-72.1559,Lyme,NH
42.9076,-71.7665,Lyndeborough,NH
43.1692,-70.924,Madbury,NH
43.8992,-71.1484,Madison,NH
42.9956,-71.4548,Manchester,NH
42.9042,-72.2079,Marlborough,NH
42.7437,-71.769,Mason,NH
43.6576,-71.5003,Meredith,NH
42.8651,-71.4934,Merrimack,NH
44.5734,-71.1851,Milan,NH
42.8354,-71.649,Milford,NH
42.8945,-71.6742,Mont Vernon,NH
43.7548,-71.3967,Moultonborough,NH
42.7654,-71.4676,Nashua,NH
42.9762,-71.694,New Boston,NH
43.0723,-70.7162,New Castle,NH
43.4368,-71.1723,New Durham,NH
42.7481,-71.8542,New Ipswich,NH
43.414,-71.9851,New London,NH
43.3215,-72.0359,Newbury,NH
43.0829,-70.9351,Newmarket,NH
43.3653,-72.1734,Newport,NH
42.8695,-71.0345,Newton,NH
44.0537,-71.1284,North Conway,NH
44.0903,-72.0265,North Haverhill,NH
42.9726,-70.8298,North Hampton,NH
43.4331,-71.5923,Northfield,NH
44.5634,-71.5587,Northumberland,NH
43.1942,-71.1509,Northwood,NH
43.1145,-71.0998,Nottingham,NH
43.9053,-72.1401,Orford,NH
43.6854,-71.1167,Ossipee,NH
42.7345,-71.3245,Pelham,NH
43.1467,-71.4576,Pembroke,NH
42.8706,-71.9518,Peterborough,NH
42.9943,-71.5073,Pinardville,NH
43.3059,-71.3242,Pittsfield,NH
42.8365,-71.0948,Plaistow,NH
43.757,-71.6881,Plymouth,NH
43.0718,-70.7626,Portsmouth,NH
43.0362,-71.1834,Raymond,NH
42.7548,-72.2717,Richmond,NH
42.7512,-72.0098,Rindge,NH
43.3045,-70.9756,Rochester,NH
43.2362,-70.8203,Rollinsford,NH
43.8053,-71.8126,Rumney,NH
43.0134,-70.7709,Rye,NH
42.7884,-71.2009,Salem,NH
43.3801,-71.717,Salisbury,NH
43.4892,-71.5823,Sanbornton,NH
43.5543,-71.0309,Sanbornville,NH
42.9287,-71.187,Sandown,NH
43.7903,-71.4112,Sandwich,NH
42.8948,-70.8712,Seabrook,NH
43.2617,-70.8653,Somersworth,NH
43.0265,-71.4353,South Hooksett,NH
43.4951,-72.0334,Springfield,NH
43.327,-71.1842,Strafford,NH
44.6551,-71.5556,Stratford,NH
43.0529,-70.8953,Stratham Station,NH
43.3876,-72.0879,Sunapee,NH
43.1306,-71.4531,Suncook,NH
43.3342,-71.9515,Sutton,NH
42.8698,-72.2818,Swanzey,NH
43.8598,-71.2631,Tamworth,NH
42.8181,-71.8515,Temple,NH
43.8929,-71.6759,Thornton,NH
43.4423,-71.589,Tilton,NH
42.824,-72.1812,Troy,NH
43.6965,-71.222,Tuftonboro,NH
43.294,-72.2604,Unity,NH
43.5681,-71.0301,Wakefield,NH
43.0948,-71.7306,Weare,NH
43.329,-71.7179,Webster,NH
42.8701,-72.3217,West Swanzey,NH
42.962,-72.4423,Westmoreland,NH
44.3731,-71.6101,Whitefield,NH
43.4517,-71.9137,Wilmot,NH
42.8434,-71.7351,Wilton,NH
42.7734,-72.3831,Winchester,NH
42.8006,-71.3042,Windham,NH
43.584,-71.2073,Wolfeboro,NH
43.9776,-71.6851,Woodstock,NH
44.1523,-72.0373,Woodsville,NH
41.0415,-74.129,Allendale,NJ
40.1779,-74.5835,Allentown,NJ
40.9559,-73.9313,Alpine,NJ
40.667,-75.1574,Alpha,NJ
40.6409,-74.8813,Annandale,NJ
40.2204,-74.0121,Asbury Park,NJ
40.4079,-74.0343,Atlantic Highlands,NJ
40.5804,-74.2852,Avenel,NJ
40.1923,-74.016,Avon-by-the-Sea,NJ
40.6687,-74.1143,Bayonne,NJ
40.8132,-74.8429,Beattystown,NJ
40.6807,-74.6454,Bedminster,NJ
40.7937,-74.1501,Belleville,NJ
40.4259,-74.0868,Belford,NJ
40.1784,-74.0218,Belmar,NJ
40.8298,-75.0777,Belvidere,NJ
40.9276,-73.9974,Bergenfield,NJ
40.6834,-74.4427,Berkeley Heights,NJ
40.7187,-74.5693,Bernardsville,NJ
40.0654,-74.9191,Beverly,NJ
40.8068,-74.1854,Bloomfield,NJ
41.002,-74.3265,Bloomingdale,NJ
40.4976,-74.6474,Bloomingdale,NJ
40.8762,-74.0299,Bogota,NJ
40.9026,-74.4071,Boonton,NJ
40.1462,-74.7118,Bordentown,NJ
40.5684,-74.5385,Bound Brook,NJ
40.2023,-74.0121,Bradley Beach,NJ
40.5629,-74.6546,Bradley Gardens,NJ
40.7648,-75.011,Brass Castle,NJ
40.1079,-74.0565,Brielle,NJ
40.4007,-74.2952,Brownville,NJ
40.8337,-74.1829,Brookdale,NJ
40.8712,-74.734,Budd Lake,NJ
40.0712,-74.8649,Burlington,NJ
41.0037,-74.3415,Butler,NJ
40.8398,-74.2765,Caldwell,NJ
40.7195,-74.8357,Califon,NJ
40.8404,-74.0907,Carlstadt,NJ
40.5773,-74.2282,Carteret,NJ
40.0421,-74.2926,Cedar Glen West,NJ
40.8518,-74.229,Cedar Grove,NJ
40.7409,-74.3838,Chatham,NJ
40.7843,-74.6968,Chester,NJ
40.6409,-74.3107,Clark,NJ
40.3098,-74.4646,Clearbrook Park,NJ
40.8215,-73.9876,Cliffside Park,NJ
40.4421,-74.2168,Cliffwood Beach,NJ
40.8584,-74.1638,Clifton,NJ
40.6368,-74.9099,Clinton,NJ
40.9731,-73.9615,Closter,NJ
40.5746,-74.3021,Colonia,NJ
40.3109,-74.4482,Concordia,NJ
40.3162,-74.5138,Cranbury,NJ
41.1243,-74.8399,Crandon Lakes,NJ
40.6584,-74.2996,Cranford,NJ
40.9415,-73.9593,Cresskill,NJ
40.3726,-74.5101,Dayton,NJ
40.0507,-74.9535,Delanco,NJ
40.9573,-73.9635,Demarest,NJ
40.884,-74.5621,Dover,NJ
40.5893,-74.4718,Dunellen,NJ
40.9406,-73.9968,Dumont,NJ
40.4279,-74.416,East Brunswick,NJ
40.2809,-74.2513,East Freehold,NJ
40.8201,-74.3649,East Hanover,NJ
40.7484,-74.1618,East Newark,NJ
40.7673,-74.2049,East Orange,NJ
40.834,-74.0971,East Rutherford,NJ
40.2962,-74.051,Eatontown,NJ
40.0682,-74.9007,Edgewater Park,NJ
40.5187,-74.4121,Edison,NJ
40.827,-73.9757,Edgewater,NJ
40.664,-74.2107,Elizabeth,NJ
40.904,-74.1185,Elmwood Park,NJ
40.9762,-74.0263,Emerson,NJ
40.8929,-73.9726,Englewood,NJ
40.8854,-73.9524,Englewood Cliffs,NJ
40.2973,-74.3582,Englishtown,NJ
40.8245,-74.2846,Essex Fells,NJ
40.2698,-74.7999,Ewing,NJ
40.3607,-74.0382,Fair Haven,NJ
40.9404,-74.1318,Fair Lawn,NJ
40.8837,-74.306,Fairfield,NJ
40.8126,-73.999,Fairview,NJ
40.3732,-74.0868,Fairview,NJ
40.6409,-74.3835,Fanwood,NJ
40.1965,-74.1685,Farmingdale,NJ
40.5632,-74.5777,Finderne,NJ
40.7879,-74.3882,Florham Park,NJ
40.5293,-74.316,Fords,NJ
40.5123,-74.8593,Flemington,NJ
40.0298,-74.6185,Fort Dix,NJ
40.8509,-73.9701,Fort Lee,NJ
41.122,-74.5804,Franklin,NJ
41.0168,-74.2057,Franklin Lakes,NJ
40.2601,-74.2738,Freehold,NJ
40.5262,-75.0616,Frenchtown,NJ
40.8815,-74.1132,Garfield,NJ
40.6518,-74.3229,Garwood,NJ
40.7226,-74.6654,Gladstone,NJ
40.6968,-74.9407,Glen Gardner,NJ
40.8054,-74.2038,Glen Ridge,NJ
40.9629,-74.1329,Glen Rock,NJ
40.6001,-74.6121,Green Knoll,NJ
40.1698,-74.6715,Groveville,NJ
40.7921,-74.0037,Guttenberg,NJ
40.8859,-74.0435,Hackensack,NJ
40.854,-74.8291,Hackettstown,NJ
41.1534,-74.5763,Hamburg,NJ
40.2273,-74.6532,Hamilton Square,NJ
40.707,-74.956,Hampton,NJ
40.9357,-74.1863,Haledon,NJ
40.8045,-74.3668,Hanover,NJ
41.0545,-74.9321,Hardwick,NJ
40.9837,-73.9799,Harrington Park,NJ
40.7465,-74.1563,Harrison,NJ
40.8582,-74.0807,Hasbrouck Heights,NJ
40.9609,-73.9901,Haworth,NJ
40.9493,-74.1538,Hawthorne,NJ
40.3887,-74.5757,Heathcote,NJ
40.3768,-74.4246,Helmetta,NJ
40.6671,-74.8957,High Bridge,NJ
41.1768,-74.4565,Highland Lake,NJ
40.4959,-74.4243,Highland Park,NJ
40.4037,-73.9915,Highlands,NJ
40.2696,-74.5232,Hightstown,NJ
41.0026,-74.0404,Hillsdale,NJ
40.7012,-74.2301,Hillside,NJ
40.9965,-74.1012,Ho-Ho-Kus,NJ
40.744,-74.0324,Hoboken,NJ
40.9329,-74.6593,Hopatcong,NJ
40.944,-74.6707,Hopatcong Hills,NJ
40.3893,-74.7618,Hopewell,NJ
40.7323,-74.2349,Irvington,NJ
40.5754,-74.3224,Iselin,NJ
40.3526,-74.4402,Jamesburg,NJ
40.7282,-74.0776,Jersey City,NJ
40.4418,-74.1299,Keansburg,NJ
40.7684,-74.1454,Kearny,NJ
40.4209,-74.5607,Kendall Park,NJ
40.8798,-74.6185,Kenvil,NJ
40.6765,-74.2907,Kenilworth,NJ
40.4332,-74.1996,Keyport,NJ
40.3754,-74.6135,Kingston,NJ
41.0018,-74.3671,Kinnelon,NJ
40.1598,-74.0282,Lake Como,NJ
41.0184,-74.6602,Lake Mohawk,NJ
40.9568,-74.4979,Lake Telemark,NJ
40.0146,-74.3113,Lakehurst,NJ
40.0979,-74.2176,Lakewood,NJ
40.3659,-74.9429,Lambertville,NJ
40.4568,-74.2465,Laurence Harbor,NJ
40.2973,-74.7296,Lawrenceville,NJ
40.6418,-74.836,Lebanon,NJ
40.019,-74.2921,Leisure Knoll,NJ
40.0426,-74.1849,Leisure Village,NJ
40.0301,-74.1643,Leisure Village East,NJ
40.4173,-74.0621,Leonardo,NJ
40.8615,-73.9882,Leonia,NJ
40.9243,-74.3021,Lincoln Park,NJ
40.3307,-74.121,Lincroft,NJ
40.6221,-74.2446,Linden,NJ
40.869,-74.2082,Little Falls,NJ
40.8529,-74.0421,Little Ferry,NJ
40.3368,-74.0471,Little Silver,NJ
40.7959,-74.3149,Livingston,NJ
40.8823,-74.0832,Lodi,NJ
40.3043,-73.9924,Long Branch,NJ
40.7859,-74.7802,Long Valley,NJ
40.812,-74.1243,Lyndhurst,NJ
40.7598,-74.4171,Madison,NJ
40.4515,-74.3079,Madison Park,NJ
41.0887,-74.1438,Mahwah,NJ
40.1262,-74.0493,Manasquan,NJ
40.5409,-74.5877,Manville,NJ
40.7312,-74.2735,Maplewood,NJ
40.3154,-74.2463,Marlboro,NJ
40.6012,-74.559,Martinsville,NJ
40.4148,-74.2296,Matawan,NJ
40.9026,-74.0618,Maywood,NJ
40.7759,-74.6007,Mendham,NJ
40.2371,-74.6865,Mercerville,NJ
40.5432,-74.3632,Metuchen,NJ
40.4976,-74.5293,Middlebush,NJ
40.5726,-74.4926,Middlesex,NJ
40.9893,-74.1407,Midland Park,NJ
40.5687,-75.0946,Milford,NJ
40.4562,-74.4432,Milltown,NJ
40.3304,-73.9815,Monmouth Beach,NJ
40.379,-74.5465,Monmouth Junction,NJ
40.8259,-74.209,Montclair,NJ
41.0468,-74.0229,Montvale,NJ
40.8412,-74.0451,Moonachie,NJ
40.3765,-74.2443,Morganville,NJ
40.8218,-74.481,Morris Plains,NJ
40.7968,-74.4815,Morristown,NJ
40.9259,-74.6349,Mount Arlington,NJ
40.8948,-74.4329,Mountain Lakes,NJ
40.6723,-74.3574,Mountainside,NJ
40.3995,-74.0354,Navesink,NJ
40.2001,-74.0279,Neptune City,NJ
40.899,-74.7065,Netcong,NJ
40.4862,-74.4518,New Brunswick,NJ
40.0676,-74.5307,New Egypt,NJ
40.9351,-74.019,New Milford,NJ
40.6984,-74.4015,New Providence,NJ
40.7357,-74.1724,Newark,NJ
41.0581,-74.7527,Newton,NJ
40.7884,-74.1332,North Arlington,NJ
40.8043,-74.0121,North Bergen,NJ
40.8648,-74.2582,North Caldwell,NJ
40.9551,-74.186,North Haledon,NJ
40.4395,-74.119,North Middletown,NJ
40.6301,-74.4274,North Plainfield,NJ
40.7743,-74.3246,Northfield,NJ
41.0065,-73.949,Northvale,NJ
40.9982,-73.9618,Norwood,NJ
40.8223,-74.1599,Nutley,NJ
40.2709,-74.0162,Oakhurst,NJ
41.0132,-74.2643,Oakland,NJ
40.2121,-74.0065,Ocean Grove,NJ
40.3182,-74.0151,Oceanport,NJ
41.0818,-74.5924,Ogdensburg,NJ
40.4148,-74.3654,Old Bridge,NJ
41.0106,-73.9912,Old Tappan,NJ
40.9587,-74.0368,Oradell,NJ
40.7707,-74.2327,Orange,NJ
40.8032,-74.9896,Oxford,NJ
40.8482,-73.9976,Palisades Park,NJ
40.0071,-75.0282,Palmyra,NJ
40.9445,-74.0754,Paramus,NJ
41.0376,-74.0407,Park Ridge,NJ
40.8579,-74.426,Parsippany,NJ
40.8568,-74.1285,Passaic,NJ
40.9168,-74.1718,Paterson,NJ
40.7168,-74.6565,Peapack,NJ
40.3284,-74.7907,Pennington,NJ
40.5068,-74.2654,Perth Amboy,NJ
40.6937,-75.1902,Phillipsburg,NJ
40.0032,-74.2565,Pine Lake Park,NJ
40.4993,-74.399,Piscataway,NJ
40.6337,-74.4074,Plainfield,NJ
40.3318,-74.5946,Plainsboro Center,NJ
40.0832,-74.0682,Point Pleasant,NJ
40.0912,-74.0479,Point Pleasant Beach,NJ
41.0054,-74.2907,Pompton Lakes,NJ
40.4301,-74.0985,Port Monmouth,NJ
40.5654,-74.2604,Port Reading,NJ
40.3487,-74.659,Princeton,NJ
40.3173,-74.6199,Princeton Junction,NJ
40.3318,-74.5638,Princeton Meadows,NJ
40.2404,-74.7663,Prospect Park,NJ
40.937,-74.1743,Prospect Park,NJ
40.6082,-74.2776,Rahway,NJ
41.0573,-74.141,Ramsey,NJ
40.121,-74.1437,Ramtown,NJ
40.5695,-74.6329,Raritan,NJ
40.3471,-74.0643,Red Bank,NJ
40.8343,-74.0088,Ridgefield,NJ
40.857,-74.0215,Ridgefield Park,NJ
40.9793,-74.1165,Ridgewood,NJ
41.1134,-74.2454,Ringwood,NJ
40.9287,-74.0399,River Edge,NJ
40.9954,-74.0121,River Vale,NJ
40.994,-74.3035,Riverdale,NJ
40.0085,-74.9968,Riverton,NJ
40.0115,-75.0149,Riverton,NJ
40.2146,-74.6193,Robbinsville,NJ
40.3462,-74.2879,Robertsville,NJ
40.9073,-74.0751,Rochelle Park,NJ
40.9012,-74.5143,Rockaway,NJ
40.1159,-74.7863,Roebling,NJ
40.8207,-74.2938,Roseland,NJ
40.6643,-74.2632,Roselle,NJ
40.6645,-74.2643,Roselle Park,NJ
40.3365,-74.4735,Rossmoor,NJ
40.3721,-73.999,Rumson,NJ
40.8265,-74.1068,Rutherford,NJ
41.0318,-74.1021,Saddle River,NJ
40.899,-74.0926,Saddle Brook,NJ
40.4593,-74.361,Sayreville,NJ
40.4654,-74.3304,Sayreville Junction,NJ
40.6554,-74.3899,Scotch Plains,NJ
40.3615,-73.974,Sea Bright,NJ
40.1321,-74.0346,Sea Girt,NJ
40.7895,-74.0565,Secaucus,NJ
40.5521,-74.2588,Sewaren,NJ
40.194,-74.0487,Shark River Hills,NJ
40.7479,-74.3254,Short Hills,NJ
40.1826,-74.5293,Shrewsbury,NJ
40.3295,-74.0615,Shrewsbury,NJ
40.8868,-74.241,Singac,NJ
40.534,-74.4579,Society Hill,NJ
40.4976,-74.4885,Somerset,NJ
40.5743,-74.6099,Somerville,NJ
40.4779,-74.2907,South Amboy,NJ
40.1709,-74.0274,South Belmar,NJ
40.5534,-74.5315,South Bound Brook,NJ
40.4082,-74.3543,South Old Bridge,NJ
40.749,-74.2613,South Orange,NJ
40.5793,-74.4115,South Plainfield,NJ
40.4465,-74.386,South River,NJ
40.3918,-74.3985,Spotswood,NJ
40.1534,-74.0282,Spring Lake,NJ
40.1504,-74.031,Spring Lake Heights,NJ
40.7049,-74.3172,Springfield,NJ
40.9029,-74.7091,Stanhope,NJ
40.3959,-74.2135,Strathmore,NJ
40.8684,-74.6404,Succasunna,NJ
40.7415,-74.3596,Summit,NJ
41.2098,-74.6077,Sussex,NJ
40.8976,-74.016,Teaneck,NJ
40.413,-74.6022,Ten Mile Run,NJ
40.9254,-73.9629,Tenafly,NJ
40.3043,-74.1004,Tinton Falls,NJ
40.9051,-74.2099,Totowa,NJ
40.2171,-74.7429,Trenton,NJ
40.264,-74.4913,Twin Rivers,NJ
40.6976,-74.2632,Union,NJ
40.4465,-74.1782,Union Beach,NJ
40.7796,-74.0238,Union City,NJ
40.8462,-74.2013,Upper Montclair,NJ
41.0584,-74.0985,Upper Saddle River,NJ
40.8298,-74.2401,Verona,NJ
40.8759,-74.5424,Victory Gardens,NJ
40.1593,-74.3179,Vista Center,NJ
41.2368,-74.4871,Vernon Valley,NJ
41.0106,-74.1179,Waldwick,NJ
40.8532,-74.1137,Wallington,NJ
41.0382,-74.294,Wanaque,NJ
40.2318,-74.0254,Wanamassa,NJ
40.7584,-74.9793,Washington,NJ
40.6379,-74.451,Watchung,NJ
40.9254,-74.2765,Wayne,NJ
40.7696,-74.0204,Weehawken,NJ
40.1693,-74.0354,West Belmar,NJ
40.8409,-74.3018,West Caldwell,NJ
40.2421,-74.3013,West Freehold,NJ
40.2904,-74.0176,West Long Branch,NJ
41.1312,-74.3674,West Milford,NJ
40.7879,-74.0143,West New York,NJ
40.7987,-74.239,West Orange,NJ
40.8898,-74.1949,Woodland Park,NJ
40.659,-74.3474,Westfield,NJ
40.5351,-74.5907,Weston,NJ
40.8445,-74.2996,Westville,NJ
40.9912,-74.0326,Westwood,NJ
40.8931,-74.5818,Wharton,NJ
40.1907,-74.7024,White Horse,NJ
40.9237,-74.5107,White Meadow Lake,NJ
40.6154,-74.7704,Whitehouse Station,NJ
40.0279,-74.8691,Willingboro,NJ
40.6426,-74.2854,Winfield,NJ
40.8457,-74.0879,Wood-Ridge,NJ
40.5576,-74.2846,Woodbridge,NJ
41.0234,-74.0665,Woodcliff Lake,NJ
41.0095,-74.1729,Wyckoff,NJ
40.3079,-74.3376,Yorketown,NJ
43.8092,-76.0241,Adams,NY
43.8601,-76.0055,Adams Center,NY
42.1028,-77.2336,Addison,NY
41.1009,-74.1162,Airmont,NY
43.0209,-78.4953,Akron,NY
42.6526,-73.7562,Albany,NY
40.7734,-73.6432,Albertson,NY
43.2465,-78.1936,Albion,NY
42.9001,-78.492,Alden,NY
44.3359,-75.9177,Alexandria Bay,NY
42.2542,-77.7905,Alfred,NY
42.0901,-78.4942,Allegany,NY
42.7006,-74.0337,Altamont,NY
40.9737,-72.1437,Amagansett,NY
42.9784,-78.7998,Amherst,NY
40.679,-73.4171,Amityville,NY
42.9387,-74.1882,Amsterdam,NY
42.1565,-77.7956,Andover,NY
42.6548,-79.0489,Angola on the Lake,NY
42.6384,-79.0278,Angola,NY
42.0695,-76.1547,Apalachin,NY
40.9445,-72.627,Aquebogue,NY
42.5339,-78.4231,Arcade,NY
41.0106,-73.8438,Ardsley,NY
41.6959,-73.8968,Arlington,NY
41.1265,-73.714,Armonk,NY
42.2604,-73.8096,Athens,NY
40.589,-73.729,Atlantic Beach,NY
42.8642,-78.2803,Attica,NY
42.9317,-76.5661,Auburn,NY
42.634,-73.5537,Averill Park,NY
42.912,-77.7456,Avon,NY
40.6957,-73.3257,Babylon,NY
42.2934,-75.4793,Bainbridge,NY
40.9562,-72.7443,Baiting Hollow,NY
40.6565,-73.6093,Baldwin,NY
40.6395,-73.6085,Baldwin Harbor,NY
43.1587,-76.3327,Baldwinsville,NY
43.0009,-73.849,Ballston Spa,NY
41.5348,-74.0149,Balmville,NY
41.1095,-73.9963,Bardonia,NY
40.6046,-73.644,Barnum Island,NY
42.9981,-78.1875,Batavia,NY
42.337,-77.3178,Bath,NY
40.6332,-73.6704,Bay Park,NY
40.7251,-73.2454,Bay Shore,NY
40.7501,-73.2912,Bay Wood,NY
40.7384,-73.0507,Bayport,NY
40.9106,-73.5621,Bayville,NY
41.5048,-73.9696,Beacon,NY
41.2043,-73.6437,Bedford,NY
41.2368,-73.6946,Bedford Hills,NY
40.7243,-73.7151,Bellerose,NY
40.7207,-73.726,Bellerose Terrace,NY
40.6687,-73.5271,Bellmore,NY
40.757,-72.9393,Bellport,NY
42.2231,-78.0345,Belmont,NY
40.6018,-73.994,Bensonhurst,NY
43.0853,-77.9422,Bergen,NY
40.7443,-73.4821,Bethpage,NY
42.1373,-76.9369,Big Flats,NY
42.7842,-78.6264,Billington Heights,NY
42.0987,-75.918,Binghamton,NY
44.0126,-75.7944,Black River,NY
42.7973,-78.8234,Blasdell,NY
41.0634,-73.9576,Blauvelt,NY
40.6126,-74.1782,Bloomfield,NY
40.744,-73.0345,Blue Point,NY
40.7693,-73.1151,Bohemia,NY
42.0667,-78.1678,Bolivar,NY
43.0712,-75.8888,Bolivar,NY
43.4837,-75.3366,Boonville,NY
40.7812,-73.2462,Brentwood,NY
43.2381,-76.1408,Brewerton,NY
41.3973,-73.6171,Brewster,NY
41.424,-73.6043,Brewster Hill,NY
41.1457,-73.8238,Briarcliff Manor,NY
40.9379,-72.3009,Bridgehampton,NY
43.1553,-75.9694,Bridgeport,NY
42.9159,-76.7524,Bridgeport,NY
43.1476,-77.5506,Brighton,NY
40.7209,-73.2673,Brightwaters,NY
41.544,-73.8682,Brinckerhoff,NY
43.0587,-74.1965,Broadalbin,NY
43.2137,-77.9392,Brockport,NY
42.3887,-79.4412,Brocton,NY
40.8499,-73.8664,The Bronx,NY
40.9382,-73.8321,Bronxville,NY
40.7793,-72.9154,Brookhaven,NY
40.6501,-73.9496,Brooklyn,NY
40.8132,-73.5674,Brookville,NY
44.007,-75.9841,Brownville,NY
41.7998,-74.3807,Brownville,NY
41.262,-73.9382,Buchanan,NY
42.8865,-78.8784,Buffalo,NY
42.299,-73.9985,Cairo,NY
44.0217,-75.846,Calcium,NY
42.9731,-77.8528,Caledonia,NY
40.9065,-72.7434,Calverton,NY
43.0281,-73.3812,Cambridge,NY
43.3345,-75.748,Camden,NY
42.9056,-74.5718,Canajoharie,NY
42.8742,-77.288,Canandaigua,NY
43.0795,-75.7507,Canastota,NY
42.2704,-77.6058,Canisteo,NY
44.5956,-75.1691,Canton,NY
40.7526,-73.6104,Carle Place,NY
41.4301,-73.6801,Carmel,NY
43.9781,-75.6094,Carthage,NY
42.629,-78.0545,Castile,NY
42.5184,-73.7512,Castleton-on-Hudson,NY
42.2173,-73.8646,Catskill,NY
42.3292,-78.8681,Cattaraugus,NY
42.4601,-76.4878,Cayuga Heights,NY
42.9301,-75.8527,Cazenovia,NY
40.6229,-73.7243,Cedarhurst,NY
42.1095,-79.2831,Celoron,NY
40.8004,-72.7898,Center Moriches,NY
40.8584,-73.0995,Centereach,NY
43.0409,-76.5927,Centerport,NY
40.8854,-73.3762,Centerport,NY
40.7906,-73.2018,Central Islip,NY
43.2867,-76.146,Central Square,NY
41.3318,-74.121,Central Valley,NY
43.0279,-75.2716,Chadwicks,NY
44.9864,-73.4465,Champlain,NY
41.1595,-73.7648,Chappaqua,NY
42.3642,-73.5948,Chatham,NY
42.9034,-78.7548,Cheektowaga,NY
42.1667,-75.8624,Chenango Bridge,NY
41.3626,-74.2713,Chester,NY
41.0843,-74.0557,Chestnut Ridge,NY
43.0451,-75.8666,Chittenango,NY
43.1042,-77.8845,Churchville,NY
42.9767,-78.592,Clarence,NY
43.0106,-78.6375,Clarence Center,NY
43.0923,-75.3796,Clark Mills,NY
43.2331,-77.9275,Clarkson,NY
44.2395,-76.0858,Clayton,NY
42.9617,-77.14,Clifton Springs,NY
43.0484,-75.3785,Clinton,NY
41.6948,-74.0512,Clintondale,NY
42.0209,-79.63,Clymer,NY
42.6778,-74.4854,Cobleskill,NY
42.7742,-73.7001,Cohoes,NY
41.4201,-73.9546,Cold Spring,NY
40.8715,-73.4568,Cold Spring Harbor,NY
42.7179,-73.8335,Colonie,NY
40.8429,-73.2929,Commack,NY
40.5779,-73.994,Coney Island,NY
41.1506,-73.9454,Congers,NY
43.2478,-76.0002,Constantia,NY
42.7005,-74.9243,Cooperstown,NY
40.6815,-73.3998,Copiague,NY
40.8687,-73.0015,Coram,NY
43.2445,-73.8323,Corinth,NY
42.1429,-77.0547,Corning,NY
41.4448,-74.0157,Cornwall-on-Hudson,NY
42.6012,-76.1805,Cortland,NY
42.9151,-73.8051,Country Knolls,NY
42.3509,-73.8029,Coxsackie,NY
41.2951,-73.8654,Crompond,NY
41.2084,-73.8912,Croton-on-Hudson,NY
41.6373,-73.9379,Crown Heights,NY
41.2334,-73.9226,Crugers,NY
42.2176,-78.2753,Cuba,NY
44.7164,-73.4026,Cumberland Head,NY
41.0107,-72.4851,Cutchogue,NY
44.7214,-73.7237,Dannemora,NY
42.5609,-77.6961,Dansville,NY
40.7618,-73.3293,Deer Park,NY
42.4892,-78.4809,Delevan,NY
42.2781,-74.916,Delhi,NY
42.622,-73.8326,Delmar,NY
42.904,-78.6923,Depew,NY
42.0601,-75.4277,Deposit,NY
44.0078,-76.0444,Dexter,NY
40.8048,-73.3362,Dix Hills,NY
41.0145,-73.8726,Dobbs Ferry,NY
43.1009,-74.7729,Dolgeville,NY
41.7412,-73.5765,Dover Plains,NY
42.4909,-76.2972,Dryden,NY
42.5234,-76.9766,Dundee,NY
42.4795,-79.3339,Dunkirk,NY
40.7898,-73.7471,East Atlantic Beach,NY
42.7678,-78.6134,East Aurora,NY
40.7293,-73.4168,East Farmingdale,NY
40.7308,-73.5981,East Garden City,NY
42.8945,-73.9279,East Glenville,NY
42.5909,-73.7018,East Greenbush,NY
40.9634,-72.1848,East Hampton,NY
40.7937,-73.6271,East Hills,NY
40.732,-73.1857,East Islip,NY
42.4395,-76.4785,East Ithaca,NY
40.714,-73.559,East Meadow,NY
40.6734,-73.4365,East Massapequa,NY
40.8051,-72.7609,East Moriches,NY
40.6668,-73.8824,East New York,NY
40.8768,-73.3246,East Northport,NY
40.8468,-73.5351,East Norwich,NY
40.767,-72.9962,East Patchogue,NY
40.8407,-72.5815,East Quogue,NY
43.1087,-77.4875,East Rochester,NY
40.642,-73.6696,East Rockaway,NY
40.9415,-73.1059,East Setauket,NY
40.9448,-72.8795,East Shoreham,NY
43.0653,-76.0785,East Syracuse,NY
40.7584,-73.6349,East Williston,NY
40.8876,-73.8329,Eastchester,NY
40.8259,-72.7318,Eastport,NY
40.9306,-73.4015,Eatons Neck,NY
42.6523,-78.897,Eden,NY
41.2887,-74.4943,Eden,NY
42.9634,-78.8039,Eggertsville,NY
43.0345,-76.448,Elbridge,NY
44.2162,-73.591,Elizabethtown,NY
41.717,-74.3957,Ellenville,NY
42.8298,-78.6361,Elma Center,NY
42.0898,-76.8077,Elmira,NY
42.1298,-76.8208,Elmira Heights,NY
40.7009,-73.7129,Elmont,NY
41.0551,-73.8201,Elmsford,NY
40.8454,-73.3351,Elwood,NY
42.0984,-76.0494,Endicott,NY
42.1129,-76.021,Endwell,NY
43.0473,-76.2385,Fairmount,NY
43.0987,-77.4419,Fairport,NY
41.7237,-73.9199,Fairview,NY
41.0434,-73.7974,Fairview,NY
42.1187,-79.1984,Falconer,NY
40.7326,-73.4454,Farmingdale,NY
40.8312,-73.0296,Farmingville,NY
43.0298,-76.0044,Fayetteville,NY
41.4393,-74.0451,Firthcliffe,NY
41.5356,-73.899,Fishkill,NY
40.9034,-72.6176,Flanders,NY
40.7237,-73.7048,Floral Park,NY
41.3318,-74.3568,Florida,NY
40.8073,-73.6812,Flower Hill,NY
42.9545,-74.3765,Fonda,NY
43.267,-73.5846,Fort Edward,NY
41.3315,-73.9868,Fort Montgomery,NY
42.9315,-74.6226,Fort Plain,NY
40.9126,-73.301,Fort Salonga,NY
43.039,-75.0704,Frankfort,NY
40.7073,-73.676,Franklin Square,NY
42.337,-78.4581,Franklinville,NY
42.4401,-79.3317,Fredonia,NY
40.6576,-73.5832,Freeport,NY
42.0545,-79.1581,Frewsburg,NY
42.2065,-78.1375,Friendship,NY
43.3229,-76.4172,Fulton,NY
43.0901,-76.173,Galeville,NY
40.7268,-73.6343,Garden City,NY
40.7409,-73.6626,Garden City Park,NY
40.7123,-73.661,Garden City South,NY
42.1462,-77.1116,Gang Mills,NY
41.5351,-74.0701,Gardnertown,NY
43.1992,-78.5761,Gasport,NY
42.7959,-77.817,Geneseo,NY
42.869,-76.9777,Geneva,NY
42.0437,-73.9474,Glasco,NY
40.8623,-73.6337,Glen Cove,NY
40.8354,-73.6237,Glen Head,NY
43.3095,-73.644,Glens Falls,NY
40.8307,-73.6387,Glenwood Landing,NY
43.0528,-74.3438,Gloversville,NY
41.2934,-73.6768,Goldens Bridge,NY
40.8587,-72.9707,Gordon Heights,NY
41.402,-74.3243,Goshen,NY
44.3367,-75.463,Gouverneur,NY
42.4631,-78.9359,Gowanda,NY
42.9965,-78.955,Grandyle Village,NY
43.4079,-73.2596,Granville,NY
40.8007,-73.7285,Great Neck,NY
40.7972,-73.7239,Great Neck Gardens,NY
40.7868,-73.7265,Great Neck Plaza,NY
40.7212,-73.1576,Great River,NY
40.7871,-73.7368,Great Neck Estates,NY
43.2098,-77.6931,Greece,NY
42.7442,-73.6915,Green Island,NY
41.0329,-73.8429,Greenburgh,NY
42.3292,-75.7699,Greene,NY
40.869,-73.3651,Greenlawn,NY
41.1034,-72.3593,Greenport,NY
40.8107,-73.6285,Greenvale,NY
40.9931,-73.8199,Greenville,NY
43.0906,-73.4987,Greenwich,NY
41.2226,-74.2943,Greenwood Lake,NY
42.5879,-76.3669,Groton,NY
43.3173,-73.8482,Hadley,NY
42.9745,-74.151,Hagaman,NY
40.8884,-73.4154,Halesite,NY
42.7159,-78.8295,Hamburg,NY
42.827,-75.5446,Hamilton,NY
43.3031,-77.9211,Hamlin,NY
40.869,-72.5176,Hampton Bays,NY
42.6209,-73.7284,Hampton Manor,NY
41.954,-75.2805,Hancock,NY
44.6123,-74.971,Hannawa Falls,NY
40.6034,-73.6646,Harbor Isle,NY
41.3084,-74.1446,Harriman,NY
42.9648,-78.6775,Harris Hill,NY
40.969,-73.7126,Harrison,NY
41.019,-73.7982,Hartsdale,NY
40.9945,-73.8787,Hastings-on-Hudson,NY
40.8257,-73.2026,Hauppauge,NY
41.1976,-73.9646,Haverstraw,NY
41.7668,-73.9015,Haviland,NY
41.1073,-73.796,Hawthorne,NY
40.9034,-73.1579,Head of the Harbor,NY
40.7062,-73.6187,Hempstead,NY
41.1498,-74.0337,New Hempstead,NY
43.0256,-74.986,Herkimer,NY
41.3395,-73.6974,Heritage Hills,NY
40.7554,-73.6668,Herricks,NY
40.6432,-73.6957,Hewlett,NY
40.6362,-73.6815,Hewlett Harbor,NY
40.7684,-73.5251,Hicksville,NY
41.7209,-73.9601,Highland,NY
41.3693,-73.9663,Highland Falls,NY
41.347,-74.1263,Highland Mills,NY
41.1279,-74.041,Hillcrest,NY
41.6148,-73.7982,Hillside Lake,NY
43.2881,-77.7933,Hilton,NY
40.8123,-73.0784,Holbrook,NY
42.9023,-77.4197,Holcomb,NY
42.6412,-78.5417,Holland,NY
43.2264,-78.0267,Holley,NY
40.8154,-73.0451,Holtsville,NY
42.637,-76.1788,Homer,NY
42.9523,-77.5903,Honeoye Falls,NY
42.9012,-73.3515,Hoosick Falls,NY
42.3278,-77.6611,Hornell,NY
42.167,-76.8205,Horseheads,NY
42.4234,-78.1572,Houghton,NY
42.2529,-73.791,Hudson,NY
43.3006,-73.5859,Hudson Falls,NY
40.8681,-73.4257,Huntington,NY
40.8998,-73.4148,Huntington Bay,NY
40.8534,-73.4115,Huntington Station,NY
41.9245,-74.0613,Hurley,NY
41.7848,-73.9332,Hyde Park,NY
43.0151,-75.0354,Ilion,NY
40.6221,-73.7468,Inwood,NY
40.8657,-73.9268,Inwood,NY
43.2134,-77.5797,Irondequoit,NY
41.0392,-73.8682,Irvington,NY
40.6043,-73.6554,Island Park,NY
40.8043,-73.169,Islandia,NY
40.7298,-73.2104,Islip,NY
40.7431,-73.1926,Islip Terrace,NY
42.4406,-76.4966,Ithaca,NY
40.6915,-73.8057,Jamaica,NY
40.9495,-72.5815,Jamesport,NY
42.097,-79.2353,Jamestown,NY
42.234,-73.8824,Jefferson Heights,NY
40.792,-73.5399,Jericho,NY
42.1156,-75.9588,Johnson City,NY
43.0067,-74.3676,Johnstown,NY
43.0653,-76.473,Jordan,NY
41.1212,-74.0671,Kaser,NY
41.259,-73.6854,Katonah,NY
44.505,-73.4801,Keeseville,NY
42.9659,-78.87,Kenmore,NY
40.7934,-73.7221,Kensington,NY
41.7748,-74.2982,Kerhonkson,NY
42.6153,-77.0922,Keuka Park,NY
42.3954,-73.6979,Kinderhook,NY
40.8862,-73.2573,Kings Park,NY
40.8198,-73.7351,Kings Point,NY
41.927,-73.9974,Kingston,NY
41.342,-74.1679,Kiryas Joel,NY
42.8256,-78.8234,Lackawanna,NY
41.4615,-73.671,Lake Carmel,NY
42.6242,-79.067,Lake Erie Beach,NY
40.8529,-73.1151,Lake Grove,NY
41.9856,-73.9882,Lake Katrine,NY
41.3179,-73.8462,Lake Mohegan,NY
44.2796,-73.982,Lake Placid,NY
43.4709,-74.4126,Lake Pleasant,NY
40.8351,-73.1312,Lake Ronkonkoma,NY
40.7707,-73.7176,Lake Success,NY
43.0903,-76.2405,Lakeland,NY
42.432,-75.8655,Lakeview,NY
40.6854,-73.6526,Lakeview,NY
42.1042,-79.3331,Lakewood,NY
42.9006,-78.6703,Lancaster,NY
42.4842,-76.4799,Lansing,NY
40.9279,-73.7518,Larchmont,NY
40.8954,-73.601,Lattingtown,NY
40.9695,-72.562,Laurel,NY
40.8568,-73.4696,Laurel Hollow,NY
40.6157,-73.7296,Lawrence,NY
42.9784,-77.9842,Le Roy,NY
40.7259,-73.5143,Levittown,NY
43.1726,-79.0359,Lewiston,NY
41.8012,-74.7465,Liberty,NY
40.589,-73.6254,Lido Beach,NY
42.9048,-77.6114,Lima,NY
41.9507,-73.994,Lincoln Park,NY
41.3229,-73.7182,Lincolndale,NY
40.6868,-73.3735,Lindenhurst,NY
43.0434,-74.8596,Little Falls,NY
42.2526,-78.8056,Little Valley,NY
43.1065,-76.2177,Liverpool,NY
41.9004,-74.8282,Livingston Manor,NY
42.8214,-77.6686,Livonia,NY
40.9034,-73.4598,Lloyd Harbor,NY
43.1706,-78.6903,Lockport,NY
40.8759,-73.5971,Locust Valley,NY
40.5884,-73.6579,Long Beach,NY
40.7448,-73.9488,Long Island City,NY
42.2637,-73.7685,Lorenz Park,NY
43.7867,-75.4918,Lowville,NY
40.6548,-73.6718,Lynbrook,NY
43.0815,-76.1258,Lyncourt,NY
43.0642,-76.9903,Lyons,NY
43.0692,-77.2989,Macedon,NY
41.3723,-73.7335,Mahopac,NY
44.8487,-74.2949,Malone,NY
40.679,-73.674,Malverne,NY
40.9487,-73.7326,Mamaroneck,NY
42.9698,-77.2303,Manchester,NY
40.7979,-73.6996,Manhasset,NY
40.7593,-73.6799,Manhasset Hills,NY
40.7834,-73.9663,Manhattan,NY
43.002,-75.9769,Manlius,NY
40.8432,-73.7148,Manorhaven,NY
40.8737,-72.8079,Manorville,NY
42.1423,-74.036,Manorville,NY
42.9828,-76.3405,Marcellus,NY
43.1434,-77.1891,Marion,NY
41.6056,-73.9715,Marlboro,NY
40.6807,-73.4743,Massapequa,NY
40.6804,-73.4551,Massapequa Park,NY
44.9281,-74.8919,Massena,NY
40.802,-72.8409,Mastic,NY
40.7668,-72.8521,Mastic Beach,NY
40.9912,-72.5343,Mattituck,NY
43.0978,-76.1452,Mattydale,NY
41.484,-74.2177,Maybrook,NY
42.254,-79.5045,Mayville,NY
42.5962,-76.0933,McGraw,NY
42.684,-73.8476,McKownville,NY
41.4429,-74.3885,Mechanicstown,NY
42.9029,-73.6873,Mechanicville,NY
40.8176,-73.0001,Medford,NY
43.2201,-78.387,Medina,NY
42.9087,-76.5402,Melrose Park,NY
40.7934,-73.4151,Melville,NY
42.692,-73.7246,Menands,NY
40.6629,-73.5515,Merrick,NY
43.4595,-76.2288,Mexico,NY
40.8843,-72.9373,Middle Island,NY
42.5987,-74.3329,Middleburgh,NY
42.7906,-75.5599,Middleport,NY
43.2126,-78.4764,Middleport,NY
41.4459,-74.4229,Middletown,NY
41.7851,-73.694,Millbrook,NY
40.9598,-72.9962,Miller Place,NY
43.0337,-73.8526,Milton,NY
41.6598,-73.9571,Milton,NY
40.7493,-73.6407,Mineola,NY
43.3981,-76.4774,Minetto,NY
44.0928,-73.5182,Mineville,NY
43.0762,-76.0007,Minoa,NY
43.0115,-75.004,Mohawk,NY
41.3306,-74.1868,Monroe,NY
41.1112,-74.0685,Monsey,NY
41.0359,-71.9545,Montauk,NY
41.1359,-74.1185,Montebello,NY
41.5276,-74.2368,Montgomery,NY
41.6557,-74.6893,Monticello,NY
42.3473,-76.8452,Montour Falls,NY
41.2523,-73.9315,Montrose,NY
42.7126,-76.4216,Moravia,NY
40.8073,-72.8212,Moriches,NY
44.6931,-73.5621,Morrisonville,NY
42.8987,-75.6402,Morrisville,NY
41.1868,-74.0349,Mount Ivy,NY
41.2043,-73.7271,Mount Kisco,NY
42.7256,-77.8742,Mount Morris,NY
40.947,-73.0296,Mount Sinai,NY
40.9126,-73.8371,Mount Vernon,NY
41.3884,-74.1418,Mountain Lodge Park,NY
40.7987,-73.6799,Munsey Park,NY
42.5823,-76.2091,Munsons Corners,NY
41.6062,-73.8729,Myers Corner,NY
40.824,-73.5476,Muttontown,NY
41.0887,-74.0135,Nanuet,NY
41.744,-74.3715,Napanoch,NY
42.6153,-77.4025,Naples,NY
42.5159,-73.6101,Nassau,NY
42.9751,-76.1413,Nedrow,NY
40.852,-73.154,Nesconset,NY
42.6242,-75.3316,New Berlin,NY
40.759,-73.5696,New Cassel,NY
41.1476,-73.9893,New City,NY
43.0734,-75.2877,New Hartford,NY
40.7351,-73.6879,New Hyde Park,NY
41.7476,-74.0868,New Paltz,NY
40.9115,-73.7823,New Rochelle,NY
41.1396,-74.0294,New Square,NY
41.4768,-74.0238,New Windsor,NY
40.7143,-74.006,New York City,NY
43.1054,-75.2913,New York Mills,NY
43.0467,-77.0952,Newark,NY
41.5034,-74.0104,Newburgh,NY
43.2867,-78.7103,Newfane,NY
43.0945,-79.0567,Niagara Falls,NY
42.7798,-73.8457,Niskayuna,NY
40.904,-73.1979,Nissequogue,NY
42.4409,-73.6609,Niverville,NY
44.8009,-74.991,Norfolk,NY
40.6976,-73.4251,North Amityville,NY
40.7165,-73.3218,North Babylon,NY
40.7362,-73.2626,North Bay Shore,NY
40.6915,-73.5335,North Bellmore,NY
40.7743,-72.9429,North Bellport,NY
42.6856,-78.7767,North Boston,NY
42.5953,-78.9411,North Collins,NY
43.1765,-77.7014,North Gates,NY
40.7473,-73.1698,North Great River,NY
40.7809,-73.6765,North Hills,NY
40.7143,-73.3815,North Lindenhurst,NY
40.7009,-73.4621,North Massapequa,NY
40.6912,-73.5632,North Merrick,NY
40.7432,-73.6932,North New Hyde Park,NY
40.787,-73.009,North Patchogue,NY
40.9329,-72.4142,North Sea,NY
43.1348,-76.1299,North Syracuse,NY
43.0387,-78.8642,North Tonawanda,NY
40.6851,-73.7018,North Valley Stream,NY
40.6934,-73.5076,North Wantagh,NY
40.9009,-73.3432,Northport,NY
43.2256,-74.1721,Northville,NY
40.9701,-72.619,Northville,NY
41.0098,-72.2212,Northwest Harbor,NY
42.5312,-75.5235,Norwich,NY
44.7514,-74.9944,Norwood,NY
40.9957,-72.3412,Noyack,NY
42.5795,-77.9425,Nunda,NY
41.0906,-73.9179,Nyack,NY
42.2512,-73.7801,Oakdale,NY
40.744,-73.1387,Oakdale,NY
43.0659,-78.2697,Oakfield,NY
40.6387,-73.6401,Oceanside,NY
44.6942,-75.4863,Ogdensburg,NY
43.3378,-78.7148,Olcott,NY
40.7626,-73.4532,Old Bethpage,NY
40.832,-73.6048,Old Brookville,NY
40.7887,-73.5996,Old Westbury,NY
42.0776,-78.4297,Olean,NY
43.0926,-75.6513,Oneida,NY
42.4529,-75.0638,Oneonta,NY
43.2209,-77.283,Ontario,NY
41.5398,-74.0982,Orange Lake,NY
41.0465,-73.9496,Orangeburg,NY
42.7676,-78.7439,Orchard Park,NY
43.1573,-75.3327,Oriskany,NY
41.1629,-73.8615,Ossining,NY
43.4554,-76.5105,Oswego,NY
42.3973,-75.1735,Otego,NY
41.4734,-74.5385,Otisville,NY
42.1034,-76.2622,Owego,NY
42.442,-75.5977,Oxford,NY
40.8657,-73.5321,Oyster Bay,NY
40.8709,-73.511,Oyster Bay Cove,NY
42.162,-77.0941,Painted Post,NY
42.1745,-74.0201,Palenville,NY
43.0639,-77.2333,Palmyra,NY
40.7657,-73.0151,Patchogue,NY
41.562,-73.6026,Pawling,NY
41.3676,-73.5779,Peach Lake,NY
41.059,-74.0218,Pearl River,NY
41.2901,-73.9204,Peekskill,NY
40.9098,-73.8079,Pelham,NY
40.8954,-73.8071,Pelham Manor,NY
42.6609,-77.0539,Penn Yan,NY
42.7156,-78.0056,Perry,NY
43.0176,-74.194,Perth,NY
44.5784,-73.5268,Peru,NY
43.0823,-76.408,Peru,NY
42.9576,-77.0575,Phelps,NY
44.1545,-75.7088,Philadelphia,NY
42.2484,-73.6532,Philmont,NY
43.2312,-76.3008,Phoenix,NY
41.042,-73.9182,Piermont,NY
41.6082,-74.299,Pine Bush,NY
41.9798,-73.656,Pine Plains,NY
43.0906,-77.515,Pittsford,NY
40.7173,-73.4837,Plainedge,NY
40.7765,-73.4673,Plainview,NY
40.8068,-73.7035,Plandome,NY
40.8026,-73.7043,Plandome Heights,NY
41.6176,-74.076,Plattekill,NY
44.6995,-73.4529,Plattsburgh,NY
41.7445,-73.8212,Pleasant Valley,NY
41.1329,-73.7926,Pleasantville,NY
42.6904,-73.5646,Poestenkill,NY
40.5923,-73.5807,Point Lookout,NY
41.167,-74.0432,Pomona,NY
43.0345,-76.6238,Port Byron,NY
41.0018,-73.6657,Port Chester,NY
42.1334,-75.8963,Port Dickinson,NY
41.9054,-73.9762,Port Ewen,NY
44.0484,-73.4599,Port Henry,NY
40.9465,-73.0693,Port Jefferson,NY
40.9254,-73.0473,Port Jefferson Station,NY
41.3751,-74.6927,Port Jervis,NY
40.8257,-73.6982,Port Washington,NY
40.8448,-73.7018,Port Washington North,NY
42.0387,-78.3409,Portville,NY
44.6698,-74.9813,Potsdam,NY
41.7004,-73.921,Poughkeepsie,NY
41.2087,-73.5748,Pound Ridge,NY
43.567,-76.1277,Pulaski,NY
41.0409,-73.7146,Purchase,NY
41.462,-73.5462,Putnam Lake,NY
40.6815,-73.8365,Borough of Queens,NY
43.3773,-73.6132,Queensbury,NY
42.162,-78.9753,Randolph,NY
43.2387,-78.9098,Ransomville,NY
43.0984,-78.6409,Rapids,NY
42.4684,-73.8162,Ravena,NY
41.9951,-73.8754,Red Hook,NY
41.6557,-73.8749,Red Oaks Mill,NY
42.6426,-73.7429,Rensselaer,NY
41.9268,-73.9126,Rhinebeck,NY
42.8534,-74.9854,Richfield Springs,NY
40.894,-72.8959,Ridge,NY
40.917,-72.662,Riverhead,NY
40.8812,-72.6779,Riverside,NY
43.1548,-77.6156,Rochester,NY
41.6259,-74.5977,Rock Hill,NY
40.6587,-73.6412,Rockville Centre,NY
40.9526,-72.9254,Rocky Point,NY
42.6951,-73.8071,Roessleville,NY
43.2129,-75.4557,Rome,NY
40.8154,-73.1123,Ronkonkoma,NY
40.6787,-73.589,Roosevelt,NY
40.7998,-73.651,Roslyn,NY
40.7943,-73.6604,Roslyn Estates,NY
40.8165,-73.6371,Roslyn Harbor,NY
40.7887,-73.6474,Roslyn Heights,NY
42.787,-73.971,Rotterdam,NY
44.9939,-73.3649,Rouses Point,NY
40.9806,-73.6837,Rye,NY
41.0193,-73.6835,Rye Brook,NY
43.9462,-76.1191,Sackets Harbor,NY
40.9979,-72.2926,Sag Harbor,NY
40.879,-73.1568,Saint James,NY
42.9981,-74.6829,Saint Johnsville,NY
42.1578,-78.715,Salamanca,NY
40.7457,-73.5601,Salisbury,NY
43.1367,-78.8848,Sanborn,NY
40.8518,-73.7187,Sands Point,NY
44.3295,-74.1313,Saranac Lake,NY
43.0831,-73.7846,Saratoga Springs,NY
42.0776,-73.9529,Saugerties,NY
40.7359,-73.0821,Sayville,NY
41.0051,-73.7846,Scarsdale,NY
42.8142,-73.9396,Schenectady,NY
42.6659,-74.3096,Schoharie,NY
43.1001,-73.5818,Schuylerville,NY
41.4815,-74.3602,Scotchtown,NY
42.8265,-73.9643,Scotia,NY
43.0259,-77.7453,Scottsville,NY
40.849,-73.6449,Sea Cliff,NY
40.6659,-73.4882,Seaford,NY
40.7748,-73.6557,Searingtown,NY
40.8665,-73.0357,Selden,NY
42.9106,-76.7966,Seneca Falls,NY
43.1201,-76.2863,Seneca Knolls,NY
41.0682,-72.3387,Shelter Island,NY
41.084,-72.3559,Shelter Island Heights,NY
41.3318,-73.7382,Shenorock,NY
42.6781,-75.4985,Sherburne,NY
43.0737,-75.5982,Sherrill,NY
40.8909,-72.4637,Shinnecock Hills,NY
40.8015,-72.8676,Shirley,NY
41.9734,-74.2121,Shokan,NY
42.9559,-77.2208,Shortsville,NY
41.3276,-73.8196,Shrub Oak,NY
42.3148,-75.3916,Sidney,NY
42.5442,-79.1667,Silver Creek,NY
42.947,-76.4291,Skaneateles,NY
41.0857,-73.8585,Sleepy Hollow,NY
42.8934,-78.7939,Sloan,NY
41.1545,-74.1929,Sloatsburg,NY
40.8559,-73.2007,Smithtown,NY
43.2378,-77.0614,Sodus,NY
43.0581,-76.2074,Solvay,NY
40.9562,-72.9679,Sound Beach,NY
42.1217,-77.0372,South Corning,NY
41.7206,-74.6343,South Fallsburg,NY
40.7207,-73.4401,South Farmingdale,NY
40.7143,-73.7001,South Floral Park,NY
43.2992,-73.6351,South Glens Falls,NY
40.6809,-73.6154,South Hempstead,NY
42.4292,-76.4949,South Hill,NY
40.8237,-73.3987,South Huntington,NY
43.1501,-78.6967,South Lockport,NY
41.0832,-73.9201,South Nyack,NY
40.6559,-73.7176,South Valley Stream,NY
40.8843,-72.3895,Southampton,NY
41.0648,-72.4262,Southold,NY
42.0548,-76.8191,Southport,NY
41.6559,-73.9135,Spackenkill,NY
41.0312,-73.9271,Sparkill,NY
43.1865,-77.8039,Spencerport,NY
41.0162,-72.1592,Springs,NY
42.5084,-78.6672,Springville,NY
41.1131,-74.0438,Spring Valley,NY
42.0803,-78.475,Saint Bonaventure,NY
42.4073,-74.6143,Stamford,NY
40.5623,-74.1399,Staten Island,NY
40.7193,-73.6885,Stewart Manor,NY
42.9384,-73.6532,Stillwater,NY
41.8531,-74.139,Stone Ridge,NY
40.9256,-73.1409,Stony Brook,NY
41.2295,-73.9871,Stony Point,NY
42.2862,-73.7387,Stottville,NY
41.1148,-74.1496,Suffern,NY
42.4648,-77.1083,Sylvan Beach,NY
40.8262,-73.5021,Syosset,NY
43.0481,-76.1474,Syracuse,NY
41.022,-73.9474,Tappan,NY
41.0762,-73.8588,Tarrytown,NY
40.909,-73.0651,Terryville,NY
41.2107,-74.0176,Thiells,NY
40.7862,-73.7137,Thomaston,NY
41.1234,-73.779,Thornwood,NY
43.8487,-73.4235,Ticonderoga,NY
41.829,-74.0685,Tillson,NY
42.0584,-73.9093,Tivoli,NY
43.0203,-78.8803,Tonawanda,NY
42.8906,-78.5778,Town Line,NY
42.9554,-74.2851,Tribes Hill,NY
42.7284,-73.6918,Troy,NY
42.5423,-76.6661,Trumansburg,NY
40.899,-72.4109,Tuckahoe,NY
40.9504,-73.8274,Tuckahoe,NY
44.224,-74.4641,Tupper Lake,NY
42.3254,-75.3124,Unadilla,NY
42.8398,-76.6933,Union Springs,NY
40.7004,-73.5929,Uniondale,NY
40.7773,-73.7226,University Gardens,NY
40.8387,-73.5651,Upper Brookville,NY
41.107,-73.9201,Upper Nyack,NY
43.1009,-75.2327,Utica,NY
41.4543,-74.0576,Vails Gate,NY
42.4134,-73.6732,Valatie,NY
41.0748,-73.7751,Valhalla,NY
41.1181,-73.9554,Valley Cottage,NY
40.6643,-73.7085,Valley Stream,NY
43.0795,-75.5393,Vernon,NY
41.2529,-73.9599,Verplanck,NY
42.9826,-77.4089,Victor,NY
43.1334,-76.313,Village Green,NY
40.8562,-73.1873,Village of the Branch,NY
41.1365,-74.0824,Viola,NY
42.654,-73.9287,Voorheesville,NY
40.9504,-72.8426,Wading River,NY
41.5612,-74.1885,Walden,NY
41.6056,-74.184,Wallkill,NY
42.1695,-75.1293,Walton,NY
41.3098,-74.229,Walton Park,NY
43.0754,-75.7069,Wampsville,NY
40.6837,-73.5101,Wantagh,NY
42.7462,-78.9031,Wanakah,NY
41.5965,-73.911,Wappingers Falls,NY
43.4967,-73.7762,Warrensburg,NY
42.7401,-78.1328,Warsaw,NY
41.2565,-74.3599,Warwick,NY
41.4701,-74.4157,Washington Heights,NY
43.0501,-75.2729,Washington Mills,NY
41.4279,-74.166,Washingtonville,NY
40.9059,-72.362,Water Mill,NY
42.7926,-73.6812,Waterford,NY
42.9048,-76.8627,Waterloo,NY
40.9196,-72.3427,Water Mill,NY
43.9748,-75.9108,Watertown,NY
42.9312,-75.3799,Waterville,NY
42.3806,-76.8733,Watkins Glen,NY
42.0104,-76.5272,Waverly,NY
43.2123,-77.43,Webster,NY
43.0487,-76.5627,Weedsport,NY
42.122,-77.9481,Wellsville,NY
42.8759,-74.2724,Wellsville,NY
41.1593,-74.0699,Wesley Hills,NY
42.6831,-73.7785,West Albany,NY
40.7182,-73.3543,West Babylon,NY
40.7087,-73.2812,West Bay Shore,NY
43.9742,-75.6152,West Carthage,NY
42.0781,-76.8452,West Elmira,NY
42.4687,-75.0938,West End,NY
43.3001,-73.684,West Glens Falls,NY
41.2095,-73.9854,West Haverstraw,NY
40.7048,-73.6501,West Hempstead,NY
40.8162,-73.4323,West Hills,NY
41.9973,-74.1049,West Hurley,NY
40.7062,-73.3062,West Islip,NY
41.0965,-73.9729,West Nyack,NY
41.3915,-73.956,West Point,NY
42.6434,-73.6087,West Sand Lake,NY
40.7279,-73.0976,West Sayville,NY
42.8501,-78.7998,West Seneca,NY
40.7557,-73.5876,Westbury,NY
42.3223,-79.5781,Westfield,NY
40.8245,-72.6662,Westhampton,NY
40.8032,-72.6145,Westhampton Beach,NY
42.6912,-73.8687,Westmere,NY
42.0759,-78.3725,Weston Mills,NY
42.0623,-78.3772,Westons Mills,NY
43.0476,-76.2205,Westvale,NY
40.7637,-73.3698,Wheatley Heights,NY
41.034,-73.7629,White Plains,NY
43.5556,-73.4037,Whitehall,NY
43.122,-75.2916,Whitesboro,NY
43.224,-77.1861,Williamson,NY
42.9639,-78.7378,Williamsville,NY
40.7565,-73.6449,Williston Park,NY
43.3098,-78.8261,Wilson,NY
43.2206,-76.815,Wolcott,NY
40.8257,-73.4676,Woodbury,NY
41.3645,-74.106,Woodbury,NY
40.632,-73.7126,Woodmere,NY
42.0409,-74.1182,Woodstock,NY
42.5915,-74.7504,Worcester,NY
41.5768,-74.4871,Wurtsboro,NY
40.754,-73.3604,Wyandanch,NY
42.6968,-73.6443,Wynantskill,NY
40.8368,-72.9171,Yaphank,NY
40.9312,-73.8988,Yonkers,NY
42.5301,-78.4728,Yorkshire,NY
41.2709,-73.7776,Yorktown Heights,NY
43.1129,-75.271,Yorkville,NY
43.2473,-79.05,Youngstown,NY
42.0168,-74.0763,Zena,NY
40.7695,-83.8227,Ada,OH
41.0814,-81.519,Akron,OH
40.9153,-81.1059,Alliance,OH
41.3978,-82.2224,Amherst,OH
41.6067,-80.5723,Andover,OH
40.3945,-84.1727,Anna,OH
40.2145,-84.6369,Ansonia,OH
41.1814,-84.7405,Antwerp,OH
40.7517,-81.8393,Apple Creek,OH
41.5214,-84.3072,Archbold,OH
40.8937,-83.6502,Arlington,OH
40.8687,-82.3182,Ashland,OH
40.4089,-82.9555,Ashley,OH
41.865,-80.7898,Ashtabula,OH
41.3175,-81.3454,Aurora,OH
41.1017,-80.7645,Austintown,OH
41.4517,-82.0354,Avon,OH
41.4598,-82.0196,Avon Center,OH
41.5053,-82.0282,Avon Lake,OH
41.3864,-81.3396,Bainbridge,OH
41.3278,-83.1321,Ballville,OH
41.0128,-81.6051,Barberton,OH
41.4848,-81.9221,Bay Village,OH
40.6531,-81.581,Beach City,OH
41.4645,-81.5087,Beachwood,OH
41.3931,-81.5365,Bedford,OH
41.417,-81.5273,Bedford Heights,OH
40.0237,-82.6507,Beechwood Trails,OH
40.0162,-80.7423,Bellaire,OH
40.3612,-83.7597,Bellefontaine,OH
41.2737,-82.8416,Bellevue,OH
40.6201,-82.5107,Bellville,OH
41.3662,-81.8543,Berea,OH
40.0162,-81.0726,Bethesda,OH
40.8953,-83.8888,Bluffton,OH
41.0242,-80.6629,Boardman,OH
41.2073,-80.7776,Bolindale,OH
41.2648,-81.5132,Boston Heights,OH
40.4678,-84.1805,Botkins,OH
41.3748,-83.6513,Bowling Green,OH
40.1323,-84.4308,Bradford,OH
41.5425,-81.6262,Bratenahl,OH
41.3198,-81.6268,Brecksville,OH
40.707,-81.5982,Brewster,OH
40.0698,-80.7401,Bridgeport,OH
40.2648,-80.6262,Brilliant,OH
41.1001,-81.3465,Brimfield,OH
41.3139,-81.6851,Broadview Heights,OH
41.3984,-81.8046,Brook Park,OH
41.2406,-80.5579,Brookfield Center,OH
41.4398,-81.7354,Brooklyn,OH
41.4253,-81.6882,Brooklyn Heights,OH
41.2381,-81.8418,Brunswick,OH
41.4748,-84.5524,Bryan,OH
40.8084,-82.9755,Bucyrus,OH
41.5723,-84.308,Burlington,OH
41.4706,-81.1451,Burton,OH
40.2728,-80.9968,Cadiz,OH
40.6734,-80.5765,Calcutta,OH
40.0312,-81.5885,Cambridge,OH
41.0784,-80.5992,Campbell,OH
40.8898,-81.5976,Canal Fulton,OH
41.0251,-80.7609,Canfield,OH
40.7989,-81.3785,Canton,OH
40.5006,-82.8935,Cardington,OH
40.9526,-83.3824,Carey,OH
40.5728,-81.0857,Carrollton,OH
40.5489,-84.5702,Celina,OH
40.3045,-82.6963,Centerburg,OH
41.4362,-81.3865,Chagrin Falls,OH
41.6142,-81.149,Chardon,OH
41.5223,-81.3379,Chesterland,OH
41.162,-80.6648,Churchill,OH
41.4995,-81.6954,Cleveland,OH
40.9267,-81.6304,Clinton,OH
41.3042,-82.9752,Clyde,OH
40.4798,-84.6283,Coldwater,OH
40.8884,-80.694,Columbiana,OH
40.9195,-84.0569,Columbus Grove,OH
41.9476,-80.5542,Conneaut,OH
41.1003,-84.2663,Continental,OH
40.9167,-84.7027,Convoy,OH
41.3303,-80.7254,Cortland,OH
40.272,-81.8596,Coshocton,OH
40.1173,-84.3538,Covington,OH
41.117,-80.9834,Craig Beach,OH
40.7876,-82.7366,Crestline,OH
40.987,-81.8937,Creston,OH
40.6542,-84.1508,Cridersville,OH
41.6184,-83.3677,Curtice,OH
41.1339,-81.4846,Cuyahoga Falls,OH
40.7989,-81.6954,Dalton,OH
40.4476,-82.2602,Danville,OH
40.312,-83.9158,De Graff,OH
41.2845,-84.3558,Defiance,OH
40.2987,-83.068,Delaware,OH
40.8434,-84.3416,Delphos,OH
41.5737,-84.0052,Delta,OH
40.3934,-81.3337,Dennison,OH
41.2075,-83.8991,Deshler,OH
40.5206,-81.474,Dover,OH
40.9701,-81.6965,Doylestown,OH
40.1215,-82.0107,Dresden,OH
40.0992,-83.1141,Dublin,OH
40.7873,-81.2826,East Canton,OH
41.5331,-81.579,East Cleveland,OH
40.6187,-80.5773,East Liverpool,OH
40.834,-80.5404,East Palestine,OH
41.6539,-81.4504,Eastlake,OH
41.3089,-82.0057,Eaton Estates,OH
41.4487,-84.748,Edgerton,OH
41.8728,-80.7729,Edgewood,OH
40.7887,-84.2038,Elida,OH
41.4762,-83.2958,Elmore,OH
41.3684,-82.1077,Elyria,OH
41.5931,-81.5268,Euclid,OH
41.1278,-81.6098,Fairlawn,OH
41.75,-81.274,Fairport Harbor,OH
41.4414,-81.8643,Fairview Park,OH
41.6734,-84.3269,Fayette,OH
41.0442,-83.6499,Findlay,OH
40.8017,-83.5105,Forest,OH
40.3514,-84.3738,Fort Loramie,OH
40.4128,-84.7763,Fort Recovery,OH
40.6867,-84.1377,Fort Shawnee,OH
41.157,-83.4169,Fostoria,OH
40.1173,-82.1193,Frazeysburg,OH
40.4812,-82.5407,Fredericktown,OH
41.3503,-83.1219,Fremont,OH
40.0192,-82.8793,Gahanna,OH
40.7337,-82.7899,Galion,OH
40.3756,-82.3971,Gambier,OH
41.417,-81.606,Garfield Heights,OH
41.2842,-81.0965,Garrettsville,OH
41.5175,-81.4035,Gates Mills,OH
41.8051,-80.9481,Geneva,OH
41.8595,-80.954,Geneva-on-the-Lake,OH
40.7828,-81.4665,Genoa,OH
41.3845,-83.3205,Gibsonburg,OH
41.154,-80.7015,Girard,OH
41.0289,-84.0791,Glandorf,OH
41.397,-81.5423,Glendale,OH
40.6662,-80.6231,Glenmoor,OH
40.3584,-81.4343,Gnadenhutten,OH
41.2726,-82.0546,Grafton,OH
40.0681,-82.5196,Granville,OH
40.9459,-81.4832,Green,OH
41.2562,-83.0516,Green Springs,OH
40.9317,-81.4648,Greensburg,OH
40.9276,-81.4026,Greentown,OH
40.1028,-84.633,Greenville,OH
41.0301,-82.5157,Greenwich,OH
40.9637,-81.3312,Hartville,OH
41.4648,-83.7061,Haskins,OH
40.0228,-82.4446,Heath,OH
41.2931,-84.7619,Hicksville,OH
41.552,-81.4784,Highland Heights,OH
41.4484,-81.519,Highland Hills,OH
40.0334,-83.1582,Hilliard,OH
41.3126,-81.1437,Hiram,OH
41.2489,-84.133,Holgate,OH
41.6217,-83.7116,Holland,OH
41.2512,-80.7454,Howland Center,OH
41.1564,-80.5692,Hubbard,OH
40.0887,-82.9166,Huber Ridge,OH
41.2401,-81.4407,Hudson,OH
41.395,-82.5552,Huron,OH
41.3687,-81.6379,Independence,OH
40.4395,-84.0402,Jackson Center,OH
41.7387,-80.7698,Jefferson,OH
40.1537,-82.6852,Johnstown,OH
40.9828,-84.1994,Kalida,OH
41.1537,-81.3579,Kent,OH
40.647,-83.6097,Kenton,OH
41.6289,-81.3615,Kirtland,OH
40.6459,-80.5978,La Croft,OH
41.2373,-82.1199,Lagrange,OH
40.6667,-81.1993,Lake Mohawk,OH
41.0209,-81.436,Lakemore,OH
40.4848,-83.923,Lakeview,OH
41.482,-81.7982,Lakewood,OH
41.2478,-80.877,Leavittsburg,OH
40.8773,-80.7554,Leetonia,OH
41.0984,-83.9847,Leipsic,OH
40.1984,-83.0102,Lewis Center,OH
40.6787,-82.5824,Lexington,OH
41.4434,-84.0088,Liberty Center,OH
40.7426,-84.1052,Lima,OH
40.7715,-82.4843,Lincoln Heights,OH
40.772,-80.7681,Lisbon,OH
41.0334,-82.0121,Lodi,OH
41.4528,-82.1824,Lorain,OH
41.1656,-80.8576,Lordstown,OH
40.6353,-82.2332,Loudonville,OH
40.8373,-81.2596,Louisville,OH
41.0353,-80.5365,Lowellville,OH
41.4506,-83.4874,Luckey,OH
41.52,-81.4887,Lyndhurst,OH
41.3137,-81.5084,Macedonia,OH
41.7712,-81.0498,Madison,OH
40.6917,-81.1812,Malvern,OH
40.937,-81.5693,Manchester,OH
40.7584,-82.5155,Mansfield,OH
40.0778,-81.679,Mantua,OH
41.2839,-81.224,Mantua,OH
41.4153,-81.566,Maple Heights,OH
40.5887,-83.1285,Marion,OH
40.0959,-80.7245,Martins Ferry,OH
40.2364,-83.3671,Marysville,OH
40.7967,-81.5215,Massillon,OH
41.2112,-80.5379,Masury,OH
41.5628,-83.6538,Maumee,OH
41.552,-81.4393,Mayfield,OH
41.5192,-81.4579,Mayfield Heights,OH
41.1076,-83.7927,McComb,OH
41.1637,-80.7242,McDonald,OH
41.1837,-80.7173,McKinley Heights,OH
40.072,-83.5563,Mechanicsburg,OH
41.1384,-81.8637,Medina,OH
41.6662,-81.3396,Mentor,OH
41.705,-81.3604,Mentor-on-the-Lake,OH
41.3614,-81.8129,Middleburg Heights,OH
41.462,-81.0737,Middlefield,OH
41.2976,-82.6055,Milan,OH
41.5662,-83.4246,Millbury,OH
40.5545,-81.9179,Millersburg,OH
41.1401,-80.769,Mineral Ridge,OH
40.7298,-81.1054,Minerva,OH
40.0765,-82.9438,Minerva Park,OH
40.3217,-80.6098,Mingo Junction,OH
40.3931,-84.3761,Minster,OH
41.0465,-81.3979,Mogadore,OH
41.2442,-82.6963,Monroeville,OH
41.5845,-84.6055,Montpelier,OH
41.4478,-81.4276,Moreland Hills,OH
41.2656,-80.7829,Morgandale,OH
41.2712,-82.9369,Mount Carmel,OH
40.5492,-82.8274,Mount Gilead,OH
40.3934,-82.4857,Mount Vernon,OH
41.1445,-81.4398,Munroe Falls,OH
41.3923,-84.1252,Napoleon,OH
40.7245,-81.5221,Navarre,OH
40.0812,-82.8088,New Albany,OH
40.437,-84.3797,New Bremen,OH
40.1562,-83.2366,New California,OH
40.9417,-81.5415,New Franklin,OH
41.0851,-82.3999,New London,OH
40.9612,-80.5576,New Middletown,OH
40.4898,-81.4457,New Philadelphia,OH
40.8451,-80.6145,New Waterford,OH
40.0581,-82.4013,Newark,OH
41.45,-81.6635,Newburgh Heights,OH
40.2723,-81.606,Newcomerstown,OH
41.1884,-80.9781,Newton Falls,OH
41.1828,-80.7654,Niles,OH
41.1828,-83.6783,North Baltimore,OH
40.8759,-81.4023,North Canton,OH
41.9059,-80.6904,North Kingsville,OH
40.2231,-83.5574,North Lewisburg,OH
41.802,-81.049,North Madison,OH
41.4156,-81.9235,North Olmsted,OH
41.4348,-81.5257,North Randall,OH
41.3895,-82.019,North Ridgeville,OH
41.3137,-81.7246,North Royalton,OH
41.3451,-81.5285,Northfield,OH
40.4728,-83.7324,Northwood,OH
41.6073,-83.4688,Northwood,OH
41.0292,-81.6382,Norton,OH
41.2426,-82.6157,Norwalk,OH
41.5067,-83.1466,Oak Harbor,OH
40.4142,-82.241,Oak Hill,OH
41.3653,-81.5079,Oakwood,OH
41.2939,-82.2174,Oberlin,OH
41.3751,-81.9082,Olmsted Falls,OH
40.7595,-82.5902,Ontario,OH
41.4498,-81.4807,Orange,OH
41.6437,-83.4869,Oregon,OH
40.8437,-81.764,Orrville,OH
41.5351,-80.8681,Orwell,OH
41.0192,-84.0472,Ottawa,OH
41.6642,-83.6433,Ottawa Hills,OH
41.7245,-81.2457,Painesville,OH
40.9481,-83.9611,Pandora,OH
41.4048,-81.7229,Parma,OH
41.3901,-81.7596,Parma Heights,OH
41.1381,-84.5805,Paulding,OH
41.0776,-84.7272,Payne,OH
41.4109,-83.461,Pemberville,OH
41.2412,-81.5526,Peninsula,OH
41.4784,-81.4637,Pepper Pike,OH
41.7603,-81.1409,Perry,OH
40.7953,-81.4734,Perry Heights,OH
41.557,-83.6272,Perrysburg,OH
41.6801,-84.553,Pioneer,OH
40.1448,-84.2424,Piqua,OH
40.1076,-83.2674,Plain City,OH
40.0517,-84.3444,Pleasant Hill,OH
40.9956,-82.6671,Plymouth,OH
41.0242,-80.6148,Poland,OH
41.512,-82.9377,Port Clinton,OH
41.0073,-81.5271,Portage Lakes,OH
40.1578,-83.0752,Powell,OH
40.4503,-83.1885,Prospect,OH
41.1576,-81.2421,Ravenna,OH
41.3459,-81.3951,Reminderville,OH
41.2398,-81.6382,Richfield,OH
41.5528,-81.5101,Richmond Heights,OH
40.7512,-81.4779,Richville,OH
40.4265,-83.2969,Richwood,OH
40.9781,-81.7821,Rittman,OH
41.6431,-80.8234,Roaming Shores,OH
40.6878,-84.6466,Rockford,OH
40.477,-81.3084,Rockford,OH
41.4756,-81.8393,Rocky River,OH
41.6098,-83.5644,Rossford,OH
40.4712,-83.8927,Russells Point,OH
40.0806,-80.9001,Saint Clairsville,OH
40.4175,-84.6397,Saint Henry,OH
40.5423,-84.3894,Saint Marys,OH
40.1284,-83.9597,Saint Paris,OH
40.9009,-80.8568,Salem,OH
40.6226,-80.8379,Salineville,OH
41.4489,-82.708,Sandusky,OH
41.0378,-81.441,Sawyerwood,OH
40.9228,-81.019,Sebring,OH
41.3953,-81.6762,Seven Hills,OH
41.0101,-81.8624,Seville,OH
41.4739,-81.5371,Shaker Heights,OH
41.4211,-82.0963,Sheffield,OH
41.4875,-82.1015,Sheffield Lake,OH
40.8815,-82.6618,Shelby,OH
40.6814,-82.0218,Shreve,OH
40.2842,-84.1555,Sidney,OH
41.1589,-81.4543,Silver Lake,OH
40.8623,-81.8618,Smithville,OH
41.3898,-81.4412,Solon,OH
41.3559,-82.2538,South Amherst,OH
41.1773,-80.9868,South Canal,OH
41.5231,-81.5185,South Euclid,OH
41.4314,-81.3654,South Russell,OH
40.7089,-84.3536,Spencerville,OH
40.3698,-80.634,Steubenville,OH
41.3514,-83.1552,Stony Prairie,OH
41.1595,-81.4404,Stow,OH
40.5948,-81.5268,Strasburg,OH
41.2392,-81.3459,Streetsboro,OH
41.3145,-81.8357,Strongsville,OH
41.0526,-80.6078,Struthers,OH
41.5037,-84.4141,Stryker,OH
40.5031,-81.641,Sugarcreek,OH
40.2426,-82.8591,Sunbury,OH
41.5887,-83.8911,Swanton,OH
41.7189,-83.713,Sylvania,OH
41.1014,-81.4418,Tallmadge,OH
41.1145,-83.178,Tiffin,OH
40.1667,-80.6998,Tiltonsville,OH
41.6639,-83.5552,Toledo,OH
40.4642,-80.6009,Toronto,OH
40.0395,-84.2033,Troy,OH
40.3948,-81.4071,Tuscarawas,OH
41.3126,-81.4401,Twinsburg,OH
40.3931,-81.3465,Uhrichsville,OH
40.1995,-84.8052,Union City,OH
40.9751,-81.4082,Uniontown,OH
41.4978,-81.5374,University Heights,OH
40.8273,-83.2813,Upper Sandusky,OH
40.1084,-83.7524,Urbana,OH
40.2342,-82.4513,Utica,OH
41.3878,-81.6046,Valley View,OH
41.422,-82.3646,Vermilion,OH
40.8695,-84.5841,Van Wert,OH
41.4284,-82.3238,Vermilion-on-the-Lake,OH
40.2225,-84.4844,Versailles,OH
41.0256,-81.7298,Wadsworth,OH
41.2545,-82.3996,Wakeman,OH
41.5878,-83.4933,Walbridge,OH
41.3656,-81.5612,Walton Hills,OH
40.5678,-84.1936,Wapakoneta,OH
41.435,-81.5362,Warrensville Heights,OH
41.5009,-83.7183,Waterville,OH
41.2376,-80.8184,Warren,OH
41.5492,-84.1416,Wauseon,OH
41.1689,-82.2179,Wellington,OH
40.6028,-80.649,Wellsville,OH
41.2328,-80.5192,West Hill,OH
40.2754,-81.751,West Lafayette,OH
40.2523,-83.7558,West Liberty,OH
40.9714,-82.1099,West Salem,OH
41.5862,-84.435,West Unity,OH
40.1262,-82.9291,Westerville,OH
41.0264,-81.9332,Westfield Center,OH
41.4553,-81.9179,Westlake,OH
41.3448,-83.7972,Weston,OH
41.5189,-83.8038,Whitehouse,OH
41.6053,-81.4535,Wickliffe,OH
41.0531,-82.7263,Willard,OH
41.6398,-81.4065,Willoughby,OH
41.5984,-81.4185,Willoughby Hills,OH
41.6331,-81.4687,Willowick,OH
41.2351,-81.0493,Windham,OH
40.3753,-80.7037,Wintersville,OH
40.0692,-80.7837,Wolfhurst,OH
41.4514,-83.3658,Woodville,OH
40.8052,-81.9365,Wooster,OH
40.0931,-83.018,Worthington,OH
40.1545,-80.7104,Yorkville,OH
41.0998,-80.6495,Youngstown,OH
40.2412,-76.0563,Adamstown,PA
40.1568,-76.2022,Akron,PA
41.8906,-80.3665,Albion,PA
40.959,-78.947,Albion,PA
40.5109,-75.603,Alburtis,PA
40.6367,-80.2401,Aliquippa,PA
40.2343,-75.9886,Alleghenyville,PA
40.6084,-75.4902,Allentown,PA
40.5595,-79.9587,Allison Park,PA
41.0145,-76.3811,Almedia,PA
40.5187,-78.3947,Altoona,PA
40.1546,-75.2216,Ambler,PA
40.5892,-80.2251,Ambridge,PA
40.2743,-75.7352,Amity Gardens,PA
40.5473,-75.5893,Ancient Oaks,PA
40.3295,-76.5152,Annville,PA
40.5814,-79.5664,Apollo,PA
41.4948,-75.5369,Archbald,PA
40.0068,-75.2855,Ardmore,PA
40.9901,-75.2163,Arlington Heights,PA
40.5801,-79.7667,Arnold,PA
40.7818,-76.3458,Ashland,PA
41.2104,-75.8966,Ashley,PA
40.4915,-79.9048,Aspinwall,PA
41.9573,-76.518,Athens,PA
40.1279,-75.4318,Audubon,PA
40.5009,-80.0676,Avalon,PA
41.1848,-77.3139,Avis,PA
41.3398,-75.7363,Avoca,PA
40.3456,-76.39,Avon,PA
42.0456,-80.2698,Avonia,PA
40.529,-79.4614,Avonmore,PA
41.3359,-75.9963,Back Mountain,PA
40.6351,-80.2281,Baden,PA
40.1948,-79.9709,Baidland,PA
40.0909,-76.6675,Bainbridge,PA
40.6509,-79.9364,Bakerstown,PA
40.0076,-75.2341,Bala-Cynwyd,PA
40.3381,-79.9789,Baldwin,PA
40.4023,-75.5871,Bally,PA
40.8657,-75.2066,Bangor,PA
40.6626,-78.78,Barnesboro,PA
40.7257,-75.3941,Bath,PA
40.1228,-79.4617,Bear Rocks,PA
40.6953,-80.3048,Beaver,PA
40.752,-80.3192,Beaver Falls,PA
40.322,-78.697,Beaverdale,PA
40.0187,-78.5039,Bedford,PA
40.4259,-75.1791,Bedminster,PA
40.5901,-80.1664,Bell Acres,PA
40.7807,-75.278,Belfast,PA
40.1251,-79.8664,Belle Vernon,PA
40.9134,-77.7783,Bellefonte,PA
40.6051,-77.7255,Belleville,PA
40.494,-80.0517,Bellevue,PA
40.6034,-78.3247,Bellwood,PA
40.2873,-78.8895,Belmont,PA
40.5081,-80.0831,Ben Avon,PA
40.1167,-80.0084,Bentleyville,PA
40.0448,-75.4388,Berwyn,PA
40.9748,-80.4937,Bessemer,PA
41.0545,-76.2333,Berwick,PA
40.3276,-80.0395,Bethel Park,PA
40.6259,-75.3705,Bethlehem,PA
40.8245,-80.3628,Big Beaver,PA
41.2545,-74.9185,Birchwood Lakes,PA
40.2645,-75.8041,Birdsboro,PA
40.4792,-79.1998,Black Lick,PA
40.4312,-79.2609,Blairsville,PA
41.4809,-75.5946,Blakely,PA
40.4412,-75.8869,Blandon,PA
40.4934,-79.8606,Blawnox,PA
40.4609,-79.9509,Bloomfield,PA
41.0037,-76.4549,Bloomsburg,PA
41.6795,-77.0639,Blossburg,PA
40.1187,-76.0472,Blue Ball,PA
40.1523,-75.2663,Blue Bell,PA
40.7756,-77.7925,Boalsburg,PA
40.1498,-77.1283,Boiling Springs,PA
40.1615,-79.0289,Boswell,PA
40.1968,-76.0174,Bowmansville,PA
40.3337,-75.6374,Boyertown,PA
40.6081,-79.7412,Brackenridge,PA
40.4034,-79.8684,Braddock,PA
40.4173,-79.865,Braddock Hills,PA
41.9559,-78.6439,Bradford,PA
40.6376,-80.0817,Bradford Woods,PA
40.3706,-79.9748,Brentwood,PA
40.2295,-76.82,Bressler,PA
40.5368,-75.6313,Breinigsville,PA
40.2259,-76.3025,Brickerville,PA
40.1051,-75.3452,Bridgeport,PA
40.3562,-80.1101,Bridgeville,PA
40.1007,-74.8518,Bristol,PA
41.2492,-78.7995,Brockway,PA
40.9245,-75.3938,Brodheadsville,PA
41.1612,-79.0831,Brookville,PA
40.1237,-76.2138,Brownstown,PA
40.0237,-79.8839,Brownsville,PA
41.3098,-75.7874,Browntown,PA
40.1315,-75.0674,Bryn Athyn,PA
40.304,-80.0867,Bryn Mawr,PA
40.0198,-75.3046,Bryn Mawr,PA
40.382,-80.3928,Burgettstown,PA
40.6387,-77.5686,Burnham,PA
40.8612,-79.8953,Butler,PA
40.0656,-79.8917,California,PA
40.2109,-79.4853,Calumet,PA
41.8037,-80.0564,Cambridge Springs,PA
40.2398,-76.92,Camp Hill,PA
40.2776,-76.5853,Campbelltown,PA
40.2626,-80.1873,Canonsburg,PA
41.6565,-76.8533,Canton,PA
41.5737,-75.5019,Carbondale,PA
40.2015,-77.1889,Carlisle,PA
41.1248,-77.4297,Castanea,PA
40.3648,-80.0223,Castle Shannon,PA
40.6548,-75.4746,Catasauqua,PA
40.952,-76.4597,Catawissa,PA
40.6893,-75.5077,Cementon,PA
40.0453,-79.9756,Centerville,PA
40.1106,-78.802,Central City,PA
40.8476,-77.6861,Centre Hall,PA
40.2884,-75.2091,Chalfont,PA
40.1379,-79.8981,Charleroi,PA
40.754,-75.5385,Cherryville,PA
40.0951,-75.6169,Chester Springs,PA
40.0757,-75.4591,Chesterbrook,PA
40.5417,-79.7992,Cheswick,PA
40.6367,-79.1442,Chevy Chase Heights,PA
40.9481,-79.7428,Chicora,PA
41.4751,-75.6771,Chinchilla,PA
40.682,-77.5986,Church Hill,PA
40.4384,-79.8431,Churchill,PA
40.1862,-75.0188,Churchville,PA
40.2923,-79.8817,Clairton,PA
41.2148,-79.3853,Clarion,PA
41.4929,-75.6996,Clarks Green,PA
41.4887,-75.7085,Clarks Summit,PA
40.2184,-76.2555,Clay,PA
40.2967,-78.4497,Claysburg,PA
41.0273,-78.4392,Clearfield,PA
40.3373,-76.4755,Cleona,PA
40.6681,-79.0117,Clymer,PA
40.8229,-75.9069,Coaldale,PA
41.52,-80.0484,Cochranton,PA
40.1857,-75.4516,Collegeville,PA
40.2242,-79.7684,Collinsburg,PA
40.3006,-76.8097,Colonial Park,PA
40.0337,-76.5044,Columbia,PA
40.3267,-78.9081,Conemaugh,PA
41.3059,-74.9896,Conashaugh Lakes,PA
40.0179,-79.5895,Connellsville,PA
40.0793,-75.3016,Conshohocken,PA
40.6598,-80.2392,Conway,PA
40.992,-76.0566,Conyngham,PA
40.5115,-75.3905,Coopersburg,PA
40.6701,-75.4955,Coplay,PA
40.5184,-80.1667,Coraopolis,PA
40.2737,-76.4061,Cornwall,PA
40.0768,-74.9488,Cornwells Heights,PA
41.9203,-79.6403,Corry,PA
41.7748,-78.0206,Coudersport,PA
40.4351,-80.0662,Crafton,PA
40.4598,-78.5917,Cresson,PA
40.6268,-76.1927,Cressona,PA
40.0873,-74.9035,Croydon,PA
40.6423,-79.8509,Curtisville,PA
40.9756,-78.525,Curwensville,PA
40.3128,-78.9042,Dale,PA
41.3362,-75.9633,Dallas,PA
41.5342,-75.736,Dalton,PA
40.9634,-76.6127,Danville,PA
40.227,-78.9364,Davidsville,PA
40.4131,-79.5703,Delmont,PA
40.334,-79.2998,Derry,PA
40.2332,-76.1372,Denver,PA
40.0493,-75.4291,Devon,PA
41.1093,-76.8766,Dewart,PA
41.4715,-75.6077,Dickson City,PA
40.1109,-77.035,Dillsburg,PA
40.1734,-79.8576,Donora,PA
40.3959,-80.0331,Dormont,PA
40.5751,-75.5196,Dorneyville,PA
40.0018,-76.8503,Dover,PA
40.0065,-75.7033,Downingtown,PA
40.3101,-75.1299,Doylestown,PA
40.1976,-77.7214,Doylestown,PA
40.3506,-79.8862,Dravosburg,PA
40.1409,-75.1668,Dresher,PA
41.1192,-78.76,DuBois,PA
40.3718,-75.2016,Dublin,PA
41.2226,-77.0369,Duboistown,PA
40.3981,-77.023,Duncannon,PA
40.4234,-78.4339,Duncansville,PA
41.4198,-75.6324,Dunmore,PA
41.1459,-77.4214,Dunnstown,PA
41.3251,-75.7455,Dupont,PA
40.3815,-79.8598,Duquesne,PA
41.344,-75.7385,Duryea,PA
40.1596,-75.4082,Eagleville,PA
40.0062,-78.37,Earlston,PA
40.8795,-75.1838,East Bangor,PA
41.062,-76.2224,East Berwick,PA
40.3487,-78.8836,East Conemaugh,PA
40.1101,-76.0327,East Earl,PA
40.4065,-75.5019,East Greenville,PA
40.3831,-79.8064,East McKeesport,PA
40.1001,-76.3541,East Petersburg,PA
40.3956,-79.8387,East Pittsburgh,PA
40.9995,-75.1813,East Stroudsburg,PA
40.1737,-80.2376,East Washington,PA
40.7507,-75.2957,Eastlawn Gardens,PA
40.6884,-75.2207,Easton,PA
40.4851,-78.7247,Ebensburg,PA
40.6001,-80.2248,Economy,PA
40.0846,-74.9449,Eddington,PA
40.432,-79.8814,Edgewood,PA
40.7884,-76.5725,Edgewood,PA
40.5512,-80.1928,Edgeworth,PA
41.8742,-80.1317,Edinboro,PA
40.9393,-75.4349,Effort,PA
41.2695,-75.9163,Edwardsville,PA
40.6801,-75.5299,Egypt,PA
40.2692,-79.8898,Elizabeth,PA
40.2978,-78.9425,Elim,PA
40.1529,-76.6028,Elizabethtown,PA
40.549,-76.8119,Elizabethville,PA
41.9862,-77.3108,Elkland,PA
40.112,-80.0173,Ellsworth,PA
40.864,-80.2589,Ellport,PA
40.8617,-80.2865,Ellwood City,PA
40.1568,-75.8327,Elverson,PA
40.8645,-76.5525,Elysburg,PA
41.0884,-75.4196,Emerald Lakes,PA
40.0218,-76.728,Emigsville,PA
40.5395,-75.4968,Emmaus,PA
41.5115,-78.2353,Emporium,PA
40.5101,-80.0945,Emsworth,PA
40.2318,-76.8269,Enhaut,PA
40.4542,-80.2331,Enlow,PA
40.2901,-76.9339,Enola,PA
40.1798,-76.1788,Ephrata,PA
42.1292,-80.0851,Erie,PA
41.0062,-76.4099,Espy,PA
40.5042,-79.9489,Etna,PA
40.7692,-80.0628,Evans City,PA
40.1809,-75.4291,Evansburg,PA
40.0115,-78.3734,Everett,PA
41.3206,-75.8191,Exeter,PA
40.029,-75.6208,Exton,PA
40.8248,-75.2096,Factoryville,PA
41.5631,-75.7827,Factoryville,PA
40.1137,-79.8398,Fairhope,PA
40.1795,-74.8552,Fairless Hills,PA
42.0314,-80.2553,Fairview,PA
41.1451,-78.8045,Falls Creek,PA
41.2123,-80.4967,Farrell,PA
41.2484,-76.9772,Faxon,PA
40.144,-75.0052,Feasterville,PA
40.1831,-79.8242,Fellsburg,PA
40.289,-78.9147,Ferndale,PA
40.6948,-80.1309,Fernway,PA
40.1829,-76.0511,Fivepointville,PA
40.454,-75.818,Fleetwood,PA
41.1265,-77.4716,Flemington,PA
40.1034,-75.2124,Flourtown,PA
40.2768,-75.9141,Flying Hills,PA
40.7723,-79.5298,Ford City,PA
41.6515,-75.4666,Forest City,PA
40.4198,-79.85,Forest Hills,PA
40.1418,-75.2091,Fort Washington,PA
41.279,-75.8782,Forty Fort,PA
41.9751,-78.6172,Foster Brook,PA
40.6015,-75.3952,Fountain Hill,PA
40.5134,-79.8798,Fox Chapel,PA
40.7023,-80.0828,Fox Run,PA
40.784,-76.2302,Frackville,PA
41.3978,-79.8314,Franklin,PA
40.5834,-80.0878,Franklin Park,PA
40.4437,-76.4283,Fredericksburg,PA
40.6856,-80.2517,Freedom,PA
41.0168,-75.8971,Freeland,PA
40.6739,-79.6848,Freeport,PA
40.6265,-75.3457,Freemansburg,PA
40.0501,-78.9984,Friedens,PA
40.6318,-75.4732,Fullerton,PA
41.7331,-77.6419,Galeton,PA
40.4823,-78.5517,Gallitzin,PA
41.2542,-77.0461,Garden View,PA
40.2573,-79.9959,Gastonville,PA
40.2909,-78.8689,Geistown,PA
41.2273,-75.8688,Georgetown,PA
40.6301,-79.9695,Gibsonia,PA
40.3201,-75.6102,Gilbertsville,PA
42.0003,-80.3181,Girard,PA
40.7915,-76.2836,Girardville,PA
40.3248,-79.8923,Glassport,PA
41.1751,-76.0747,Glen Lyon,PA
40.1023,-75.1521,Glenside,PA
40.5329,-79.9676,Glenshaw,PA
41.3059,-74.9385,Gold Key Lake,PA
40.4117,-80.0456,Green Tree,PA
40.3123,-79.8067,Greenock,PA
41.4045,-80.3912,Greenville,PA
40.3015,-79.5389,Greensburg,PA
40.5359,-78.3575,Greenwood,PA
40.2987,-75.9405,Grill,PA
41.1578,-80.0887,Grove City,PA
40.282,-75.6432,Halfway House,PA
40.0048,-76.6041,Hallam,PA
41.9612,-75.7432,Hallstead,PA
40.5556,-75.9819,Hamburg,PA
40.9806,-75.9713,Harleigh,PA
40.2796,-75.3871,Harleysville,PA
40.2737,-76.8844,Harrisburg,PA
41.3834,-76.0246,Harveys Lake,PA
40.6651,-78.7122,Hastings,PA
41.449,-79.677,Hasson Heights,PA
40.1743,-75.1068,Hatboro,PA
40.2798,-75.2993,Hatfield,PA
41.4759,-75.1821,Hawley,PA
40.9584,-75.9746,Hazleton,PA
40.339,-76.3994,Hebron,PA
40.3923,-80.0909,Heidelberg,PA
40.5795,-75.3407,Hellertown,PA
41.3268,-75.0366,Hemlock Farms,PA
41.2334,-80.4487,Hermitage,PA
40.2859,-76.6502,Hershey,PA
40.6209,-77.568,Highland Park,PA
40.2109,-76.7911,Highspire,PA
41.2893,-75.8363,Hilldale,PA
40.0104,-79.9009,Hiller,PA
40.662,-75.491,Hokendauqua,PA
40.4273,-78.3889,Hollidaysburg,PA
40.5434,-79.1623,Homer City,PA
40.4059,-79.912,Homestead,PA
40.8237,-75.9802,Hometown,PA
41.5768,-75.2588,Honesdale,PA
40.0943,-75.9113,Honey Brook,PA
40.1784,-75.1285,Horsham,PA
40.824,-77.8289,Houserville,PA
40.2465,-80.2114,Houston,PA
41.2748,-75.836,Hudson,PA
41.327,-75.7733,Hughestown,PA
41.2412,-76.7238,Hughesville,PA
40.1432,-74.911,Hulmeville,PA
40.8317,-76.8358,Hummels Wharf,PA
40.2654,-76.7083,Hummelstown,PA
40.4848,-78.0103,Huntingdon,PA
41.0026,-78.4625,Hyde,PA
40.3773,-75.9252,Hyde Park,PA
40.4495,-80.2445,Imperial,PA
41.0031,-75.5082,Indian Mountain Lake,PA
41.0048,-75.4994,Indian Mountain Lake,PA
40.6215,-79.1525,Indiana,PA
40.6445,-80.4162,Industry,PA
40.4462,-80.0675,Ingram,PA
40.2645,-79.7923,Industry,PA
41.299,-75.8127,Inkerman,PA
40.0376,-76.105,Intercourse,PA
40.3245,-79.7011,Irwin,PA
40.2079,-75.0727,Ivyland,PA
40.3245,-75.8496,Jacksonwald,PA
40.3281,-79.6153,Jeannette,PA
40.2912,-79.932,Jefferson Hills,PA
40.0959,-75.1252,Jenkintown,PA
41.5309,-75.5455,Jermyn,PA
40.209,-78.9836,Jerome,PA
41.202,-77.2644,Jersey Shore,PA
41.4687,-75.5621,Jessup,PA
40.8759,-75.7324,Jim Thorpe,PA
41.4906,-78.675,Johnsonburg,PA
40.8862,-78.8778,Johnsonburg,PA
40.3267,-78.922,Johnstown,PA
40.4137,-76.4783,Jonestown,PA
41.6628,-78.8111,Kane,PA
40.3107,-75.9394,Kenhorst,PA
40.2315,-75.6341,Kenilworth,PA
41.2534,-76.9594,Kenmar,PA
40.0893,-75.396,King of Prussia,PA
41.2617,-75.8969,Kingston,PA
40.8165,-79.522,Kittanning,PA
41.2345,-79.5373,Knox,PA
40.7934,-76.4724,Kulpmont,PA
40.2429,-75.3366,Kulpsville,PA
40.5173,-75.7774,Kutztown,PA
41.289,-75.8055,Laflin,PA
42.0142,-80.3453,Lake City,PA
40.5993,-76.1638,Lake Wynonah,PA
40.4729,-78.3884,Lakemont,PA
40.0379,-76.3055,Lancaster,PA
40.0954,-76.41,Landisville,PA
40.1746,-74.9227,Langhorne,PA
40.1671,-74.9177,Langhorne Manor,PA
40.2415,-75.2838,Lansdale,PA
40.8318,-75.8824,Lansford,PA
41.424,-76.4941,Laporte,PA
41.2451,-75.9308,Larksville,PA
40.3212,-79.3795,Latrobe,PA
40.3882,-75.918,Laureldale,PA
40.7231,-75.5302,Laurys Station,PA
40.2584,-76.8039,Lawnton,PA
40.3456,-76.8008,Lawrence Park,PA
42.1523,-80.0231,Lawrence Park,PA
40.2917,-79.3892,Lawson Heights,PA
40.3409,-76.4113,Lebanon,PA
40.627,-79.6056,Leechburg,PA
40.447,-75.9663,Leesport,PA
40.5631,-80.2084,Leetsdale,PA
40.8337,-75.7138,Lehighton,PA
40.8106,-77.8183,Lemont,PA
40.2412,-76.8941,Lemoyne,PA
40.7642,-79.5206,Lenape Heights,PA
40.3934,-79.7203,Level Green,PA
40.1551,-74.8288,Levittown,PA
40.9645,-76.8844,Lewisburg,PA
40.5992,-77.5714,Lewistown,PA
40.3254,-79.8562,Liberty,PA
41.0362,-76.4236,Light Street,PA
40.2431,-79.2375,Ligonier,PA
40.2309,-75.5221,Limerick,PA
40.319,-79.8548,Lincoln,PA
40.3148,-75.9855,Lincoln Park,PA
41.6562,-80.424,Linesville,PA
40.334,-76.7891,Linglestown,PA
40.959,-76.8991,Linntown,PA
40.1573,-76.3069,Lititz,PA
41.137,-77.4469,Lock Haven,PA
40.2884,-75.8547,Lorane,PA
40.5031,-78.6303,Loretto,PA
40.2265,-76.9005,Lower Allen,PA
40.5531,-79.7573,Lower Burrell,PA
40.3226,-79.3623,Loyalhanna,PA
41.2856,-75.901,Luzerne,PA
40.5667,-76.7005,Lykens,PA
40.5159,-75.5552,Macungie,PA
40.8126,-76.1416,Mahanoy City,PA
40.0362,-75.5138,Malvern,PA
40.0632,-76.7183,Manchester,PA
40.1634,-76.395,Manheim,PA
40.334,-79.67,Manor,PA
41.8073,-77.0775,Mansfield,PA
40.0156,-79.9767,Maple Glen,PA
40.1793,-75.1804,Maple Glen,PA
41.2465,-79.4289,Marianne,PA
41.4689,-79.1231,Marienville,PA
40.057,-76.5522,Marietta,PA
40.6959,-80.0117,Mars,PA
40.7867,-76.5394,Marshallton,PA
40.3112,-78.3242,Martinsburg,PA
40.3426,-76.93,Marysville,PA
40.4401,-76.9333,Matamoras,PA
41.3687,-74.7002,Matamoras,PA
41.5381,-75.536,Mayfield,PA
40.1362,-79.5978,Mayfield,PA
40.0754,-76.5822,Maytown,PA
40.9101,-75.9913,McAdoo,PA
40.4526,-78.0817,McConnellstown,PA
40.3709,-80.2348,McDonald,PA
40.229,-80.2164,McGovern,PA
40.4656,-80.0656,McKees Rocks,PA
40.3479,-79.8642,McKeesport,PA
40.2779,-80.0839,McMurray,PA
40.842,-79.8939,Meadowood,PA
41.6414,-80.1514,Meadville,PA
40.2143,-77.0086,Mechanicsburg,PA
40.9665,-76.5866,Mechanicsville,PA
41.227,-80.2398,Mercer,PA
40.8484,-79.962,Meridian,PA
40.7859,-77.0472,Middleburg,PA
40.1998,-76.7311,Middletown,PA
40.644,-75.3324,Middletown,PA
40.6326,-80.4464,Midland,PA
40.259,-80.2181,Midland,PA
40.9176,-77.0477,Mifflinburg,PA
40.5698,-77.3969,Mifflintown,PA
41.0323,-76.308,Mifflinville,PA
40.9417,-77.785,Milesburg,PA
41.3223,-74.8024,Milford,PA
41.1073,-77.4844,Mill Hall,PA
40.5395,-76.9608,Millersburg,PA
40.4801,-79.9784,Millvale,PA
40.714,-77.5905,Milroy,PA
41.012,-76.8477,Milton,PA
40.6906,-76.2622,Minersville,PA
40.2859,-75.9844,Mohnton,PA
40.6873,-80.2715,Monaca,PA
40.1484,-79.8878,Monessen,PA
40.2031,-79.9262,Monongahela,PA
40.4212,-79.7881,Monroeville,PA
41.1704,-76.8769,Montgomery,PA
40.2473,-75.2438,Montgomeryville,PA
41.2542,-76.9205,Montoursville,PA
40.3065,-75.9877,Montrose,PA
41.834,-75.8771,Montrose,PA
41.3534,-75.7382,Moosic,PA
40.2115,-74.7879,Morrisville,PA
41.3368,-75.5185,Moscow,PA
40.797,-76.4119,Mount Carmel,PA
41.4134,-75.4932,Mount Cobb,PA
40.1184,-77.19,Mount Holly Springs,PA
40.1098,-76.5033,Mount Joy,PA
40.3554,-80.0495,Mount Lebanon,PA
40.4142,-79.9878,Mount Oliver,PA
40.3282,-75.8908,Mount Penn,PA
40.149,-79.5412,Mount Pleasant,PA
41.122,-75.3646,Mount Pocono,PA
40.3845,-77.8822,Mount Union,PA
40.0632,-76.7039,Mount Wolf,PA
40.1068,-75.9527,Mountain Top,PA
41.1695,-75.8774,Mountain Top,PA
41.1737,-75.271,Mountainhome,PA
40.0393,-76.4308,Mountville,PA
40.3848,-75.9413,Muhlenberg Park,PA
41.2056,-76.7855,Muncy,PA
40.3923,-79.9,Munhall,PA
40.4448,-78.8411,Mundys Corner,PA
40.4284,-79.6976,Murrysville,PA
40.2929,-80.2003,Muse,PA
40.3745,-76.3027,Myerstown,PA
41.2054,-76.0049,Nanticoke,PA
40.4723,-78.8334,Nanty Glo,PA
40.0085,-75.2605,Narberth,PA
40.7404,-75.3096,Nazareth,PA
41.052,-76.2208,Nescopeck,PA
40.8645,-75.811,Nesquehoning,PA
40.8764,-80.3706,New Beaver,PA
40.3454,-75.633,New Berlinville,PA
40.4198,-77.1864,New Bloomfield,PA
40.7303,-80.3101,New Brighton,PA
40.299,-75.181,New Britain,PA
41.0037,-80.347,New Castle,PA
41.0409,-76.8669,New Columbia,PA
40.2079,-79.947,New Eagle,PA
40.2323,-76.8847,New Cumberland,PA
40.3643,-74.9513,New Hope,PA
40.5698,-79.7648,New Kensington,PA
40.1018,-76.0852,New Holland,PA
40.7195,-76.1158,New Philadelphia,PA
40.2192,-79.6095,New Stanton,PA
41.1223,-80.3328,New Wilmington,PA
40.3495,-76.2133,Newmanstown,PA
40.4779,-77.1305,Newport,PA
40.2293,-74.9368,Newtown,PA
40.2601,-74.9549,Newtown Grant,PA
40.1731,-77.3986,Newville,PA
40.7834,-79.9295,Nixon,PA
40.1215,-75.3399,Norristown,PA
40.5962,-79.5556,North Apollo,PA
40.1292,-79.8681,North Belle Vernon,PA
40.399,-79.8409,North Braddock,PA
40.1512,-79.9076,North Charleroi,PA
40.6598,-75.4768,North Catasauqua,PA
42.2156,-79.8342,North East,PA
40.3798,-79.8095,North Versailles,PA
40.2109,-75.2782,North Wales,PA
41.8742,-79.1523,North Warren,PA
40.6862,-75.4968,Northampton,PA
40.6592,-78.7817,Northern Cambria,PA
40.8918,-76.7975,Northumberland,PA
40.8248,-79.9131,Oak Hills,PA
40.3981,-80.1856,Oakdale,PA
40.992,-75.9202,Oakdale,PA
40.3065,-78.8875,Oakland,PA
40.9898,-80.3695,Oakland,PA
40.5217,-79.8423,Oakmont,PA
41.0106,-80.3795,Oakwood,PA
40.6792,-80.4948,Ohioville,PA
41.434,-79.7064,Oil City,PA
41.3712,-75.7349,Old Forge,PA
40.6579,-75.2621,Old Orchard,PA
40.3876,-75.7896,Oley,PA
41.4684,-75.603,Olyphant,PA
40.5862,-79.5314,Orchard Hills,PA
40.1184,-75.1777,Oreland,PA
40.6548,-76.1008,Orwigsburg,PA
40.8501,-78.2706,Osceola Mills,PA
40.2437,-78.8489,Paint,PA
40.2979,-76.6186,Palmdale,PA
40.6873,-75.2624,Palmer Heights,PA
40.8015,-75.6102,Palmerton,PA
40.309,-76.5933,Palmyra,PA
40.6873,-76.1722,Palo Alto,PA
40.0421,-75.4763,Paoli,PA
40.0098,-76.1286,Paradise,PA
40.8067,-77.9169,Park Forest Village,PA
41.1012,-75.2505,Parkside,PA
40.634,-78.6503,Patton,PA
40.259,-76.8319,Paxtang,PA
40.3173,-76.7944,Paxtonia,PA
40.8687,-75.2549,Pen Argyl,PA
40.2754,-76.848,Penbrook,PA
40.5012,-79.8392,Penn Hills,PA
40.1521,-74.9166,Penndel,PA
40.3909,-75.4921,Pennsburg,PA
40.3373,-75.8785,Pennside,PA
40.2051,-76.3683,Penryn,PA
40.3721,-75.2927,Perkasie,PA
40.087,-79.7506,Perryopolis,PA
40.8965,-78.2206,Philipsburg,PA
40.1304,-75.5149,Phoenixville,PA
40.5484,-76.3847,Pine Grove,PA
40.7337,-77.8856,Pine Grove Mills,PA
40.4031,-79.7781,Pitcairn,PA
40.4406,-79.9959,Pittsburgh,PA
41.3259,-75.7894,Pittston,PA
41.2754,-75.8502,Plains,PA
40.8681,-77.7467,Pleasant Gap,PA
40.3362,-76.4416,Pleasant Hill,PA
40.3356,-79.9606,Pleasant Hills,PA
40.5003,-79.7495,Plum,PA
40.3873,-75.1466,Plumsteadville,PA
41.2404,-75.9446,Plymouth,PA
40.1023,-75.2743,Plymouth Meeting,PA
41.1067,-75.4544,Pocono Pines,PA
40.6965,-76.1688,Port Carbon,PA
41.8109,-78.2797,Port Allegany,PA
40.3359,-79.8698,Port Vue,PA
40.3887,-78.6722,Portage,PA
40.2648,-75.6119,Pottsgrove,PA
40.2454,-75.6496,Pottstown,PA
40.6857,-76.1955,Pottsville,PA
40.2851,-76.8314,Progress,PA
40.9045,-80.0464,Prospect,PA
40.9437,-78.9709,Punxsutawney,PA
40.4418,-75.3416,Quakertown,PA
40.0462,-75.3599,Radnor,PA
41.1645,-74.9521,Pocono Ranch Lands,PA
40.4126,-79.8792,Rankin,PA
40.6357,-75.1929,Raubsville,PA
40.3357,-75.9269,Reading,PA
40.2115,-76.1233,Reamstown,PA
40.3729,-75.481,Red Hill,PA
40.4806,-75.616,Red Lion,PA
40.3198,-75.8735,Reiffton,PA
40.2668,-76.1155,Reinholds,PA
40.3984,-80.1415,Rennerdale,PA
41.3265,-77.7508,Renovo,PA
41.3451,-80.3942,Reynolds Heights,PA
41.097,-78.8886,Reynoldsville,PA
40.1301,-76.5705,Rheems,PA
40.2151,-75.0107,Richboro,PA
40.3593,-76.2583,Richland,PA
40.4701,-75.3205,Richlandtown,PA
41.4203,-78.7286,Ridgway,PA
40.3926,-75.9588,River View Park,PA
40.9554,-76.6288,Riverside,PA
40.3359,-78.3909,Roaring Spring,PA
40.3518,-76.1344,Robesonia,PA
40.7023,-80.2865,Rochester,PA
40.0812,-75.0896,Rockledge,PA
40.8807,-75.2146,Roseto,PA
40.1512,-76.2511,Rothsville,PA
40.1843,-75.538,Royersford,PA
41.9415,-79.1351,Russell,PA
40.6115,-79.837,Russellton,PA
40.269,-76.768,Rutherford,PA
40.7206,-76.1911,Saint Clair,PA
40.327,-75.8719,Saint Lawrence,PA
41.4278,-78.5609,Saint Marys,PA
40.3001,-78.7653,Salix,PA
40.1009,-76.4247,Salunga,PA
40.2451,-75.5952,Sanatoga,PA
40.3595,-76.4316,Sand Hill,PA
41.1078,-78.7711,Sandy,PA
41.1126,-75.0507,Saw Creek,PA
40.754,-79.8101,Saxonburg,PA
40.8957,-75.3235,Saylorsburg,PA
41.979,-76.5155,Sayre,PA
40.2418,-77.1769,Schlusser,PA
40.6679,-75.6071,Schnecksville,PA
40.2415,-76.1741,Schoeneck,PA
40.6307,-76.171,Schuylkill Haven,PA
40.2562,-75.4638,Schwenksville,PA
40.1003,-79.587,Scottdale,PA
41.4092,-75.6649,Scranton,PA
40.799,-76.8622,Selinsgrove,PA
40.354,-75.3049,Sellersville,PA
41.3787,-79.7039,Seneca,PA
40.6917,-80.0626,Seven Fields,PA
40.5365,-80.1845,Sewickley,PA
40.789,-76.5589,Shamokin,PA
40.8487,-76.8197,Shamokin Dam,PA
41.2331,-80.4934,Sharon,PA
40.4945,-79.9264,Sharpsburg,PA
41.2592,-80.472,Sharpsville,PA
41.3198,-75.938,Shavertown,PA
41.7039,-79.0356,Sheffield,PA
40.8204,-76.2008,Shenandoah,PA
40.8276,-76.2069,Shenandoah Heights,PA
40.3079,-75.9655,Shillington,PA
41.0417,-78.2914,Shiloh,PA
41.9637,-78.1908,Shinglehouse,PA
40.2234,-76.9536,Shiremanstown,PA
40.0506,-77.5203,Shippensburg,PA
40.5009,-75.9699,Shoemakersville,PA
41.5917,-75.4852,Simpson,PA
40.3273,-76.011,Sinking Spring,PA
40.2229,-75.3988,Skippack,PA
40.3393,-76.7255,Skyline View,PA
40.7484,-75.6119,Slatington,PA
41.0639,-80.0564,Slippery Rock,PA
41.8112,-78.4447,Smethport,PA
40.0084,-79.0781,Somerset,PA
40.3118,-75.3252,Souderton,PA
40.2784,-79.5448,South Greensburg,PA
40.2395,-75.651,South Pottstown,PA
40.4,-75.9,South Temple,PA
41.9976,-76.5372,South Waverly,PA
41.232,-76.9991,South Williamsport,PA
40.3106,-78.9386,Southmont,PA
40.2912,-79.547,Southwest Greensburg,PA
40.6429,-78.7728,Spangler,PA
40.1245,-79.8798,Speers,PA
40.439,-75.4371,Spinnerstown,PA
40.1768,-75.5477,Spring City,PA
40.1854,-75.2277,Spring House,PA
40.2757,-75.4566,Spring Mount,PA
40.3529,-75.9899,Spring Ridge,PA
40.5409,-79.7839,Springdale,PA
40.7934,-77.86,State College,PA
40.2354,-76.8414,Steelton,PA
40.6654,-75.5082,Stiles,PA
41.3392,-80.1051,Stoneboro,PA
40.3456,-75.8699,Stony Creek Mills,PA
40.7934,-78.0167,Stormstown,PA
40.2526,-75.6774,Stowe,PA
40.9868,-75.1946,Stroudsburg,PA
40.3848,-80.2109,Sturgeon,PA
41.4215,-79.8812,Sugarcreek,PA
40.8248,-75.871,Summit Hill,PA
40.982,-75.466,Sun Valley,PA
41.0112,-75.4696,Sun Valley,PA
40.8626,-76.7944,Sunbury,PA
41.3098,-74.9666,Sunrise Lake,PA
41.9434,-75.5996,Susquehanna,PA
40.2332,-76.0783,Swartzville,PA
40.4237,-79.8828,Swissvale,PA
41.2918,-75.8746,Swoyersville,PA
41.0503,-78.8222,Sykesville,PA
40.7973,-75.9694,Tamaqua,PA
41.0401,-75.3057,Tannersville,PA
40.6015,-79.7598,Tarentum,PA
40.7409,-75.2571,Tatamy,PA
41.3948,-75.7066,Taylor,PA
40.322,-75.328,Telford,PA
40.4087,-75.9216,Temple,PA
40.1573,-76.0505,Terre Hill,PA
40.2909,-80.1081,Thompsonville,PA
41.4515,-75.6119,Throop,PA
40.4484,-75.1077,Tinicum,PA
41.4953,-79.4559,Tionesta,PA
40.6359,-78.2959,Tipton,PA
41.627,-79.6737,Titusville,PA
40.5034,-75.7013,Topton,PA
41.0079,-75.5846,Towamensing Trails,PA
41.7676,-76.4427,Towanda,PA
40.5892,-76.5525,Tower City,PA
40.3856,-79.7589,Trafford,PA
40.199,-75.4763,Trappe,PA
41.1734,-78.7159,Treasure Lake,PA
40.6284,-76.3872,Tremont,PA
40.7812,-76.673,Trevorton,PA
40.1393,-74.981,Trevose,PA
40.5481,-75.6057,Trexlertown,PA
40.1498,-75.4018,Trooper,PA
41.7859,-76.788,Troy,PA
40.9151,-78.2164,Troy,PA
41.304,-75.9321,Trucksville,PA
40.1393,-74.8146,Tullytown,PA
41.5387,-75.9466,Tunkhannock,PA
40.4059,-79.8251,Turtle Creek,PA
40.6706,-78.2386,Tyrone,PA
41.8995,-79.8453,Union City,PA
40.3359,-80.0834,Upper Saint Clair,PA
40.1573,-76.7927,Valley Green,PA
40.6459,-76.5391,Valley View,PA
40.6028,-79.5648,Vandergrift,PA
40.5065,-79.8431,Verona,PA
40.3156,-79.8312,Versailles,PA
40.2032,-74.9704,Village Shires,PA
40.4051,-78.8556,Vinco,PA
40.7543,-75.5988,Walnutport,PA
40.187,-75.0816,Warminster Heights,PA
41.8439,-79.145,Warren,PA
40.174,-80.2462,Washington,PA
41.9428,-79.9845,Waterford,PA
40.2545,-79.1675,Waterford,PA
41.0845,-76.8638,Watsontown,PA
41.5804,-75.4082,Waymart,PA
40.044,-75.3877,Wayne,PA
40.9417,-75.8296,Weatherly,PA
41.7487,-77.3005,Wellsboro,PA
40.3301,-76.0805,Wernersville,PA
40.5668,-75.553,Wescosville,PA
42.1403,-80.0151,Wesleyville,PA
40.0698,-75.3163,West Conshohocken,PA
40.6787,-75.2368,West Easton,PA
40.2751,-76.9155,West Fairview,PA
40.5476,-76.0022,West Hamburg,PA
40.9587,-75.996,West Hazleton,PA
40.8242,-79.5431,West Hills,PA
40.394,-79.912,West Homestead,PA
40.8103,-79.5295,West Kittanning,PA
40.3298,-75.9944,West Lawn,PA
40.6223,-79.6128,West Leechburg,PA
40.7801,-80.3384,West Mayfield,PA
40.3634,-79.8664,West Mifflin,PA
40.2098,-79.767,West Newton,PA
40.1296,-75.3785,West Norriton,PA
41.3276,-75.793,West Pittston,PA
40.3337,-75.9474,West Reading,PA
40.5223,-80.0342,West View,PA
41.3198,-75.846,West Wyoming,PA
40.3245,-75.9908,West Wyomissing,PA
41.9192,-77.5389,Westfield,PA
40.3156,-78.9517,Westmont,PA
40.3984,-79.8898,Whitaker,PA
41.0606,-75.7741,White Haven,PA
40.3376,-79.8092,White Oak,PA
40.3612,-79.9909,Whitehall,PA
40.6668,-75.4999,Whitehall Township,PA
40.3359,-76.0061,Whitfield,PA
41.2459,-75.8813,Wilkes-Barre,PA
40.4417,-79.882,Wilkinsburg,PA
40.462,-78.1997,Williamsburg,PA
41.2412,-77.0011,Williamsport,PA
40.5801,-76.6177,Williamstown,PA
40.144,-75.1157,Willow Grove,PA
40.3909,-79.8101,Wilmerding,PA
40.3101,-79.8914,Wilson,PA
40.684,-75.2418,Wilson,PA
40.8481,-75.2916,Wind Gap,PA
40.2398,-78.835,Windber,PA
40.1928,-80.2878,Wolfdale,PA
40.3618,-76.1841,Womelsdorf,PA
40.1923,-74.8888,Woodbourne,PA
41.4098,-79.7117,Woodland Heights,PA
40.2218,-74.8754,Woodside,PA
40.2629,-76.9139,Wormleysburg,PA
40.3107,-75.4488,Woxall,PA
40.0256,-76.53,Wrightsville,PA
40.0945,-75.1488,Wyncote,PA
40.0812,-75.1893,Wyndmoor,PA
41.3118,-75.8374,Wyoming,PA
40.3295,-75.9652,Wyomissing,PA
40.3376,-75.9797,Wyomissing Hills,PA
40.2457,-74.846,Yardley,PA
40.6431,-77.5806,Yeagertown,PA
40.7812,-75.4768,Youngsville,PA
41.8523,-79.3187,Youngsville,PA
40.2403,-79.5767,Youngwood,PA
40.7945,-80.1367,Zelienople,PA
40.9142,-77.6847,Zion,PA
41.4234,-71.7856,Ashaway,RI
41.7407,-71.3087,Barrington,RI
41.399,-71.737,Bradford,RI
41.6771,-71.2662,Bristol,RI
41.8907,-71.3923,Central Falls,RI
41.3832,-71.6417,Charlestown,RI
41.9151,-71.6715,Chepachet,RI
41.7001,-71.6828,Coventry,RI
41.7798,-71.4373,Cranston,RI
41.9668,-71.4328,Cumberland,RI
41.9745,-71.467,Cumberland Hill,RI
41.6604,-71.4559,East Greenwich,RI
41.8137,-71.3701,East Providence,RI
41.5776,-71.5376,Exeter,RI
41.8537,-71.7581,Foster,RI
41.8712,-71.552,Greenville,RI
41.9656,-71.6745,Harrisville,RI
41.5076,-71.7162,Hope Valley,RI
41.4612,-71.7776,Hopkinton,RI
41.4971,-71.3673,Jamestown,RI
41.4804,-71.5226,Kingston,RI
41.587,-71.2834,Melville,RI
41.5457,-71.2914,Middletown,RI
41.4323,-71.4564,Narragansett Pier,RI
41.4901,-71.3128,Newport,RI
41.5501,-71.4662,North Kingstown,RI
41.8501,-71.4662,North Providence,RI
41.8318,-71.5873,North Scituate,RI
41.9668,-71.5495,North Smithfield,RI
41.9556,-71.7023,Pascoag,RI
41.8787,-71.3826,Pawtucket,RI
41.6023,-71.2503,Portsmouth,RI
41.824,-71.4128,Providence,RI
41.922,-71.5495,Smithfield,RI
41.6259,-71.2134,Tiverton,RI
41.9068,-71.3906,Valley Falls,RI
41.7304,-71.2826,Warren,RI
41.7001,-71.4162,Warwick,RI
41.6969,-71.5219,West Warwick,RI
41.3776,-71.8273,Westerly,RI
42.0029,-71.5148,Woonsocket,RI
45.4647,-98.4865,Aberdeen,SD
43.6536,-97.7828,Alexandria,SD
43.3186,-98.3468,Armour,SD
43.7614,-96.7403,Baltic,SD
43.0805,-96.7737,Beresford,SD
43.5947,-96.572,Brandon,SD
45.7916,-97.7509,Britton,SD
44.3114,-96.7984,Brookings,SD
43.1825,-99.2921,Burke,SD
43.3008,-96.5928,Canton,SD
43.8108,-99.3307,Chamberlain,SD
44.8777,-97.7331,Clark,SD
44.7458,-96.6826,Clear Lake,SD
43.6647,-96.8109,Crooks,SD
42.4875,-96.4864,Dakota Dunes,SD
44.3875,-97.5503,De Smet,SD
43.8261,-96.7062,Dell Rapids,SD
42.6833,-96.6837,Elk Point,SD
45.035,-99.124,Faulkton,SD
44.0494,-96.5953,Flandreau,SD
44.0686,-99.4379,Fort Thompson,SD
43.3525,-97.4373,Freeman,SD
43.7175,-96.5028,Garretson,SD
45.0117,-99.9557,Gettysburg,SD
43.2322,-99.4304,Gregory,SD
45.4475,-98.0987,Groton,SD
43.4314,-96.6973,Harrisburg,SD
43.623,-96.9425,Hartford,SD
44.5214,-99.4415,Highmore,SD
44.0108,-97.5267,Howard,SD
44.3633,-98.2143,Huron,SD
45.4444,-99.0293,Ipswich,SD
43.9036,-99.8618,Kennebec,SD
43.1564,-98.5415,Lake Andes,SD
43.3541,-96.892,Lennox,SD
45.7227,-98.9409,Leola,SD
44.0061,-97.114,Madison,SD
45.2191,-96.6356,Milbank,SD
44.5183,-98.9884,Miller,SD
43.7094,-98.0298,Mitchell,SD
42.5272,-96.4831,North Sioux City,SD
43.2408,-97.6753,Olivet,SD
43.3975,-97.1364,Parker,SD
43.3989,-97.9837,Parkston,SD
43.7156,-98.4851,Plankinton,SD
43.3869,-98.8445,Platte,SD
44.8758,-98.5187,Redfield,SD
43.7242,-97.3889,Salem,SD
43.55,-96.7003,Sioux Falls,SD
45.6647,-97.0498,Sisseton,SD
42.8542,-97.8973,Springfield,SD
43.4464,-96.8359,Tea,SD
42.9933,-97.8628,Tyndall,SD
42.7794,-96.9292,Vermillion,SD
44.3236,-96.9265,Volga,SD
43.0797,-98.2931,Wagner,SD
44.8994,-97.1151,Watertown,SD
45.3322,-97.5201,Webster,SD
44.0792,-98.5695,Wessington Springs,SD
43.3767,-99.859,Winner,SD
44.0536,-98.2756,Woonsocket,SD
42.8711,-97.3973,Yankton,SD
43.0748,-73.154,Arlington,VT
44.197,-72.502,Barre,VT
43.1334,-72.444,Bellows Falls,VT
42.8781,-73.1968,Bennington,VT
43.7981,-73.0876,Brandon,VT
42.8509,-72.5579,Brattleboro,VT
44.1334,-73.079,Bristol,VT
44.4759,-73.2121,Burlington,VT
43.9898,-72.4476,Chelsea,VT
43.2629,-72.5951,Chester,VT
44.5439,-73.1479,Colchester,VT
42.9437,-72.804,Dover,VT
44.907,-72.8065,Enosburg Falls,VT
44.4906,-73.111,Essex Junction,VT
43.5948,-73.2657,Fair Haven,VT
44.5651,-71.5598,Guildhall,VT
44.5048,-72.3682,Hardwick,VT
44.3292,-73.1107,Hinesburg,VT
44.5939,-72.6165,Hyde Park,VT
44.5039,-72.9976,Jericho,VT
44.6356,-72.6804,Johnson,VT
44.5142,-72.0109,Lyndon,VT
44.5337,-72.0032,Lyndonville,VT
43.177,-73.0571,Manchester Center,VT
44.0155,-73.1694,Middlebury (village),VT
44.6398,-73.1104,Milton,VT
44.2601,-72.5754,Montpelier,VT
44.5573,-72.6237,Morristown,VT
44.5617,-72.5984,Morrisville,VT
44.9364,-72.2051,Newport,VT
42.9856,-72.6559,Newfane,VT
42.9304,-73.2426,North Bennington,VT
44.8175,-73.2893,North Hero,VT
44.1512,-72.6565,Northfield,VT
43.517,-73.2362,Poultney,VT
43.9251,-72.6659,Randolph,VT
44.997,-72.6712,Richford,VT
43.1876,-72.489,Rockingham,VT
43.6106,-72.9726,Rutland,VT
44.8109,-73.0832,Saint Albans,VT
44.4192,-72.0151,Saint Johnsbury,VT
44.177,-72.5057,South Barre,VT
44.467,-73.171,South Burlington,VT
43.2984,-72.4823,Springfield,VT
44.9181,-73.1243,Swanton,VT
44.1673,-73.254,Vergennes,VT
44.3378,-72.7562,Waterbury,VT
42.8559,-72.6031,West Brattleboro,VT
43.5931,-73.0451,West Rutland,VT
43.649,-72.3193,White River Junction,VT
43.6728,-72.3087,Wilder,VT
44.1217,-72.5415,Williamstown,VT
44.4376,-73.0682,Williston,VT
43.4804,-72.3848,Windsor,VT
44.4914,-73.1857,Winooski,VT
43.6242,-72.5184,Woodstock,VT
44.9464,-90.316,Abbotsford,WI
43.9561,-89.8182,Adams,WI
42.7078,-89.4371,Albany,WI
44.6089,-87.4326,Algoma,WI
44.4775,-88.0162,Allouez,WI
44.32,-91.9149,Alma,WI
44.8047,-91.4432,Altoona,WI
45.3069,-92.3621,Amery,WI
44.4508,-89.2848,Amherst,WI
45.1403,-89.1523,Antigo,WI
44.2619,-88.4154,Appleton,WI
44.2527,-91.5015,Arcadia,WI
46.5924,-90.8838,Ashland,WI
44.4822,-88.0701,Ashwaubenon,WI
45.033,-90.074,Athens,WI
44.6802,-91.1199,Augusta,WI
44.9666,-92.3744,Baldwin,WI
45.4522,-92.4546,Balsam Lake,WI
43.893,-90.9904,Bangor,WI
43.4711,-89.7443,Baraboo,WI
43.0155,-89.8954,Barneveld,WI
45.4014,-91.8491,Barron,WI
43.1806,-87.9006,Bayside,WI
43.4578,-88.8373,Beaver Dam,WI
43.4997,-87.8504,Belgium,WI
42.8597,-89.5382,Belleville,WI
44.4442,-87.9201,Bellevue,WI
42.5084,-89.0318,Beloit,WI
43.968,-88.9434,Berlin,WI
42.8814,-88.2068,Big Bend,WI
44.4775,-88.4507,Black Creek,WI
43.1372,-89.7468,Black Earth,WI
44.2947,-90.8515,Black River Falls,WI
44.2944,-91.2352,Blair,WI
45.1002,-91.4888,Bloomer,WI
42.6231,-88.2804,Bohners Lake,WI
44.7403,-88.4448,Bonduel,WI
43.1344,-90.7054,Boscobel,WI
45.0436,-92.041,Boyceville,WI
43.9386,-91.2999,Brice Prairie,WI
44.1772,-88.0643,Brillion,WI
42.5589,-88.0493,Bristol,WI
42.6183,-89.3762,Brodhead,WI
43.0606,-88.1065,Brookfield,WI
42.8536,-89.3704,Brooklyn,WI
43.1633,-87.9645,Brown Deer,WI
42.6925,-88.2312,Browns Lake,WI
44.2305,-91.8643,Buffalo City,WI
42.6781,-88.2762,Burlington,WI
43.1058,-88.0695,Butler,WI
44.948,-91.1507,Cadott,WI
42.8078,-87.9243,Caledonia,WI
43.0036,-89.0165,Cambridge,WI
45.4086,-91.7441,Cameron,WI
42.5347,-88.1437,Camp Lake,WI
43.5978,-88.279,Campbellsport,WI
43.7419,-90.7793,Cashton,WI
43.5697,-87.8234,Cedar Grove,WI
43.2967,-87.9876,Cedarburg,WI
45.3141,-91.651,Chetek,WI
44.0289,-88.1629,Chilton,WI
44.9369,-91.3929,Chippewa Falls,WI
45.2519,-92.2713,Clear Lake,WI
43.915,-87.7473,Cleveland,WI
42.5578,-88.8651,Clinton,WI
44.6205,-88.7623,Clintonville,WI
44.91,-90.3157,Colby,WI
44.9975,-91.7271,Colfax,WI
43.3381,-89.0154,Columbus,WI
44.2658,-88.3143,Combined Locks,WI
42.6122,-88.4823,Como,WI
45.1672,-91.1493,Cornell,WI
43.0761,-89.1996,Cottage Grove,WI
45.5719,-88.9029,Crandon,WI
43.1144,-89.6557,Cross Plains,WI
42.6056,-90.4299,Cuba City,WI
42.9597,-87.8615,Cudahy,WI
45.5322,-92.0194,Cumberland,WI
42.6017,-88.7076,Darien,WI
42.6831,-90.1176,Darlington,WI
43.2478,-89.3437,De Forest,WI
44.4489,-88.0604,De Pere,WI
43.0519,-89.0757,Deerfield,WI
43.0608,-88.4037,Delafield,WI
42.6331,-88.6437,Delavan,WI
42.5842,-88.6326,Delavan Lake,WI
44.3478,-87.8273,Denmark,WI
42.6272,-90.5921,Dickeyville,WI
42.9603,-90.1301,Dodgeville,WI
43.0142,-88.4726,Dousman,WI
44.6264,-91.9657,Durand,WI
42.8795,-88.4743,Eagle,WI
42.707,-88.1281,Eagle Lake,WI
45.9172,-89.2443,Eagle River,WI
42.7853,-88.4051,East Troy,WI
44.8113,-91.4985,Eau Claire,WI
44.9272,-89.9635,Edgar,WI
42.8353,-89.0676,Edgerton,WI
42.6728,-88.5445,Elkhorn,WI
44.7322,-92.4874,Ellsworth,WI
43.0431,-88.079,Elm Grove,WI
43.7408,-90.2724,Elroy,WI
42.7803,-89.2993,Evansville,WI
44.8425,-89.6376,Evergreen,WI
44.7636,-91.2771,Fall Creek,WI
43.3844,-89.0451,Fall River,WI
42.9836,-90.6554,Fennimore,WI
42.9608,-89.4698,Fitchburg,WI
45.9222,-88.2518,Florence,WI
43.775,-88.4388,Fond du Lac,WI
42.5514,-88.5751,Fontana,WI
42.9289,-88.8371,Fort Atkinson,WI
43.5655,-88.9065,Fox Lake,WI
43.1575,-87.9018,Fox Point,WI
42.8886,-88.0384,Franklin,WI
42.76,-87.9134,Franksville,WI
45.6591,-92.4671,Frederic,WI
43.4706,-87.9506,Fredonia,WI
43.8583,-91.2604,French Island,WI
43.9705,-89.8168,Friendship,WI
44.0816,-91.349,Galesville,WI
42.4984,-88.3281,Genoa City,WI
43.2286,-88.1104,Germantown,WI
44.89,-88.3073,Gillett,WI
43.1353,-87.9356,Glendale,WI
45.0586,-92.1724,Glenwood City,WI
43.3197,-87.9534,Grafton,WI
45.7763,-92.6827,Grantsburg,WI
44.5192,-88.0198,Green Bay,WI
43.8441,-88.9601,Green Lake,WI
42.9406,-87.9959,Greendale,WI
42.9614,-88.0126,Greenfield,WI
44.7702,-90.5993,Greenwood,WI
42.9375,-88.0487,Hales Corners,WI
44.9789,-92.4357,Hammond,WI
43.3178,-88.379,Hartford,WI
43.105,-88.342,Hartland,WI
46.013,-91.4846,Hayward,WI
42.5328,-90.4346,Hazel Green,WI
44.1403,-88.164,Hilbert,WI
43.6522,-90.344,Hillsboro,WI
43.9633,-91.2562,Holmen,WI
43.4514,-88.6312,Horicon,WI
44.3347,-88.6382,Hortonville,WI
44.5436,-88.0882,Howard,WI
43.8339,-87.8201,Howards Grove,WI
44.9747,-92.7569,Hudson,WI
46.4497,-90.1866,Hurley,WI
43.3461,-88.6007,Hustisford,WI
44.3569,-91.4204,Independence,WI
44.508,-89.1307,Iola,WI
43.1439,-88.5973,Ixonia,WI
43.3239,-88.1668,Jackson,WI
42.6828,-89.0187,Janesville,WI
43.0056,-88.8073,Jefferson,WI
43.0761,-88.7743,Johnson Creek,WI
43.4055,-88.7051,Juneau,WI
44.278,-88.272,Kaukauna,WI
42.5847,-87.8212,Kenosha,WI
44.8839,-88.6337,Keshena,WI
43.5208,-88.229,Kewaskum,WI
44.4583,-87.5031,Kewaunee,WI
43.9125,-88.0357,Kiel,WI
44.2722,-88.339,Kimberly,WI
44.3375,-89.1418,King,WI
43.4964,-88.0234,Kohler,WI
44.8222,-89.5904,Kronenwetter,WI
43.8014,-91.2396,La Crosse,WI
45.9697,-89.8921,Lac du Flambeau,WI
45.463,-91.104,Ladysmith,WI
43.6011,-89.7937,Lake Delton,WI
42.5917,-88.4334,Lake Geneva,WI
44.8758,-91.4407,Lake Hallie,WI
42.9097,-88.9196,Lake Koshkonong,WI
43.0814,-88.9118,Lake Mills,WI
46.5149,-91.6999,Lake Nebagamon,WI
43.0058,-88.9862,Lake Ripley,WI
44.3711,-89.7565,Lake Wazeecha,WI
43.3736,-89.5757,Lake Wisconsin,WI
44.9263,-91.301,Lake Wissota,WI
42.8475,-90.7107,Lancaster,WI
43.1461,-88.1662,Lannon,WI
44.28,-88.3184,Little Chute,WI
45.965,-91.3679,Little Round Lake,WI
43.3139,-89.5265,Lodi,WI
43.5914,-88.4437,Lomira,WI
44.7369,-90.496,Loyal,WI
45.5761,-92.4827,Luck,WI
44.5386,-87.704,Luxemburg,WI
43.0731,-89.4012,Madison,WI
44.4644,-88.9198,Manawa,WI
44.0886,-87.6576,Manitowoc,WI
43.1183,-89.3796,Maple Bluff,WI
44.9291,-89.8404,Marathon,WI
45.1,-87.6307,Marinette,WI
44.6708,-88.8893,Marion,WI
43.7072,-88.9901,Markesan,WI
43.1683,-89.0668,Marshall,WI
44.6688,-90.1718,Marshfield,WI
43.7972,-90.0773,Mauston,WI
43.4942,-88.5448,Mayville,WI
43.1767,-89.7948,Mazomanie,WI
43.0125,-89.2898,McFarland,WI
45.1386,-90.3401,Medford,WI
44.2022,-88.4465,Menasha,WI
43.1789,-88.1173,Menomonee Falls,WI
44.8755,-91.9193,Menomonie,WI
43.2364,-87.9845,Mequon,WI
45.1805,-89.6835,Merrill,WI
43.1467,-88.3068,Merton,WI
43.0972,-89.5043,Middleton,WI
42.7756,-88.944,Milton,WI
43.0389,-87.9065,Milwaukee,WI
42.86,-90.1799,Mineral Point,WI
44.2392,-87.6412,Mishicot,WI
44.5677,-91.671,Mondovi,WI
43.0622,-89.334,Monona,WI
42.6011,-89.6385,Monroe,WI
43.7914,-89.3198,Montello,WI
42.7456,-89.5948,Monticello,WI
44.793,-89.7032,Mosinee,WI
43.0086,-89.7385,Mount Horeb,WI
42.8667,-88.3334,Mukwonago,WI
43.185,-90.4432,Muscoda,WI
42.9059,-88.139,Muskego,WI
43.0978,-88.4023,Nashotah,WI
44.1858,-88.4626,Neenah,WI
44.56,-90.5962,Neillsville,WI
44.3125,-89.9043,Nekoosa,WI
42.9764,-88.1084,New Berlin,WI
42.8145,-89.6351,New Glarus,WI
43.95,-88.0843,New Holstein,WI
43.8791,-90.1654,New Lisbon,WI
44.3928,-88.7398,New London,WI
45.123,-92.5366,New Richmond,WI
43.4317,-88.0465,Newburg,WI
45.7713,-87.9948,Niagara,WI
43.8114,-88.4834,North Fond du Lac,WI
44.993,-92.7569,North Hudson,WI
43.8464,-91.2482,North La Crosse,WI
42.9345,-88.4054,North Prairie,WI
42.8858,-87.8631,Oak Creek,WI
43.6861,-88.5465,Oakfield,WI
43.1117,-88.4993,Oconomowoc,WI
44.8872,-87.8645,Oconto,WI
44.8739,-88.1429,Oconto Falls,WI
43.1233,-88.4407,Okauchee Lake,WI
44.0394,-88.7443,Omro,WI
43.8844,-91.2351,Onalaska,WI
44.4986,-88.1829,Oneida,WI
43.6228,-87.7945,Oostburg,WI
42.9261,-89.3846,Oregon,WI
42.6275,-89.2532,Orfordville,WI
45.3205,-92.7049,Osceola,WI
44.0247,-88.5426,Oshkosh,WI
44.5722,-91.2274,Osseo,WI
42.5775,-88.1051,Paddock Lake,WI
42.8778,-88.5862,Palmyra,WI
43.5378,-89.3001,Pardeeville,WI
45.9344,-90.4416,Park Falls,WI
42.5381,-88.3509,Pell Lake,WI
45.0544,-87.7493,Peshtigo,WI
43.0806,-88.2612,Pewaukee,WI
45.6966,-90.4004,Phillips,WI
42.7342,-90.4785,Platteville,WI
42.5531,-87.9334,Pleasant Prairie,WI
44.4564,-89.544,Plover,WI
43.7486,-87.977,Plymouth,WI
44.3508,-89.8654,Port Edwards,WI
43.3872,-87.8756,Port Washington,WI
43.5391,-89.4626,Portage,WI
42.8217,-88.349,Potter Lake,WI
42.5536,-88.2945,Powers Lake,WI
43.3903,-89.4029,Poynette,WI
43.0517,-91.1412,Prairie du Chien,WI
43.2869,-89.724,Prairie du Sac,WI
44.7489,-92.8021,Prescott,WI
43.8508,-89.1218,Princeton,WI
44.6722,-88.2426,Pulaski,WI
42.7261,-87.7828,Racine,WI
43.5391,-89.0068,Randolph,WI
43.5522,-87.9618,Random Lake,WI
44.0419,-89.0984,Redgranite,WI
43.5325,-90.0026,Reedsburg,WI
44.1536,-87.9568,Reedsville,WI
45.6366,-89.4121,Rhinelander,WI
44.9128,-89.6754,Rib Mountain,WI
45.5061,-91.7382,Rice Lake,WI
43.2561,-88.194,Richfield,WI
43.3347,-90.3868,Richland Center,WI
43.8422,-88.8359,Ripon,WI
43.4478,-89.2398,Rio,WI
44.8614,-92.6238,River Falls,WI
43.1742,-87.9243,River Hills,WI
44.9839,-92.556,Roberts,WI
42.7414,-88.2243,Rochester,WI
43.8078,-88.6748,Rosendale,WI
44.8872,-89.6201,Rothschild,WI
45.41,-92.6397,Saint Croix Falls,WI
42.9675,-87.8776,Saint Francis,WI
43.8364,-88.3415,Saint Peter,WI
42.5547,-88.1109,Salem,WI
43.2708,-89.7221,Sauk City,WI
43.3817,-87.9407,Saukville,WI
44.9097,-89.6046,Schofield,WI
44.8266,-91.4313,Seymour,WI
44.515,-88.3304,Seymour,WI
42.5025,-88.729,Sharon,WI
44.7822,-88.609,Shawano,WI
43.7508,-87.7145,Sheboygan,WI
43.732,-87.8221,Sheboygan Falls,WI
45.7394,-91.9254,Shell Lake,WI
44.1736,-88.2598,Sherwood,WI
43.0892,-87.8876,Shorewood,WI
43.0775,-89.4457,Shorewood Hills,WI
42.5733,-90.231,Shullsburg,WI
42.5461,-88.1656,Silver Lake,WI
44.0553,-89.2262,Silver Lake,WI
45.7858,-92.381,Siren,WI
43.3336,-88.2862,Slinger,WI
42.6403,-87.9104,Somers,WI
45.1244,-92.6735,Somerset,WI
42.9106,-87.8606,South Milwaukee,WI
43.9441,-90.8129,Sparta,WI
44.7577,-90.2968,Spencer,WI
45.8225,-91.8893,Spooner,WI
43.1753,-90.0679,Spring Green,WI
44.8452,-92.2388,Spring Valley,WI
44.96,-90.9371,Stanley,WI
44.5236,-89.5746,Stevens Point,WI
42.9169,-89.2179,Stoughton,WI
44.8011,-90.0793,Stratford,WI
44.5497,-91.3927,Strum,WI
44.8342,-87.377,Sturgeon Bay,WI
42.6981,-87.8945,Sturtevant,WI
44.6319,-88.0393,Suamico,WI
43.1836,-89.2137,Sun Prairie,WI
46.7208,-92.1041,Superior,WI
43.1339,-88.222,Sussex,WI
44.9891,-91.8477,Tainter Lake,WI
43.5172,-88.4512,Theresa,WI
43.2375,-87.9787,Thiensville,WI
44.9611,-90.7999,Thorp,WI
42.8289,-88.1976,Tichigan,WI
43.9786,-90.504,Tomah,WI
45.4711,-89.7299,Tomahawk,WI
44.0055,-91.4421,Trempealeau,WI
45.3944,-92.1424,Turtle Lake,WI
42.5311,-88.2481,Twin Lakes,WI
44.1539,-87.5692,Two Rivers,WI
42.6881,-88.0515,Union Grove,WI
42.9908,-89.5332,Verona,WI
43.5569,-90.8887,Viroqua,WI
43.0044,-88.3768,Wales,WI
42.5311,-88.5995,Walworth,WI
46.6733,-90.8949,Washburn,WI
43.1839,-88.9884,Waterloo,WI
42.7631,-88.2143,Waterford,WI
43.1947,-88.729,Watertown,WI
43.0117,-88.2315,Waukesha,WI
43.1919,-89.4557,Waunakee,WI
44.358,-89.0859,Waupaca,WI
43.6333,-88.7296,Waupun,WI
44.9591,-89.6301,Wausau,WI
44.0747,-89.2879,Wautoma,WI
43.0495,-88.0076,Wauwatosa,WI
43.4744,-89.7704,West Baraboo,WI
43.0167,-88.007,West Allis,WI
43.4253,-88.1834,West Bend,WI
43.0125,-87.9726,West Milwaukee,WI
43.8991,-91.0812,West Salem,WI
43.6569,-90.8543,Westby,WI
43.8836,-89.4935,Westfield,WI
44.8908,-89.5476,Weston,WI
44.3214,-88.9337,Weyauwega,WI
43.1133,-87.9001,Whitefish Bay,WI
44.3675,-91.3166,Whitehall,WI
42.8336,-88.7323,Whitewater,WI
44.4936,-89.5587,Whiting,WI
42.5781,-88.5409,Williams Bay,WI
42.8295,-88.1587,Wind Lake,WI
42.7845,-87.7662,Wind Point,WI
43.2183,-89.3415,Windsor,WI
44.1108,-88.7126,Winneconne,WI
43.6275,-89.771,Wisconsin Dells,WI
44.3836,-89.8174,Wisconsin Rapids,WI
44.8272,-89.1696,Wittenberg,WI
44.953,-92.2913,Woodville,WI
44.3258,-88.1629,Wrightstown,WI
40.0181,-80.7343,Benwood,WV
40.2056,-80.5567,Bethany,WV
40.044,-80.6906,Bethlehem,WV
40.6131,-80.5628,Chester,WV
40.3276,-80.5959,Follansbee,WV
40.3248,-80.5776,Hooverson Heights,WV
40.4967,-80.6067,New Cumberland,WV
40.6184,-80.6042,Newell,WV
40.419,-80.5895,Weirton,WV
40.4084,-80.5392,Weirton Heights,WV
40.272,-80.6095,Wellsburg,WV
40.1698,-80.5937,West Liberty,WV
40.064,-80.7209,Wheeling,WV
41.617,-72.0845,Baltic,CT
41.414,-73.3034,Newtown,CT
42.1812,-72.3606,Three Rivers,MA
42.0232,-70.6828,South Duxbury,MA
42.6112,-71.5745,Groton,MA
42.1104,-73.3551,Sheffield,MA
44.7976,-69.0512,Carmel,ME
44.8231,-70.3395,Phillips,ME
43.4087,-70.5814,West Kennebunk,ME
45.328,-93.4702,Nowthen,MN
43.6106,-73.1798,Castleton,VT
43.7392,-87.7818,Kohler,WI
41.3462,-73.079,Ansonia,CT
41.3712,-73.414,Bethel,CT
41.8129,-72.6976,Blue Hills,CT
41.167,-73.2048,Bridgeport,CT
41.6718,-72.9493,Bristol,CT
41.9123,-72.5451,Broad Brook,CT
41.2795,-72.8151,Branford,CT
41.0043,-73.6537,Byram,CT
42.0273,-73.3293,Canaan,CT
41.8343,-72.8918,Canton Valley,CT
41.499,-72.9007,Cheshire,CT
41.2787,-72.5276,Clinton,CT
41.5757,-72.332,Colchester,CT
41.8129,-72.9201,Collinsville,CT
34.9023,-110.1582,Holbrook,AZ
34.3992,-118.9181,Fillmore,CA
31.4481,-109.9284,Bisbee,AZ
38.7524,-122.615,Middletown,CA
34.0709,-112.1507,Black Canyon City,AZ
35.1347,-119.4562,South Taft,CA
38.0085,-122.0961,Vine Hill,CA
38.482,-100.4671,Dighton,KS
35.9742,-105.33,Mora,NM
33.0312,-111.5826,Blackwater,AZ
39.8161,-111.8555,Mona,UT
33.3703,-112.5838,Buckeye,AZ
35.1478,-114.5683,Bullhead City,AZ
33.1343,-110.12,Bylas,AZ
32.7584,-109.7162,Cactus Flat,AZ
34.5636,-111.8543,Camp Verde,AZ
33.7848,-110.0265,Canyon Day,AZ
33.8223,-111.9182,Carefree,AZ
33.1203,-111.8882,Casa Blanca,AZ
32.8795,-111.7574,Casa Grande,AZ
32.3234,-110.9951,Casas Adobes,AZ
32.5056,-110.9211,Catalina,AZ
32.2978,-110.9187,Catalina Foothills,AZ
33.8334,-111.9507,Cave Creek,AZ
33.8333,-111.9508,Cave Creek,AZ
33.3062,-111.8413,Chandler,AZ
36.1544,-109.5526,Chinle,AZ
34.7575,-112.4538,Chino Valley,AZ
34.0448,-110.4854,Cibecue,AZ
34.1886,-114.2247,Cienega Springs,AZ
33.5487,-112.4443,Citrus Park,AZ
34.7711,-112.0579,Clarkdale,AZ
33.4112,-110.8426,Claypool,AZ
33.0509,-109.2962,Clifton,AZ
36.9903,-112.9758,Colorado City,AZ
34.1625,-112.8507,Congress,AZ
32.9778,-111.5176,Coolidge,AZ
34.3078,-112.1035,Cordes Lakes,AZ
34.7178,-111.9215,Cornville,AZ
31.9654,-110.7756,Corona de Tucson,AZ
34.7392,-112.0099,Cottonwood,AZ
34.5539,-114.3725,Desert Hills,AZ
35.3853,-110.3207,Dilkon,AZ
35.5919,-114.2733,Dolan Springs,AZ
31.3447,-109.5468,Douglas,AZ
32.1412,-111.0284,Drexel Heights,AZ
34.1112,-109.2924,Eagar,AZ
31.9429,-110.9284,East Sahuarita,AZ
33.6042,-114.5252,Ehrenberg,AZ
33.6131,-112.3246,El Mirage,AZ
32.7559,-111.5548,Eloy,AZ
35.8367,-110.3815,First Mesa,AZ
35.1981,-111.6513,Flagstaff,AZ
33.0314,-111.3873,Florence,AZ
32.294,-111.0098,Flowing Wells,AZ
35.7445,-109.0765,Fort Defiance,AZ
32.6578,-114.4119,Fortuna Foothills,AZ
33.6117,-111.7174,Fountain Hills,AZ
36.9455,-112.5266,Fredonia,AZ
35.7114,-109.5421,Ganado,AZ
32.9478,-112.7168,Gila Bend,AZ
33.3528,-111.789,Gilbert,AZ
33.5386,-112.186,Glendale,AZ
33.3942,-110.7865,Globe,AZ
33.2937,-111.3043,Gold Camp,AZ
35.2233,-114.223,Golden Valley,AZ
33.4353,-112.3582,Goodyear,AZ
36.0544,-112.1393,Grand Canyon,AZ
36.0464,-112.1541,Grand Canyon Village,AZ
31.8543,-110.9937,Green Valley,AZ
33.3709,-111.9629,Guadalupe,AZ
35.2831,-109.207,Houck,AZ
31.6279,-110.334,Huachuca City,AZ
34.9559,-110.334,Joseph City,AZ
35.097,-111.6927,Kachina Village,AZ
36.5972,-111.0743,Kaibito,AZ
36.7278,-110.2546,Kayenta,AZ
33.057,-110.9107,Kearny,AZ
35.1894,-114.053,Kingman,AZ
34.4839,-114.3225,Lake Havasu City,AZ
34.6322,-111.7779,Lake Montezuma,AZ
34.1639,-109.9895,Lake of the Woods,AZ
33.3628,-112.1693,Laveen,AZ
35.0322,-110.7529,LeChee,AZ
34.285,-110.1571,Linden,AZ
33.4934,-112.3579,Litchfield Park,AZ
36.4169,-109.2287,Lukachukai,AZ
32.7226,-110.6406,Mammoth,AZ
36.3528,-109.6179,Many Farms,AZ
32.4367,-111.2254,Marana,AZ
33.0581,-112.0476,Maricopa,AZ
34.3978,-112.2363,Mayer,AZ
36.0022,-114.0683,Meadview,AZ
33.4223,-111.8226,Mesa,AZ
31.9901,-110.4353,Mescal,AZ
33.3992,-110.8687,Miami,AZ
34.9331,-114.5888,Mohave Valley,AZ
33.0787,-109.3654,Morenci,AZ
35.0853,-111.666,Mountainaire,AZ
31.3354,-109.9481,Naco,AZ
33.9159,-112.136,New River,AZ
31.3404,-110.9343,Nogales,AZ
32.6109,-110.7709,Oracle,AZ
32.3909,-110.9665,Oro Valley,AZ
36.9147,-111.4558,Page,AZ
33.5311,-111.9427,Paradise Valley,AZ
34.15,-114.2891,Parker,AZ
35.2606,-111.9488,Parks,AZ
34.8856,-112.4682,Paulden,AZ
34.2309,-111.3251,Payson,AZ
35.5292,-113.4255,Peach Springs,AZ
33.5806,-112.2374,Peoria,AZ
33.3103,-110.4554,Peridot,AZ
33.4484,-112.074,Phoenix,AZ
32.3459,-111.2462,Picture Rocks,AZ
32.8966,-109.8284,Pima,AZ
34.3845,-111.4551,Pine,AZ
34.1425,-109.9604,Pinetop-Lakeside,AZ
31.3572,-109.5635,Pirtleville,AZ
34.54,-112.4685,Prescott,AZ
34.61,-112.3157,Prescott Valley,AZ
33.6639,-114.23,Quartzsite,AZ
33.2487,-111.6343,Queen Creek,AZ
33.7225,-111.6757,Rio Verde,AZ
31.4715,-110.9765,Rio Rico,AZ
33.0767,-111.7393,Sacaton,AZ
32.834,-109.7076,Safford,AZ
31.9576,-110.9557,Sahuarita,AZ
31.9043,-110.2142,Saint David,AZ
34.5059,-109.3609,Saint Johns,AZ
35.6447,-109.0957,Saint Michaels,AZ
33.7811,-113.6146,Salome,AZ
33.3453,-110.4532,San Carlos,AZ
33.3459,-111.8507,San Carlos,AZ
32.487,-114.7822,San Luis,AZ
32.5998,-110.6309,San Manuel,AZ
33.5092,-111.899,Scottsdale,AZ
34.8697,-111.761,Sedona,AZ
31.912,-111.8812,Sells,AZ
34.2542,-110.0298,Show Low,AZ
31.5545,-110.3037,Sierra Vista,AZ
34.5134,-110.0785,Snowflake,AZ
32.5964,-114.7097,Somerton,AZ
32.1995,-110.9684,South Tucson,AZ
34.345,-112.159,Spring Valley,AZ
34.1335,-109.2883,Springerville,AZ
34.255,-111.2585,Star Valley,AZ
32.067,-110.9515,Summit,AZ
33.5975,-112.2718,Sun City,AZ
33.662,-112.3413,Sun City West,AZ
33.2112,-111.8754,Sun Lakes,AZ
34.2542,-111.2613,Sun Valley,AZ
33.294,-111.0962,Superior,AZ
33.6306,-112.3332,Surprise,AZ
32.7298,-109.714,Swift Trail Junction,AZ
32.2517,-110.7373,Tanque Verde,AZ
34.465,-110.0912,Taylor,AZ
33.4148,-111.9093,Tempe,AZ
33.4142,-111.9435,Tempe Junction,AZ
32.8492,-109.7592,Thatcher,AZ
32.0767,-111.3137,Three Points,AZ
33.45,-112.2593,Tolleson,AZ
31.7129,-110.0676,Tombstone,AZ
33.8317,-111.2946,Tonto Basin,AZ
32.4104,-111.0173,Tortolita,AZ
36.135,-111.2399,Tuba City,AZ
31.6126,-111.0459,Tubac,AZ
32.2217,-110.9265,Tucson,AZ
32.1876,-111.0909,Tucson Estates,AZ
32.0479,-110.712,Vail,AZ
32.6728,-114.1469,Wellton,AZ
31.9573,-110.342,Whetstone,AZ
34.3486,-109.9979,White Mountain Lake,AZ
33.837,-109.9643,Whiteriver,AZ
33.9686,-112.7296,Wickenburg,AZ
32.2529,-109.832,Willcox,AZ
35.2495,-112.191,Williams,AZ
34.69,-112.541,Williamson,AZ
34.9119,-114.6066,Willow Valley,AZ
35.6806,-109.0526,Window Rock,AZ
35.0242,-110.6974,Winslow,AZ
33.5939,-112.3029,Youngtown,AZ
32.7253,-114.6244,Yuma,AZ
34.47,-118.1967,Acton,CA
34.5828,-117.4092,Adelanto,CA
34.1431,-118.7379,Agoura,CA
34.1364,-118.7745,Agoura Hills,CA
34.4964,-118.3256,Agua Dulce,CA
33.4428,-116.865,Aguanga,CA
37.3655,-119.7263,Ahwahnee,CA
37.7652,-122.2416,Alameda,CA
37.8502,-122.0322,Alamo,CA
37.8869,-122.2977,Albany,CA
34.0953,-118.127,Alhambra,CA
33.565,-117.7271,Aliso Viejo,CA
38.4446,-121.943,Allendale,CA
33.8895,-118.3309,Alondra Park,CA
35.8877,-119.4873,Alpaugh,CA
32.8351,-116.7664,Alpine,CA
35.7291,-118.5495,Alta Sierra,CA
39.1416,-121.0538,Alta Sierra,CA
34.1897,-118.1312,Altadena,CA
37.3661,-121.8272,Alum Rock,CA
38.1749,-122.2608,American Canyon,CA
36.9636,-121.7791,Amesti,CA
33.8353,-117.9145,Anaheim,CA
38.0683,-120.5396,Angels Camp,CA
38.5757,-122.45,Angwin,CA
38.7082,-121.3299,Antelope,CA
38.0049,-121.8058,Antioch,CA
33.555,-116.6736,Anza,CA
34.5008,-117.1859,Apple Valley,CA
36.9772,-121.8994,Aptos,CA
39.0174,-122.0577,Arbuckle,CA
34.1397,-118.0353,Arcadia,CA
36.3158,-119.7085,Armona,CA
38.2555,-120.351,Arnold,CA
36.8886,-121.643,Aromas,CA
35.1186,-120.5907,Arroyo Grande,CA
33.8659,-118.0831,Artesia,CA
35.2091,-118.8284,Arvin,CA
37.6947,-122.1138,Ashland,CA
35.4894,-120.6707,Atascadero,CA
37.4613,-122.1977,Atherton,CA
37.3477,-120.6091,Atwater,CA
37.0808,-119.4854,Auberry,CA
38.8966,-121.0769,Auburn,CA
38.9143,-120.9524,Auburn Lake Trails,CA
37.9788,-121.2622,August,CA
33.3428,-118.3278,Avalon,CA
36.0041,-120.129,Avenal,CA
35.18,-120.7318,Avila Beach,CA
34.0361,-117.9912,Avocado Heights,CA
34.1336,-117.9076,Azusa,CA
35.3733,-119.0187,Bakersfield,CA
34.0853,-117.9609,Baldwin Park,CA
33.9256,-116.8764,Banning,CA
34.8986,-117.0228,Barstow,CA
34.8697,-117.0562,Barstow Heights,CA
38.0291,-121.9616,Bay Point,CA
35.1591,-118.6284,Bear Valley Springs,CA
33.9295,-116.9772,Beaumont,CA
33.9775,-118.187,Bell,CA
33.9653,-118.1515,Bell Gardens,CA
33.8817,-118.117,Bellflower,CA
37.5202,-122.2758,Belmont,CA
34.0406,-118.1692,Belvedere,CA
37.8727,-122.4644,Belvedere,CA
37.0891,-122.0863,Ben Lomond,CA
38.0494,-122.1586,Benicia,CA
37.8716,-122.2728,Berkeley,CA
33.7428,-116.2892,Bermuda Dunes,CA
39.6452,-121.4033,Berry Creek,CA
38.0149,-121.6405,Bethel Island,CA
34.0736,-118.4004,Beverly Hills,CA
34.2611,-116.845,Big Bear City,CA
34.2439,-116.9114,Big Bear Lake,CA
37.1649,-118.2896,Big Pine,CA
34.14,-114.3613,Big River,CA
39.4124,-121.7127,Biggs,CA
36.8022,-120.0163,Biola,CA
37.3635,-118.3951,Bishop,CA
37.8208,-121.9077,Blackhawk,CA
34.0703,-117.3959,Bloomington,CA
33.6103,-114.5964,Blythe,CA
38.3332,-123.0481,Bodega Bay,CA
35.588,-118.492,Bodfish,CA
37.9094,-122.6864,Bolinas,CA
32.6578,-117.03,Bonita,CA
37.0416,-122.1505,Bonny Doon,CA
33.2889,-117.2256,Bonsall,CA
39.0091,-123.3661,Boonville,CA
34.9994,-117.6498,Boron,CA
36.6989,-121.6749,Boronda,CA
33.2559,-116.375,Borrego Springs,CA
32.8075,-116.9364,Bostonia,CA
37.1261,-122.1222,Boulder Creek,CA
34.0339,-118.2053,Boyle Heights,CA
38.3138,-122.4819,Boyes Hot Springs,CA
34.1469,-117.9709,Bradbury,CA
32.9787,-115.5303,Brawley,CA
33.9167,-117.9001,Brea,CA
37.9319,-121.6958,Brentwood,CA
38.2557,-119.2313,Bridgeport,CA
37.6808,-122.4,Brisbane,CA
37.6866,-122.4827,Broadmoor,CA
37.1063,-122.1061,Brookdale,CA
39.4438,-123.3853,Brooktrails,CA
34.6136,-120.1927,Buellton,CA
33.8675,-117.9981,Buena Park,CA
37.3213,-121.9166,Buena Vista,CA
34.1808,-118.309,Burbank,CA
37.3233,-121.9316,Burbank,CA
37.5841,-122.3661,Burlingame,CA
35.4005,-119.4696,Buttonwillow,CA
37.8672,-121.638,Byron,CA
37.6208,-120.9858,Bystrom,CA
33.9175,-116.7872,Cabazon,CA
34.1578,-118.6384,Calabasas,CA
32.679,-115.4989,Calexico,CA
35.1258,-117.9859,California City,CA
33.1256,-115.5142,Calipatria,CA
38.5788,-122.5797,Calistoga,CA
34.0039,-117.062,Calimesa,CA
35.053,-120.5963,Callender,CA
34.2164,-119.0376,Camarillo,CA
35.5641,-121.0807,Cambria,CA
37.2569,-121.9308,Cambrian Park,CA
38.6688,-120.9872,Cameron Park,CA
38.7382,-120.6749,Camino,CA
38.4252,-122.9594,Camp Meeker,CA
37.2872,-121.95,Campbell,CA
32.6065,-116.4689,Campo,CA
34.2011,-118.5981,Canoga Park,CA
33.685,-117.2731,Canyon Lake,CA
36.9752,-121.9533,Capitola,CA
33.1581,-117.3506,Carlsbad,CA
36.5061,-121.7659,Carmel Valley Village,CA
36.5552,-121.9233,Carmel-by-the-Sea,CA
38.6171,-121.3283,Carmichael,CA
34.3989,-119.5185,Carpinteria,CA
33.8314,-118.282,Carson,CA
36.5427,-119.8332,Caruthers,CA
34.1836,-118.9434,Casa Conejo,CA
34.4889,-118.6229,Castaic,CA
37.6941,-122.0863,Castro Valley,CA
36.7658,-121.758,Castroville,CA
33.7797,-116.4653,Cathedral City,CA
35.4427,-120.8921,Cayucos,CA
38.0658,-120.2769,Cedar Ridge,CA
37.5949,-120.9577,Ceres,CA
34.0556,-118.4179,Century City,CA
33.8584,-118.0648,Cerritos,CA
34.1581,-119.2232,Channel Islands Beach,CA
34.1031,-117.8459,Charter Oak,CA
34.2572,-118.6012,Chatsworth,CA
33.9725,-116.9772,Cherry Valley,CA
37.6794,-122.1033,Cherryland,CA
39.7285,-121.8375,Chico,CA
35.6405,-117.7639,China Lake Acres,CA
34.0122,-117.6889,Chino,CA
33.9938,-117.7589,Chino Hills,CA
37.123,-120.2602,Chowchilla,CA
36.5705,-121.5186,Chualar,CA
32.6401,-117.0842,Chula Vista,CA
34.115,-117.8917,Citrus,CA
38.7071,-121.2811,Citrus Heights,CA
34.0967,-117.7198,Claremont,CA
38.336,-121.1594,Clay,CA
37.941,-121.9358,Clayton,CA
38.9582,-122.6264,Clearlake,CA
39.0263,-122.6719,Clearlake Oaks,CA
38.8055,-123.0172,Cloverdale,CA
36.8252,-119.7029,Clovis,CA
33.6803,-116.1739,Coachella,CA
36.1397,-120.3602,Coalinga,CA
37.2622,-119.701,Coarsegold,CA
38.8221,-122.7231,Cobb,CA
39.1007,-120.9533,Colfax,CA
38.2146,-121.2688,Collierville,CA
37.6769,-122.4597,Colma,CA
34.0739,-117.3136,Colton,CA
38.0363,-120.4013,Columbia,CA
39.2143,-122.0094,Colusa,CA
34.0006,-118.1598,Commerce,CA
33.8959,-118.2201,Compton,CA
37.978,-122.0311,Concord,CA
37.981,-120.6419,Copperopolis,CA
36.098,-119.5604,Corcoran,CA
39.9277,-122.1792,Corning,CA
33.8753,-117.5664,Corona,CA
32.6859,-117.1831,Coronado,CA
36.9886,-121.8063,Corralitos,CA
37.9255,-122.5275,Corte Madera,CA
33.6411,-117.9187,Costa Mesa,CA
38.3269,-122.7072,Cotati,CA
33.6042,-117.587,Coto De Caza,CA
38.6582,-121.9711,Cottonwood,CA
37.9688,-121.3408,Country Club,CA
39.7933,-123.2492,Covelo,CA
34.09,-117.8903,Covina,CA
32.8073,-116.8681,Crest,CA
34.242,-117.2856,Crestline,CA
38.0524,-122.213,Crockett,CA
33.9606,-118.1853,Cudahy,CA
34.0211,-118.3965,Culver City,CA
37.323,-122.0322,Cupertino,CA
36.5233,-119.2868,Cutler,CA
33.817,-118.0373,Cypress,CA
37.7058,-122.4619,Daly City,CA
33.467,-117.6981,Dana Point,CA
37.8216,-122.0,Danville,CA
38.5449,-121.7405,Davis,CA
37.0358,-121.8625,Day Valley,CA
38.6818,-120.8233,Deer Park,CA
38.5327,-122.4697,Deer Park,CA
32.9595,-117.2653,Del Mar,CA
36.5864,-121.9475,Del Monte Forest,CA
33.9161,-118.3695,Del Aire,CA
36.6591,-119.5937,Del Rey,CA
36.5933,-121.835,Del Rey Oaks,CA
37.7435,-121.0119,Del Rio,CA
35.7688,-119.2471,Delano,CA
37.4322,-120.7785,Delhi,CA
37.5263,-120.7969,Denair,CA
32.8528,-116.6158,Descanso,CA
33.9617,-116.5035,Desert Hot Springs,CA
33.4042,-116.0397,Desert Shores,CA
34.5908,-118.1526,Desert View Highlands,CA
37.8349,-121.958,Diablo,CA
34.0286,-117.8103,Diamond Bar,CA
38.6946,-120.8149,Diamond Springs,CA
36.5433,-119.3871,Dinuba,CA
37.9085,-121.6002,Discovery Bay,CA
38.4455,-121.8233,Dixon,CA
38.2138,-121.0885,Dogtown,CA
39.188,-120.0999,Dollar Point,CA
36.9861,-120.6266,Dos Palos,CA
33.94,-118.1326,Downey,CA
39.5593,-120.8269,Downieville,CA
34.1394,-117.9773,Duarte,CA
37.7022,-121.9358,Dublin,CA
38.8852,-121.9697,Dunnigan,CA
39.6463,-121.8,Durham,CA
35.8841,-119.2723,Earlimart,CA
33.8981,-118.1954,East Rancho Dominguez,CA
37.3811,-121.8174,East Foothills,CA
33.74,-116.9389,East Hemet,CA
33.9245,-117.989,East La Mirada,CA
34.0239,-118.172,East Los Angeles,CA
37.788,-120.8038,East Oakdale,CA
37.4688,-122.1411,East Palo Alto,CA
34.1461,-118.0942,East Pasadena,CA
36.0575,-118.9757,East Porterville,CA
39.9341,-120.898,East Quincy,CA
37.9449,-122.3136,East Richmond Heights,CA
34.0917,-118.0912,East San Gabriel,CA
37.9777,-120.3613,East Sonora,CA
36.6502,-119.7907,Easton,CA
32.7948,-116.9625,El Cajon,CA
32.792,-115.5631,El Centro,CA
37.9158,-122.3116,El Cerrito,CA
33.8406,-117.5228,El Cerrito,CA
38.6857,-121.0822,El Dorado Hills,CA
37.5027,-122.4694,El Granada,CA
34.0686,-118.0276,El Monte,CA
34.2358,-119.1638,El Rio,CA
33.9192,-118.4165,El Segundo,CA
37.9772,-122.2952,El Sobrante,CA
38.2977,-122.4917,El Verano,CA
38.3488,-122.5108,Eldridge,CA
38.4088,-121.3716,Elk Grove,CA
36.8244,-121.7405,Elkhorn,CA
38.7138,-121.4627,Elverta,CA
37.4647,-122.268,Emerald Lake Hills,CA
37.8313,-122.2853,Emeryville,CA
37.6383,-120.9022,Empire,CA
33.037,-117.292,Encinitas,CA
37.7978,-120.9979,Escalon,CA
33.1192,-117.0864,Escondido,CA
38.6921,-122.0172,Esparto,CA
32.8798,-116.9467,Eucalyptus Hills,CA
36.2961,-119.142,Exeter,CA
38.6446,-121.2722,Fair Oaks,CA
32.9939,-117.1873,Fairbanks Ranch,CA
37.9871,-122.5889,Fairfax,CA
38.2494,-122.04,Fairfield,CA
37.0763,-120.1929,Fairmead,CA
37.6785,-122.0458,Fairview,CA
33.3764,-117.2511,Fallbrook,CA
36.2977,-119.2068,Farmersville,CA
37.0513,-122.0733,Felton,CA
36.8588,-120.456,Firebaugh,CA
38.496,-121.4088,Florin,CA
38.678,-121.1761,Folsom,CA
34.0922,-117.4351,Fontana,CA
38.6788,-121.3511,Foothill Farms,CA
33.6864,-117.6609,Foothill Ranch,CA
35.1544,-119.4562,Ford City,CA
38.1685,-120.4066,Forest Meadows,CA
39.8821,-121.6727,Forest Ranch,CA
39.0202,-120.818,Foresthill,CA
38.4735,-122.8903,Forestville,CA
39.4457,-123.8053,Fort Bragg,CA
35.2627,-116.6847,Fort Irwin,CA
37.5585,-122.2711,Foster City,CA
33.7092,-117.9537,Fountain Valley,CA
36.6305,-119.6785,Fowler,CA
34.8228,-118.9448,Frazier Park,CA
36.9352,-121.773,Freedom,CA
37.5483,-121.9886,Fremont,CA
37.8841,-121.2711,French Camp,CA
36.7477,-119.7724,Fresno,CA
33.8703,-117.9253,Fullerton,CA
38.2546,-121.2999,Galt,CA
37.9638,-121.2294,Garden Acres,CA
33.7739,-117.9415,Garden Grove,CA
33.8884,-118.309,Gardena,CA
33.902,-116.5456,Garnet,CA
38.9068,-120.8385,Georgetown,CA
37.0058,-121.5683,Gilroy,CA
34.0117,-117.4848,Glen Avon,CA
34.1425,-118.2551,Glendale,CA
34.1361,-117.8653,Glendora,CA
38.6263,-121.2466,Gold River,CA
35.1425,-118.4904,Golden Hills,CA
34.4358,-119.8276,Goleta,CA
36.5066,-121.4444,Gonzales,CA
33.7647,-117.267,Good Hope,CA
36.3511,-119.4201,Goshen,CA
34.0339,-117.3136,Grand Terrace,CA
38.7632,-121.1638,Granite Bay,CA
32.8031,-116.9048,Granite Hills,CA
39.2191,-121.0611,Grass Valley,CA
38.4363,-122.8697,Graton,CA
33.7381,-117.0764,Green Acres,CA
34.6217,-118.414,Green Valley,CA
38.253,-122.1622,Green Valley,CA
35.3833,-119.1098,Greenacres,CA
35.2689,-119.0029,Greenfield,CA
36.3208,-121.2438,Greenfield,CA
39.3638,-121.6936,Gridley,CA
35.1216,-120.6213,Grover Beach,CA
34.9716,-120.5718,Guadalupe,CA
38.5019,-122.9961,Guerneville,CA
37.2577,-120.9988,Gustine,CA
33.9931,-117.9687,Hacienda Heights,CA
37.4635,-122.4286,Half Moon Bay,CA
39.7427,-122.0136,Hamilton City,CA
36.3274,-119.6457,Hanford,CA
32.8203,-116.83,Harbison Canyon,CA
38.4171,-121.9469,Hartley,CA
33.8314,-118.0728,Hawaiian Gardens,CA
33.9164,-118.3526,Hawthorne,CA
37.6688,-122.0808,Hayward,CA
38.6105,-122.8692,Healdsburg,CA
32.7309,-115.5297,Heber,CA
33.7476,-116.9731,Hemet,CA
38.2957,-121.2444,Herald,CA
38.0171,-122.2886,Hercules,CA
33.8622,-118.3995,Hermosa Beach,CA
34.4264,-117.3009,Hesperia,CA
34.1603,-118.6523,Hidden Hills,CA
33.2253,-117.1125,Hidden Meadows,CA
38.808,-122.5583,Hidden Valley Lake,CA
34.0159,-117.3334,Highgrove,CA
34.1283,-117.2087,Highland,CA
37.5741,-122.3794,Hillsborough,CA
36.8524,-121.4016,Hollister,CA
34.0983,-118.3267,Hollywood,CA
32.8112,-115.3803,Holtville,CA
36.3033,-119.6362,Home Garden,CA
33.8781,-117.5209,Home Gardens,CA
33.7431,-117.1092,Homeland,CA
37.5969,-120.866,Hughson,CA
33.6603,-117.9992,Huntington Beach,CA
33.9817,-118.2251,Huntington Park,CA
36.2027,-120.1029,Huron,CA
33.74,-116.7189,Idyllwild,CA
32.8475,-115.5694,Imperial,CA
32.5839,-117.1131,Imperial Beach,CA
33.7179,-116.3431,Indian Wells,CA
33.7207,-116.2168,Indio,CA
33.9617,-118.3531,Inglewood,CA
36.9513,-121.7338,Interlaken,CA
38.101,-122.8569,Inverness,CA
35.6469,-117.8126,Inyokern,CA
38.3527,-120.9327,Ione,CA
33.6695,-117.8231,Irvine,CA
34.1069,-117.9353,Irwindale,CA
34.4133,-119.861,Isla Vista,CA
36.3872,-119.2179,Ivanhoe,CA
38.3488,-120.7741,Jackson,CA
37.9533,-120.4227,Jamestown,CA
32.717,-116.8761,Jamul,CA
34.1347,-116.3131,Joshua Tree,CA
33.0787,-116.602,Julian,CA
38.9779,-122.8394,Kelseyville,CA
37.9299,-121.2527,Kennedy,CA
37.9105,-122.2802,Kensington,CA
37.9522,-122.5572,Kentfield,CA
38.4138,-122.5461,Kenwood,CA
36.7236,-120.0599,Kerman,CA
35.7547,-118.4254,Kernville,CA
36.0083,-119.9618,Kettleman City,CA
37.5566,-120.9155,Keyes,CA
36.2127,-121.126,King City,CA
39.2377,-120.0266,Kings Beach,CA
36.5138,-119.554,Kingsburg,CA
37.9688,-121.668,Knightsen,CA
34.1992,-118.1878,La Canada Flintridge,CA
33.932,-117.9462,La Habra,CA
33.9609,-117.9506,La Habra Heights,CA
32.8473,-117.2742,La Jolla,CA
32.7678,-117.0231,La Mesa,CA
33.9172,-118.012,La Mirada,CA
33.8464,-118.0467,La Palma,CA
32.7081,-116.9972,La Presa,CA
34.02,-117.9495,La Puente,CA
33.6634,-116.31,La Quinta,CA
38.5669,-121.3569,La Riviera,CA
36.9366,-121.8647,La Selva Beach,CA
34.1008,-117.7678,La Verne,CA
37.3999,-122.1983,Ladera,CA
33.9942,-118.3753,Ladera Heights,CA
33.5709,-117.6356,Ladera Ranch,CA
37.8858,-122.118,Lafayette,CA
38.421,-121.4238,Laguna,CA
33.5423,-117.7831,Laguna Beach,CA
33.6125,-117.7128,Laguna Hills,CA
33.5225,-117.7075,Laguna Niguel,CA
33.6103,-117.7253,Laguna Woods,CA
34.2483,-117.1892,Lake Arrowhead,CA
33.6681,-117.3273,Lake Elsinore,CA
33.647,-117.6892,Lake Forest,CA
35.618,-118.4731,Lake Isabella,CA
34.6125,-117.8281,Lake Los Angeles,CA
35.7283,-120.8796,Lake Nacimiento,CA
33.1262,-117.2084,Lake San Marcos,CA
39.233,-121.2005,Lake Wildwood,CA
39.0396,-121.0566,Lake of the Pines,CA
33.6386,-117.3439,Lakeland Village,CA
39.0429,-122.9158,Lakeport,CA
32.8573,-116.9223,Lakeside,CA
33.8386,-117.1181,Lakeview,CA
33.8536,-118.134,Lakewood,CA
35.2597,-118.9143,Lamont,CA
34.698,-118.1367,Lancaster,CA
37.9341,-122.5353,Larkspur,CA
34.0372,-118.6359,Las Flores,CA
33.5881,-117.6267,Las Flores,CA
36.8652,-121.7349,Las Lomas,CA
37.8227,-121.2766,Lathrop,CA
36.4333,-119.6868,Laton,CA
33.8872,-118.3526,Lawndale,CA
39.6882,-123.4828,Laytonville,CA
37.2285,-120.2482,Le Grand,CA
34.8416,-118.8648,Lebec,CA
32.7426,-117.0314,Lemon Grove,CA
36.3008,-119.7829,Lemoore,CA
33.9381,-118.3526,Lennox,CA
34.8766,-117.1039,Lenwood,CA
34.6183,-118.2881,Leona Valley,CA
37.1647,-121.973,Lexington Hills,CA
38.8916,-121.293,Lincoln,CA
38.0052,-121.3283,Lincoln Village,CA
39.1277,-121.5508,Linda,CA
38.0213,-121.0838,Linden,CA
36.203,-119.0882,Lindsay,CA
34.5211,-117.9837,Littlerock,CA
36.9836,-121.9805,Live Oak,CA
39.2757,-121.66,Live Oak,CA
37.3869,-120.7235,Livingston,CA
37.6819,-121.768,Livermore,CA
38.1635,-121.1499,Lockeford,CA
38.1302,-121.2725,Lodi,CA
34.0483,-117.2612,Loma Linda,CA
39.3118,-121.4177,Loma Rica,CA
33.7922,-118.3151,Lomita,CA
37.1055,-122.0527,Lompico,CA
34.6392,-120.4579,Lompoc,CA
36.4761,-119.4432,London,CA
36.6063,-118.0646,Lone Pine,CA
33.767,-118.1892,Long Beach,CA
38.8213,-121.193,Loomis,CA
33.8031,-118.0726,Los Alamitos,CA
34.7444,-120.2782,Los Alamos,CA
37.3852,-122.1141,Los Altos,CA
37.3797,-122.1375,Los Altos Hills,CA
34.0522,-118.2437,Los Angeles,CA
37.0583,-120.8499,Los Banos,CA
37.2266,-121.9747,Los Gatos,CA
34.6678,-120.1149,Los Olivos,CA
35.3111,-120.8324,Los Osos,CA
33.9728,-117.7081,Los Serranos,CA
35.6163,-119.6943,Lost Hills,CA
38.9104,-122.6103,Lower Lake,CA
37.3513,-122.1005,Loyola,CA
36.3808,-119.6643,Lucerne,CA
39.0902,-122.7964,Lucerne,CA
34.4439,-116.9678,Lucerne Valley,CA
33.9303,-118.2115,Lynwood,CA
36.9613,-120.0607,Madera,CA
37.0191,-120.0668,Madera Acres,CA
39.8121,-121.5783,Magalia,CA
34.005,-118.8101,Malibu,CA
34.0328,-118.6884,Malibu Beach,CA
37.6486,-118.9721,Mammoth Lakes,CA
33.8847,-118.4109,Manhattan Beach,CA
37.7974,-121.216,Manteca,CA
35.0589,-119.4009,Maricopa,CA
37.8685,-122.5091,Marin City,CA
36.6844,-121.8022,Marina,CA
33.9803,-118.4517,Marina del Rey,CA
37.4849,-119.9663,Mariposa,CA
38.0194,-122.1341,Martinez,CA
39.1457,-121.5914,Marysville,CA
39.2763,-122.1914,Maxwell,CA
34.115,-118.0098,Mayflower Village,CA
33.9867,-118.1853,Maywood,CA
35.678,-119.2293,McFarland,CA
33.8334,-117.2961,Mead Valley,CA
39.001,-121.0219,Meadow Vista,CA
33.5722,-116.0782,Mecca,CA
34.4469,-119.2793,Meiners Oaks,CA
36.7536,-120.3816,Mendota,CA
33.7283,-117.1464,Menifee,CA
37.4538,-122.1822,Menlo Park,CA
34.07,-117.1345,Mentone,CA
37.3022,-120.483,Merced,CA
33.6059,-114.7311,Mesa Verde,CA
37.5444,-119.9205,Midpines,CA
33.7447,-117.9892,Midway City,CA
37.906,-122.545,Mill Valley,CA
37.5986,-122.3872,Millbrae,CA
37.4283,-121.9066,Milpitas,CA
36.7238,-119.4582,Minkler,CA
33.9925,-117.5164,Mira Loma,CA
34.4336,-119.2851,Mira Monte,CA
34.4508,-119.7129,Mission Canyon,CA
34.6861,-120.4368,Mission Hills,CA
33.6,-117.672,Mission Viejo,CA
37.6391,-120.9969,Modesto,CA
35.0525,-118.174,Mojave,CA
37.9977,-120.2699,Mono Vista,CA
34.1481,-117.9989,Monrovia,CA
37.9955,-122.3328,Montalvin,CA
37.5422,-122.5161,Montara,CA
34.0775,-117.6898,Montclair,CA
38.4655,-123.0089,Monte Rio,CA
37.2363,-121.9925,Monte Sereno,CA
34.0095,-118.1054,Montebello,CA
34.4367,-119.6321,Montecito,CA
36.6002,-121.8947,Monterey,CA
34.0625,-118.1228,Monterey Park,CA
34.2856,-118.882,Moorpark,CA
38.0385,-121.2458,Morada,CA
37.8349,-122.1297,Moraga,CA
33.9375,-117.2306,Moreno Valley,CA
37.1305,-121.6544,Morgan Hill,CA
34.047,-116.5808,Morongo Valley,CA
35.3658,-120.8499,Morro Bay,CA
37.5274,-122.5133,Moss Beach,CA
37.0511,-122.0586,Mount Hermon,CA
37.7833,-121.5427,Mountain House,CA
38.2283,-120.5408,Mountain Ranch,CA
38.0088,-122.1175,Mountain View,CA
37.386,-122.0838,Mountain View,CA
34.4967,-117.3489,Mountain View Acres,CA
38.1376,-120.4611,Murphys,CA
33.5539,-117.2139,Murrieta,CA
33.5606,-117.1581,Murrieta Hot Springs,CA
34.1542,-117.3442,Muscoy,CA
38.2971,-122.2855,Napa,CA
32.6781,-117.0992,National City,CA
34.8481,-114.6141,Needles,CA
39.2617,-121.0178,Nevada City,CA
37.5297,-122.0402,Newark,CA
38.8741,-121.1333,Newcastle,CA
37.3138,-121.0208,Newman,CA
33.6189,-117.929,Newport Beach,CA
39.1232,-122.8483,Nice,CA
33.24,-115.5189,Niland,CA
35.0427,-120.476,Nipomo,CA
33.9311,-117.5487,Norco,CA
38.9313,-121.0819,North Auburn,CA
35.0166,-117.8328,North Edwards,CA
34.1028,-118.0242,North El Monte,CA
37.4744,-122.1966,North Fair Oaks,CA
34.1606,-118.2645,North Glendale,CA
38.6857,-121.3722,North Highlands,CA
34.1722,-118.379,North Hollywood,CA
37.9588,-122.3675,North Richmond,CA
34.2283,-118.5367,Northridge,CA
33.9022,-118.0817,Norwalk,CA
38.1074,-122.5697,Novato,CA
33.8014,-117.1459,Nuevo,CA
34.3831,-117.3813,Oak Hills,CA
34.1792,-118.7629,Oak Park,CA
34.4,-119.3001,Oak View,CA
37.7666,-120.8471,Oakdale,CA
37.328,-119.6493,Oakhurst,CA
37.8044,-122.2708,Oakland,CA
37.9974,-121.7125,Oakley,CA
33.4659,-116.0989,Oasis,CA
38.4074,-122.9483,Occidental,CA
35.0989,-120.6124,Oceano,CA
33.1959,-117.3795,Oceanside,CA
35.4197,-119.0195,Oildale,CA
34.4481,-119.2429,Ojai,CA
39.0954,-121.5522,Olivehurst,CA
34.0633,-117.6509,Ontario,CA
36.9608,-121.9641,Opal Cliffs,CA
33.7878,-117.8531,Orange,CA
36.6244,-119.3137,Orange Cove,CA
38.6785,-121.2258,Orangevale,CA
34.8653,-120.436,Orcutt,CA
37.8772,-122.1797,Orinda,CA
39.7474,-122.1964,Orland,CA
36.545,-119.2873,Orosi,CA
39.5139,-121.5578,Oroville,CA
34.1975,-119.177,Oxnard,CA
34.1908,-119.2415,Oxnard Shores,CA
37.9835,-122.0752,Pacheco,CA
37.6138,-122.4869,Pacifica,CA
36.6177,-121.9166,Pacific Grove,CA
36.9041,-121.7486,Pajaro,CA
39.4354,-121.538,Palermo,CA
33.7225,-116.377,Palm Desert,CA
33.8303,-116.5453,Palm Springs,CA
34.5794,-118.1165,Palmdale,CA
37.4419,-122.143,Palo Alto,CA
33.8006,-118.3901,Palos Verdes Estates,CA
39.7596,-121.6219,Paradise,CA
33.8895,-118.1598,Paramount,CA
36.9472,-120.0229,Parksdale,CA
38.496,-121.4588,Parkway,CA
36.9269,-120.0446,Parkwood,CA
36.6116,-119.5271,Parlier,CA
34.1478,-118.1445,Pasadena,CA
37.0044,-122.0258,Pasatiempo,CA
35.6266,-120.691,Paso Robles,CA
37.4716,-121.1297,Patterson,CA
33.9753,-117.4759,Pedley,CA
39.196,-121.1911,Penn Valley,CA
38.2996,-122.6667,Penngrove,CA
33.7825,-117.2287,Perris,CA
38.2324,-122.6367,Petaluma,CA
34.4261,-117.5723,Phelan,CA
33.9831,-118.0967,Pico Rivera,CA
37.8244,-122.2316,Piedmont,CA
38.413,-120.6588,Pine Grove,CA
34.8464,-119.1496,Pine Mountain Club,CA
34.8469,-119.1568,Pine Mountain Club,CA
32.8214,-116.5292,Pine Valley,CA
38.0044,-122.2989,Pinole,CA
38.4319,-120.5719,Pioneer,CA
34.4153,-118.794,Piru,CA
35.1427,-120.6413,Pismo Beach,CA
38.028,-121.8847,Pittsburg,CA
35.9686,-119.2918,Pixley,CA
34.4333,-117.6467,Pinon Hills,CA
33.8722,-117.8703,Placentia,CA
38.7296,-120.7986,Placerville,CA
37.2908,-120.3185,Planada,CA
37.948,-122.0608,Pleasant Hill,CA
37.6624,-121.8747,Pleasanton,CA
39.0207,-121.558,Plumas Lake,CA
38.4819,-120.8447,Plymouth,CA
38.7613,-120.5866,Pollock Pines,CA
34.0553,-117.7523,Pomona,CA
34.1478,-119.1951,Port Hueneme,CA
39.8105,-120.4691,Portola,CA
33.6792,-117.6312,Portola Hills,CA
36.0652,-119.0168,Porterville,CA
37.3841,-122.2352,Portola Valley,CA
32.9628,-117.0359,Poway,CA
36.7758,-121.6697,Prunedale,CA
33.707,-117.245,Quail Valley,CA
34.6453,-118.2181,Quartz Hill,CA
39.9422,-120.9435,Quincy,CA
33.4103,-117.1478,Rainbow,CA
33.0417,-116.8681,Ramona,CA
38.1274,-120.8583,Rancho Calaveras,CA
38.1275,-120.8583,Rancho Calaveras,CA
38.5891,-121.3027,Rancho Cordova,CA
34.1064,-117.5931,Rancho Cucamonga,CA
33.7397,-116.4128,Rancho Mirage,CA
38.5018,-121.0947,Rancho Murieta,CA
33.7445,-118.387,Rancho Palos Verdes,CA
32.7473,-116.9353,Rancho San Diego,CA
33.0203,-117.2028,Rancho Santa Fe,CA
33.6409,-117.6031,Rancho Santa Margarita,CA
34.0556,-117.1825,Redlands,CA
33.8492,-118.3884,Redondo Beach,CA
37.4852,-122.2364,Redwood City,CA
37.5319,-122.248,Redwood Shores,CA
39.2654,-123.2044,Redwood Valley,CA
36.5963,-119.4504,Reedley,CA
34.1064,-117.3703,Rialto,CA
35.7966,-119.1079,Richgrove,CA
37.9358,-122.3478,Richmond,CA
35.6225,-117.6709,Ridgecrest,CA
36.8125,-121.3658,Ridgemark,CA
36.9683,-121.9002,Rio Del Mar,CA
38.691,-121.4486,Rio Linda,CA
38.1557,-121.6913,Rio Vista,CA
37.7416,-121.1244,Ripon,CA
37.736,-120.9355,Riverbank,CA
36.4311,-119.8596,Riverdale,CA
37.6094,-121.0519,Riverdale Park,CA
33.9534,-117.3962,Riverside,CA
38.7907,-121.2358,Rocklin,CA
38.033,-122.2669,Rodeo,CA
38.3396,-122.7011,Rohnert Park,CA
33.757,-118.354,Rolling Hills,CA
33.7878,-118.3581,Rolling Hills Estates,CA
37.9652,-122.33,Rollingwood,CA
33.7458,-117.175,Romoland,CA
34.8641,-118.1634,Rosamond,CA
35.3836,-119.1454,Rosedale,CA
38.4221,-122.728,Roseland,CA
34.0806,-118.0729,Rosemead,CA
38.5519,-121.3647,Rosemont,CA
38.7521,-121.288,Roseville,CA
37.9624,-122.555,Ross,CA
33.7856,-118.0851,Rossmoor,CA
33.9761,-117.9053,Rowland Heights,CA
33.9961,-117.4056,Rubidoux,CA
34.2078,-117.1092,Running Springs,CA
38.5816,-121.4944,Sacramento,CA
38.5052,-122.4703,Saint Helena,CA
37.7058,-121.0849,Salida,CA
36.6777,-121.6555,Salinas,CA
33.2987,-115.9561,Salton City,CA
38.196,-120.6805,San Andreas,CA
37.9746,-122.5616,San Anselmo,CA
34.1556,-117.6564,San Antonio Heights,CA
34.1083,-117.2898,San Bernardino,CA
37.6305,-122.4111,San Bruno,CA
37.5072,-122.2605,San Carlos,CA
33.427,-117.612,San Clemente,CA
32.7153,-117.1573,San Diego,CA
33.0067,-116.7836,San Diego Country Estates,CA
34.1067,-117.8067,San Dimas,CA
34.282,-118.439,San Fernando,CA
37.7749,-122.4194,San Francisco,CA
34.0961,-118.1058,San Gabriel,CA
33.7839,-116.9586,San Jacinto,CA
36.6066,-120.189,San Joaquin,CA
33.6117,-117.8367,San Joaquin Hills,CA
37.3394,-121.895,San Jose,CA
36.8455,-121.538,San Juan Bautista,CA
33.5017,-117.6625,San Juan Capistrano,CA
37.7249,-122.1561,San Leandro,CA
37.681,-122.1244,San Lorenzo,CA
35.2828,-120.6596,San Luis Obispo,CA
33.1434,-117.1661,San Marcos,CA
34.1214,-118.1065,San Marino,CA
37.0849,-121.6102,San Martin,CA
37.563,-122.3255,San Mateo,CA
35.7525,-120.6963,San Miguel,CA
37.9622,-122.3455,San Pablo,CA
33.0917,-116.9539,San Pasqual,CA
33.7358,-118.2923,San Pedro,CA
37.9735,-122.5311,San Rafael,CA
37.7799,-121.978,San Ramon,CA
36.708,-119.556,Sanger,CA
33.7456,-117.8678,Santa Ana,CA
34.4208,-119.6982,Santa Barbara,CA
37.3541,-121.9552,Santa Clara,CA
34.3917,-118.5426,Santa Clarita,CA
36.9741,-122.0308,Santa Cruz,CA
33.9472,-118.0854,Santa Fe Springs,CA
35.39,-120.6091,Santa Margarita,CA
34.953,-120.4357,Santa Maria,CA
34.0194,-118.4912,Santa Monica,CA
34.3542,-119.0593,Santa Paula,CA
38.4405,-122.7144,Santa Rosa,CA
34.2717,-118.709,Santa Susana,CA
37.9985,-122.5252,Santa Venetia,CA
34.6144,-120.0799,Santa Ynez,CA
32.8384,-116.9739,Santee,CA
37.8849,-122.0761,Saranap,CA
37.2638,-122.023,Saratoga,CA
34.2831,-119.1498,Saticoy,CA
37.8591,-122.4852,Sausalito,CA
37.0511,-122.0147,Scotts Valley,CA
38.7152,-123.4544,Sea Ranch,CA
36.9741,-121.9158,Seacliff,CA
33.7414,-118.1048,Seal Beach,CA
35.7674,-117.4039,Searles Valley,CA
36.6111,-121.8516,Seaside,CA
38.4021,-122.8239,Sebastopol,CA
33.6417,-117.2909,Sedco Hills,CA
32.7931,-115.6911,Seeley,CA
36.5708,-119.6121,Selma,CA
37.2861,-121.8386,Seven Trees,CA
37.6138,-120.9927,Shackelford,CA
35.5005,-119.2718,Shafter,CA
35.6553,-120.3754,Shandon,CA
34.1511,-118.4493,Sherman Oaks,CA
38.6657,-120.9261,Shingle Springs,CA
34.1617,-118.0529,Sierra Madre,CA
33.8045,-118.1679,Signal Hill,CA
34.2694,-118.7815,Simi Valley,CA
33.89,-116.3525,Sky Valley,CA
38.0105,-122.5844,Sleepy Hollow,CA
39.001,-122.7892,Soda Bay,CA
32.9911,-117.2712,Solana Beach,CA
36.4247,-121.3263,Soledad,CA
34.5958,-120.1376,Solvang,CA
38.2919,-122.458,Sonoma,CA
37.9841,-120.3821,Sonora,CA
36.988,-121.9566,Soquel,CA
37.9847,-120.2638,Soulsbyville,CA
36.9644,-120.6532,South Dos Palos,CA
34.0519,-118.0467,South El Monte,CA
33.9547,-118.212,South Gate,CA
38.9332,-119.9844,South Lake Tahoe,CA
39.4965,-121.5522,South Oroville,CA
34.1161,-118.1504,South Pasadena,CA
37.6547,-122.4077,South San Francisco,CA
34.0625,-118.0904,South San Gabriel,CA
34.0128,-117.9048,South San Jose Hills,CA
33.9609,-118.0417,South Whittier,CA
39.1166,-121.6391,South Yuba City,CA
32.7448,-116.9989,Spring Valley,CA
36.7402,-119.2468,Squaw Valley,CA
35.0889,-118.6426,Stallion Springs,CA
37.4241,-122.1661,Stanford,CA
33.8025,-117.9931,Stanton,CA
37.9577,-121.2908,Stockton,CA
36.1894,-119.8232,Stratford,CA
36.1455,-119.0607,Strathmore,CA
37.8969,-122.5089,Strawberry,CA
38.2383,-122.0402,Suisun,CA
34.4214,-119.5965,Summerland,CA
33.7092,-117.1973,Sun City,CA
36.7491,-119.6993,Sunnyside,CA
34.012,-117.4334,Sunnyslope,CA
37.3688,-122.0363,Sunnyvale,CA
39.1599,-121.7528,Sutter,CA
38.393,-120.8024,Sutter Creek,CA
35.1425,-119.4565,Taft,CA
35.1347,-119.4726,Taft Heights,CA
39.2399,-120.051,Tahoe Vista,CA
39.0674,-120.1282,Tahoma,CA
39.1332,-123.1678,Talmage,CA
37.8796,-122.5458,Tamalpais Valley,CA
37.9935,-122.3164,Tara Hills,CA
36.793,-119.701,Tarpey Village,CA
35.1322,-118.449,Tehachapi,CA
33.4936,-117.1484,Temecula,CA
38.2666,-122.4928,Temelec,CA
34.1072,-118.0579,Temple City,CA
35.5497,-120.706,Templeton,CA
35.9624,-119.0443,Terra Bella,CA
33.6403,-116.1394,Thermal,CA
39.5113,-121.5869,Thermalito,CA
38.226,-121.4247,Thornton,CA
34.1706,-118.8376,Thousand Oaks,CA
33.82,-116.3903,Thousand Palms,CA
37.8735,-122.4566,Tiburon,CA
39.1488,-121.6669,Tierra Buena,CA
36.0594,-119.3121,Tipton,CA
34.0936,-118.6015,Topanga,CA
34.42,-119.5671,Toro Canyon,CA
33.8359,-118.3406,Torrance,CA
33.6625,-117.5903,Trabuco Canyon,CA
37.7399,-121.4262,Tracy,CA
39.328,-120.1833,Truckee,CA
36.2077,-119.3473,Tulare,CA
37.9627,-120.2413,Tuolumne City,CA
37.4947,-120.8466,Turlock,CA
33.7458,-117.8262,Tustin,CA
33.7645,-117.7939,North Tustin,CA
38.0397,-120.2327,Twain Harte,CA
34.1356,-116.0542,Twentynine Palms,CA
36.9674,-121.998,Twin Lakes,CA
39.1502,-123.2078,Ukiah,CA
37.5958,-122.0191,Union City,CA
34.1389,-118.3534,Universal City,CA
34.0975,-117.6484,Upland,CA
39.1646,-122.9106,Upper Lake,CA
38.3566,-121.9877,Vacaville,CA
34.445,-118.6576,Val Verde,CA
34.4436,-118.6095,Valencia,CA
34.0453,-117.9437,Valinda,CA
33.7478,-116.8934,Valle Vista,CA
38.1041,-122.2566,Vallejo,CA
33.2184,-117.0342,Valley Center,CA
38.1916,-120.8291,Valley Springs,CA
34.1867,-118.449,Van Nuys,CA
34.7083,-120.4677,Vandenberg Village,CA
34.2783,-119.2932,Ventura,CA
34.5361,-117.2912,Victorville,CA
33.8145,-117.8131,Villa Park,CA
34.5005,-118.1165,Vincent,CA
36.3302,-119.2921,Visalia,CA
33.2,-117.2425,Vista,CA
33.6278,-116.2181,Vista Santa Rosa,CA
37.9263,-122.0555,Waldon,CA
34.0203,-117.8653,Walnut,CA
37.9063,-122.065,Walnut Creek,CA
38.2421,-121.5116,Walnut Grove,CA
33.9681,-118.2251,Walnut Park,CA
37.6413,-120.7605,Waterford,CA
36.9102,-121.7569,Watsonville,CA
35.238,-118.9151,Weedpatch,CA
35.6658,-118.2904,Weldon,CA
33.9233,-118.3034,West Athens,CA
33.8217,-118.2926,West Carson,CA
33.8939,-118.2706,West Rancho Dominguez,CA
34.0686,-117.939,West Covina,CA
34.09,-118.3617,West Hollywood,CA
37.4335,-122.203,West Menlo Park,CA
36.7102,-119.8513,West Park,CA
34.0517,-117.9684,West Puente Valley,CA
38.5805,-121.5302,West Sacramento,CA
34.1458,-118.8056,Westlake Village,CA
33.7592,-118.0067,Westminster,CA
33.9414,-118.3023,Westmont,CA
33.0373,-115.6214,Westmorland,CA
34.0561,-118.4306,"Westwood, Los Angeles",CA
39.0099,-121.423,Wheatland,CA
33.9792,-118.0328,Whittier,CA
33.5989,-117.28,Wildomar,CA
39.1546,-122.1494,Williams,CA
39.4096,-123.3556,Willits,CA
33.917,-118.2551,Willowbrook,CA
39.5243,-122.1936,Willows,CA
38.4119,-121.2722,Wilton,CA
33.707,-117.0845,Winchester,CA
38.5471,-122.8164,Windsor,CA
38.5249,-121.9708,Winters,CA
32.8312,-116.9334,Winter Gardens,CA
37.3894,-120.6132,Winton,CA
35.7069,-118.4562,Wofford Heights,CA
38.0127,-122.6453,Woodacre,CA
38.1541,-121.3013,Woodbridge,CA
33.8822,-117.3573,Woodcrest,CA
36.4136,-119.0987,Woodlake,CA
38.6785,-121.7733,Woodland,CA
34.1683,-118.6059,Woodland Hills,CA
37.4299,-122.2539,Woodside,CA
36.0936,-119.199,Woodville,CA
34.3608,-117.6334,Wrightwood,CA
33.8886,-117.8131,Yorba Linda,CA
37.1911,-119.7726,Yosemite Lakes,CA
38.4016,-122.3608,Yountville,CA
39.1405,-121.6169,Yuba City,CA
34.0336,-117.0431,Yucaipa,CA
34.1142,-116.4322,Yucca Valley,CA
39.5567,-104.8961,Acres Green,CO
37.4695,-105.87,Alamosa,CO
39.7578,-105.1625,Applewood,CO
39.8028,-105.0875,Arvada,CO
39.1911,-106.8175,Aspen,CO
39.7294,-104.8319,Aurora,CO
39.6314,-106.5222,Avon,CO
39.3689,-107.0328,Basalt,CO
39.4414,-108.0251,Battlement Mesa,CO
37.2256,-107.5981,Bayfield,CO
39.7589,-104.4275,Bennett,CO
39.8044,-105.0261,Berkley,CO
39.013,-104.7008,Black Forest,CO
39.4817,-106.0383,Breckenridge,CO
39.9853,-104.8205,Brighton,CO
39.9205,-105.0867,Broomfield,CO
38.8422,-106.1311,Buena Vista,CO
39.3061,-102.2694,Burlington,CO
39.7114,-104.2277,Byers,CO
38.441,-105.2425,Canon City,CO
39.4022,-107.2112,Carbondale,CO
39.5325,-104.9011,Carriage Club,CO
39.458,-104.8961,Castle Pines,CO
39.3722,-104.8561,Castle Rock,CO
39.5847,-104.9011,Castlewood,CO
38.9016,-107.9265,Cedaredge,CO
39.5792,-104.8769,Centennial,CO
37.7531,-106.1086,Center,CO
39.8019,-105.5142,Central City,CO
39.6416,-104.9594,Cherry Hills Village,CO
38.8214,-102.3532,Cheyenne Wells,CO
38.8586,-104.6989,Cimarron Hills,CO
39.0919,-108.449,Clifton,CO
39.9064,-105.3775,Coal Creek,CO
37.9453,-104.8353,Colorado City,CO
38.8339,-104.8214,Colorado Springs,CO
39.5878,-105.0694,Columbine,CO
39.6011,-105.0322,Columbine Valley,CO
39.8083,-104.9339,Commerce City,CO
37.0883,-106.0197,Conejos,CO
37.3489,-108.5859,Cortez,CO
37.8492,-106.9264,Creede,CO
38.8697,-106.9878,Crested Butte,CO
38.7467,-105.1783,Cripple Creek,CO
37.6789,-106.3534,Del Norte,CO
38.7422,-108.069,Delta,CO
39.7392,-104.9847,Denver,CO
39.8394,-104.9186,Derby,CO
37.7661,-108.9059,Dove Creek,CO
37.2753,-107.8801,Durango,CO
38.4806,-102.7819,Eads,CO
39.6553,-106.8286,Eagle,CO
39.753,-105.0641,Edgewater,CO
39.645,-106.5942,Edwards,CO
39.395,-107.0903,El Jebel,CO
39.3603,-104.5969,Elizabeth,CO
38.8383,-104.3869,Ellicott,CO
39.6478,-104.9878,Englewood,CO
39.6333,-105.3172,Evergreen,CO
39.2247,-106.002,Fairplay,CO
39.8514,-104.9986,Federal Heights,CO
38.3903,-105.1186,Florence,CO
38.7375,-104.7889,Fort Carson,CO
38.6822,-104.7008,Fountain,CO
38.1292,-104.0233,Fowler,CO
39.945,-105.8172,Fraser,CO
39.5744,-106.0975,Frisco,CO
39.1589,-108.729,Fruita,CO
39.0817,-108.4968,Fruitvale,CO
39.6858,-105.2728,Genesee,CO
39.7061,-105.6975,Georgetown,CO
39.705,-104.9336,Glendale,CO
39.0453,-104.8244,Gleneagle,CO
39.5505,-107.3248,Glenwood Springs,CO
39.7555,-105.2211,Golden,CO
39.0639,-108.5507,Grand Junction,CO
39.6172,-104.9508,Greenwood Village,CO
38.5458,-106.9253,Gunnison,CO
39.6469,-106.9517,Gypsum,CO
39.5539,-104.9694,Highlands Ranch,CO
39.1361,-103.4699,Hugo,CO
39.7425,-105.5136,Idaho Springs,CO
39.6166,-105.2372,Indian Hills,CO
39.5758,-105.1122,Ken Caryl,CO
39.5994,-105.9872,Keystone,CO
39.3472,-104.4644,Kiowa,CO
39.6547,-105.2997,Kittredge,CO
37.985,-103.5438,La Junta,CO
39.9936,-105.0897,Lafayette,CO
38.03,-107.3153,Lake City,CO
39.7047,-105.0814,Lakewood,CO
38.0872,-102.6208,Lamar,CO
38.0667,-103.2227,Las Animas,CO
39.2508,-106.2925,Leadville,CO
39.2639,-103.6922,Limon,CO
38.4292,-105.22,Lincoln Park,CO
39.6133,-105.0166,Littleton,CO
39.1958,-108.8132,Loma,CO
39.5517,-104.8863,Lone Tree,CO
39.9778,-105.1319,Louisville,CO
37.345,-108.2892,Mancos,CO
38.8597,-104.9172,Manitou Springs,CO
39.5517,-104.8589,Meridian,CO
39.5864,-106.4309,Minturn,CO
37.5792,-106.1481,Monte Vista,CO
38.4783,-107.8762,Montrose,CO
39.0917,-104.8728,Monument,CO
37.9314,-107.8564,Mountain Village,CO
39.9614,-105.5108,Nederland,CO
39.5728,-107.5364,New Castle,CO
39.8855,-104.9872,Northglenn,CO
38.605,-107.9823,Olathe,CO
39.043,-108.5523,Orchard Mesa,CO
38.8283,-107.9709,Orchard City,CO
38.2181,-103.7561,Ordway,CO
38.0228,-107.6714,Ouray,CO
37.2694,-107.0098,Pagosa Springs,CO
39.1103,-108.3509,Palisade,CO
39.1222,-104.9172,Palmer Lake,CO
39.4519,-108.0529,Parachute,CO
39.5186,-104.7614,Parker,CO
38.425,-105.0228,Penrose,CO
39.2567,-104.9925,Perry Park,CO
39.4083,-104.6511,Ponderosa Park,CO
38.2544,-104.6091,Pueblo,CO
38.35,-104.7228,Pueblo West,CO
39.0789,-108.6356,Redlands,CO
39.5347,-107.7831,Rifle,CO
38.0525,-103.7202,Rocky Ford,CO
39.4739,-105.0853,Roxborough Park,CO
38.0875,-106.142,Saguache,CO
38.5347,-105.9989,Salida,CO
37.2009,-105.4239,San Luis,CO
39.6469,-105.0253,Sheridan,CO
39.8378,-105.0014,Sherrelwood,CO
39.5486,-107.6562,Silt,CO
39.6321,-106.0743,Silverthorne,CO
37.8119,-107.6645,Silverton,CO
39.213,-106.9378,Snowmass Village,CO
39.5872,-104.9528,Southglenn,CO
37.4083,-102.6144,Springfield,CO
39.5308,-104.8039,Stonegate,CO
39.7383,-104.3233,Strasburg,CO
38.7739,-104.7797,Stratmoor,CO
39.9528,-105.1686,Superior,CO
37.9375,-107.8123,Telluride,CO
39.4553,-104.7344,The Pinery,CO
39.868,-104.9719,Thornton,CO
39.978,-104.8733,Todd Creek,CO
37.2044,-108.7295,Towaoc,CO
37.1695,-104.5005,Trinidad,CO
39.825,-105.0047,Twin Lakes,CO
39.6403,-106.3742,Vail,CO
37.6242,-104.7803,Walsenburg,CO
39.8366,-104.9591,Welby,CO
38.1347,-105.4658,Westcliffe,CO
39.8366,-105.0372,Westminster,CO
39.7661,-105.0772,Wheat Ridge,CO
38.9939,-105.0569,Woodland Park,CO
39.1014,-104.8475,Woodmoor,CO
39.8067,-101.0421,Atwood,KS
39.3958,-101.0524,Colby,KS
37.7528,-100.0171,Dodge City,KS
37.0081,-101.8902,Elkhart,KS
37.9717,-100.8727,Garden City,KS
39.3508,-101.7102,Goodland,KS
38.9578,-100.4887,Gove,KS
37.9861,-100.9893,Holcomb,KS
39.3575,-100.4418,Hoxie,KS
37.1753,-101.3496,Hugoton,KS
37.5706,-101.751,Johnson,KS
37.9406,-101.2549,Lakin,KS
38.4797,-101.3588,Leoti,KS
37.0431,-100.921,Liberal,KS
37.2856,-100.3401,Meade,KS
39.1333,-100.8638,Oakley,KS
39.8183,-100.5282,Oberlin,KS
37.2603,-100.5927,Plains,KS
39.7722,-101.7999,Saint Francis,KS
37.4372,-100.9721,Satanta,KS
38.4825,-100.9071,Scott City,KS
38.8978,-101.7521,Sharon Springs,KS
37.9806,-101.7527,Syracuse,KS
37.4817,-100.8438,Sublette,KS
38.4697,-101.7527,Tribune,KS
37.5814,-101.3552,Ulysses,KS
35.6545,-106.0222,Agua Fria,NM
34.4209,-107.5109,Alamo,NM
32.8995,-105.9603,Alamogordo,NM
35.0845,-106.6511,Albuquerque,NM
36.3931,-105.285,Angel Fire,NM
32.004,-106.6058,Anthony,NM
32.794,-108.1842,Arenas Valley,NM
36.5167,-105.5692,Arroyo Seco,NM
32.8423,-104.4033,Artesia,NM
32.7696,-104.3889,Atoka,NM
36.8222,-107.9929,Aztec,NM
32.7617,-108.1306,Bayard,NM
34.6628,-106.7764,Belen,NM
32.0709,-106.6214,Berino,NM
35.3,-106.5511,Bernalillo,NM
35.0884,-108.7912,Black Rock,NM
36.7111,-107.9845,Bloomfield,NM
32.807,-105.9861,Boles Acres,NM
34.8548,-106.7053,Bosque Farms,NM
33.5454,-105.5722,Capitan,NM
32.4207,-104.2288,Carlsbad,NM
35.0639,-106.4573,Carnuel,NM
33.6417,-105.8772,Carrizozo,NM
36.9031,-106.5795,Chama,NM
32.0238,-106.3857,Chaparral,NM
36.0039,-105.947,Chimayo,NM
35.5339,-108.5998,Church Rock,NM
36.5109,-104.9158,Cimarron,NM
36.4517,-103.1841,Clayton,NM
34.4048,-103.2052,Clovis,NM
31.8276,-107.64,Columbus,NM
35.2378,-106.6067,Corrales,NM
35.6781,-108.1512,Crownpoint,NM
32.2687,-107.7586,Deming,NM
33.1973,-104.373,Dexter,NM
32.3895,-106.8139,Dona Ana,NM
36.9336,-106.9989,Dulce,NM
35.0614,-106.1914,Edgewood,NM
34.727,-106.7109,El Cerro,NM
35.8892,-106.0798,El Rancho,NM
35.9628,-106.0295,El Valle de Arroyo Seco,NM
35.5264,-105.9347,Eldorado at Santa Fe,NM
33.1487,-107.1847,Elephant Butte,NM
35.9911,-106.0806,Espanola,NM
34.7584,-106.0559,Estancia,NM
32.4373,-103.1591,Eunice,NM
36.7281,-108.2187,Farmington,NM
36.7944,-108.0803,Flora Vista,NM
34.4717,-104.2455,Fort Sumner,NM
35.5281,-108.7426,Gallup,NM
35.1473,-107.8514,Grants,NM
33.1151,-104.3269,Hagerman,NM
32.6654,-107.1531,Hatch,NM
32.7026,-103.136,Hobbs,NM
32.6992,-108.132,Hurley,NM
32.1132,-103.1935,Jal,NM
34.6131,-106.7636,Jarales,NM
35.6139,-106.7259,Jemez Pueblo,NM
36.7342,-108.3598,Kirtland,NM
35.5628,-106.1309,La Cienega,NM
32.4429,-104.2211,La Huerta,NM
32.9779,-105.9419,La Luz,NM
35.9484,-106.0706,La Mesilla,NM
35.9892,-105.9964,La Puebla,NM
31.9507,-106.6617,La Union,NM
35.0367,-107.3828,Laguna,NM
32.3123,-106.7783,Las Cruces,NM
35.5939,-105.2239,Las Vegas,NM
35.1487,-106.647,Lee Acres,NM
36.6989,-108.0367,Lee Acres,NM
35.3653,-103.4108,Logan,NM
32.3504,-108.7087,Lordsburg,NM
35.8881,-106.307,Los Alamos,NM
34.7257,-106.7573,Los Chavez,NM
34.8062,-106.7334,Los Lunas,NM
35.162,-106.6428,Los Ranchos de Albuquerque,NM
32.2862,-104.0958,Loving,NM
32.944,-103.3486,Lovington,NM
34.8648,-106.0517,McIntosh,NM
34.8014,-106.5436,Meadow Lake,NM
33.1576,-105.7742,Mescalero,NM
32.2701,-106.8008,Mesilla,NM
32.1645,-106.6967,Mesquite,NM
35.1698,-107.8909,Milan,NM
34.99,-106.0492,Moriarty,NM
35.777,-103.9566,Mosquero,NM
35.8934,-105.9825,Nambe,NM
35.9,-109.034,Navajo,NM
36.9461,-107.0631,Navajo,NM
35.1734,-106.6234,North Valley,NM
35.2006,-106.7011,Paradise Hills,NM
35.5742,-105.675,Pecos,NM
34.837,-106.6906,Peralta,NM
35.307,-106.4248,Placitas,NM
34.977,-106.3242,Ponderosa Pine,NM
34.1862,-103.3344,Portales,NM
36.7039,-105.595,Questa,NM
32.5012,-106.9281,Radium Springs,NM
36.3586,-105.6095,Ranchos de Taos,NM
36.9034,-104.4391,Raton,NM
33.7131,-108.7578,Reserve,NM
35.2334,-106.6645,Rio Rancho,NM
33.3944,-104.5249,Roswell,NM
33.3317,-105.673,Ruidoso,NM
33.329,-105.6044,Ruidoso Downs,NM
35.4339,-106.4467,San Felipe Pueblo,NM
32.1554,-106.735,San Miguel,NM
32.3509,-106.8111,San Ysidro,NM
35.177,-106.4914,Sandia Heights,NM
35.1639,-106.3114,Sandia Knolls,NM
32.7795,-108.1503,Santa Clara,NM
35.9656,-106.0886,Santa Clara Pueblo,NM
35.687,-105.9378,Santa Fe,NM
34.9387,-104.6825,Santa Rosa,NM
36.1534,-106.6795,Santa Teresa,NM
31.8559,-106.6392,Santa Teresa,NM
35.5148,-106.3659,Santo Domingo Pueblo,NM
36.7856,-108.687,Shiprock,NM
32.7701,-108.2803,Silver City,NM
34.0584,-106.8914,Socorro,NM
35.01,-106.6781,South Valley,NM
36.82,-108.0581,Spencerville,NM
36.3611,-104.5953,Springer,NM
31.7965,-106.58,Sunland Park,NM
36.4386,-105.5444,Taos Pueblo,NM
36.4072,-105.5731,Taos,NM
34.3887,-103.0513,Texico,NM
35.4025,-108.2234,Thoreau,NM
36.7003,-106.5498,Tierra Amarilla,NM
34.7409,-106.7284,Tome,NM
33.1284,-107.2528,Truth or Consequences,NM
35.1719,-103.7269,Tucumcari,NM
33.074,-106.0186,Tularosa,NM
35.7092,-108.7748,Twin Lakes,NM
32.2834,-106.7533,University Park,NM
36.7158,-108.3142,Upper Fruitland,NM
32.1118,-106.6625,Vado,NM
34.7995,-106.7003,Valencia,NM
36.7597,-108.4818,Waterflow,NM
35.8275,-106.2039,White Rock,NM
32.3809,-106.4794,White Sands,NM
35.0725,-108.8506,Zuni Pueblo,NM
37.365,-115.1645,Alamo,NV
35.9786,-114.8325,Boulder City,NV
36.773,-114.128,Bunkerville,NV
37.615,-114.5119,Caliente,NV
39.1638,-119.7674,Carson City,NV
39.6802,-119.9766,Cold Springs,NV
39.2371,-119.593,Dayton,NV
39.2474,-114.8886,Ely,NV
36.0252,-115.2419,Enterprise,NV
39.5127,-115.9606,Eureka,NV
39.4735,-118.7774,Fallon,NV
39.608,-119.2518,Fernley,NV
38.9413,-119.7496,Gardnerville,NV
38.8882,-119.7413,Gardnerville Ranchos,NV
39.6155,-119.8266,Golden Valley,NV
37.7085,-117.2356,Goldfield,NV
38.5246,-118.6246,Hawthorne,NV
36.0397,-114.9819,Henderson,NV
39.2513,-119.973,Incline Village,NV
39.048,-119.7221,Johnson Lane,NV
38.9771,-119.9069,Kingsbury,NV
36.175,-115.1372,Las Vegas,NV
35.1678,-114.573,Laughlin,NV
39.636,-119.8432,Lemmon Valley,NV
39.4049,-114.7786,McGill,NV
36.8055,-114.0672,Mesquite,NV
38.9541,-119.7657,Minden,NV
36.6822,-114.5942,Moapa Town,NV
36.5805,-114.4703,Moapa Valley,NV
39.5138,-119.926,Mogul,NV
36.1989,-115.1175,North Las Vegas,NV
36.2083,-115.9839,Pahrump,NV
36.0972,-115.1467,Paradise,NV
37.9297,-114.4522,Pioche,NV
39.5296,-119.8138,Reno,NV
35.8169,-115.6322,Sandy Valley,NV
39.4155,-119.2246,Silver Springs,NV
38.8005,-119.3274,Smith,NV
39.6491,-119.7074,Spanish Springs,NV
39.5349,-119.7527,Sparks,NV
36.108,-115.245,Spring Valley,NV
39.3738,-119.3741,Stagecoach,NV
39.5963,-119.776,Sun Valley,NV
36.2111,-115.0731,Sunrise Manor,NV
38.0672,-117.2301,Tonopah,NV
39.5182,-119.9888,Verdi,NV
39.3096,-119.6496,Virginia City,NV
36.0708,-115.0842,Whitney,NV
36.13,-115.1189,Winchester,NV
38.9858,-119.1629,Yerington,NV
36.8161,-100.5199,Beaver,OK
36.7295,-102.5132,Boise City,OK
36.5953,-101.6365,Goodwell,OK
36.6828,-101.4815,Guymon,OK
36.86,-101.2135,Hooker,OK
33.8323,-101.843,Abernathy,TX
31.6551,-106.1389,Agua Dulce,TX
30.3586,-103.6621,Alpine,TX
35.222,-101.8313,Amarillo,TX
32.3187,-102.5457,Andrews,TX
31.9993,-106.6055,Anthony,TX
33.1334,-100.2273,Aspermont,TX
31.1915,-101.4604,Big Lake,TX
32.2504,-101.4787,Big Spring,TX
36.4534,-100.5374,Booker,TX
35.6678,-101.3974,Borger,TX
34.5137,-102.883,Bovina,TX
29.3105,-100.4179,Brackettville,TX
33.1812,-102.2743,Brownfield,TX
35.192,-102.0646,Bushland,TX
36.0523,-102.0024,Cactus,TX
35.9128,-100.3821,Canadian,TX
31.9115,-106.6003,Canutillo,TX
34.9803,-101.9188,Canyon,TX
35.6837,-102.3302,Channing,TX
34.4265,-100.204,Childress,TX
29.3675,-100.9437,Cienegas Terrace,TX
34.9378,-100.8882,Clarendon,TX
35.1117,-101.3632,Claude,TX
32.3882,-100.8646,Colorado City,TX
31.3974,-102.3501,Crane,TX
33.6601,-101.2379,Crosbyton,TX
36.0595,-102.5132,Dalhart,TX
29.3627,-100.8968,Del Rio,TX
32.9646,-102.8291,Denver City,TX
33.6217,-100.8365,Dickens,TX
34.5509,-102.3119,Dimmitt,TX
35.8656,-101.9732,Dumas,TX
28.7091,-100.4995,Eagle Pass,TX
34.2331,-102.4107,Earth,TX
28.6772,-100.487,Eidson Road,TX
31.7587,-106.4869,El Paso,TX
30.8602,-100.6009,Eldorado,TX
28.7744,-100.4917,Elm Creek,TX
31.5023,-106.1586,Fabens,TX
34.3834,-103.038,Farwell,TX
33.9845,-101.3377,Floydada,TX
29.3061,-100.422,Fort Clark Springs,TX
30.5882,-103.8946,Fort Davis,TX
31.2985,-105.8452,Fort Hancock,TX
30.894,-102.8793,Fort Stockton,TX
34.6417,-102.7241,Friona,TX
35.6398,-101.6032,Fritch,TX
32.7704,-101.4454,Gail,TX
31.864,-101.4812,Garden City,TX
32.0204,-102.3802,Gardendale,TX
31.5793,-100.5476,Grape Creek,TX
33.6206,-100.3229,Guthrie,TX
34.0642,-101.8438,Hale Center,TX
32.8848,-100.1265,Hamlin,TX
34.3851,-102.1157,Hart,TX
34.8151,-102.3977,Hereford,TX
31.8496,-106.1728,Homestead Meadows North,TX
31.811,-106.1643,Homestead Meadows South,TX
31.6926,-106.2075,Horizon City,TX
33.6665,-101.6829,Idalou,TX
30.914,-101.8979,Iraan,TX
33.2482,-100.5737,Jayton,TX
31.8576,-103.0927,Kermit,TX
32.7376,-101.951,Lamesa,TX
28.6905,-100.4687,Las Quintas Fronterizas,TX
28.6914,-100.4692,Las Quintas Fronterizas Colonia,TX
33.5873,-102.378,Levelland,TX
33.9173,-102.3249,Littlefield,TX
34.1245,-101.4416,Lockney,TX
33.6706,-101.5352,Lorenzo,TX
33.5779,-101.8552,Lubbock,TX
30.3097,-104.0213,Marfa,TX
34.012,-100.8221,Matador,TX
31.136,-102.2243,McCamey,TX
34.7248,-100.534,Memphis,TX
31.7051,-103.5994,Mentone,TX
32.4707,-100.0129,Merkel,TX
31.2618,-100.8173,Mertzon,TX
35.6914,-100.6382,Miami,TX
31.9974,-102.0779,Midland,TX
31.5943,-102.8927,Monahans,TX
33.7251,-102.7594,Morton,TX
34.2265,-102.7238,Muleshoe,TX
31.8457,-102.3676,Odessa,TX
34.1834,-102.1346,Olton,TX
30.7102,-101.2007,Ozona,TX
34.0123,-100.3021,Paducah,TX
35.5362,-100.9599,Pampa,TX
35.3456,-101.3804,Panhandle,TX
31.4229,-103.4932,Pecos,TX
36.4,-100.8026,Perryton,TX
33.8695,-101.5974,Petersburg,TX
33.1887,-102.828,Plains,TX
34.1848,-101.7068,Plainview,TX
33.1912,-101.379,Post,TX
29.5607,-104.3722,Presidio,TX
31.2227,-101.9379,Rankin,TX
33.5334,-101.6796,Ransom Canyon,TX
31.8924,-100.4848,Robert Lee,TX
32.7448,-100.3776,Roby,TX
30.0158,-100.2054,Rocksprings,TX
32.446,-100.5387,Roscoe,TX
28.6564,-100.4222,Rosita North,TX
28.6238,-100.4284,Rosita South,TX
32.852,-100.4657,Rotan,TX
31.4638,-100.437,San Angelo,TX
31.5851,-106.2728,San Elizario,TX
30.1424,-102.394,Sanderson,TX
32.9443,-102.5649,Seagraves,TX
32.719,-102.6449,Seminole,TX
34.2117,-101.6902,Seth Ward,TX
33.689,-101.9982,Shallowater,TX
35.2142,-100.249,Shamrock,TX
31.1746,-105.3572,Sierra Blanca,TX
34.4742,-101.3046,Silverton,TX
33.4373,-101.6435,Slaton,TX
32.7179,-100.9176,Snyder,TX
31.6546,-106.3033,Socorro,TX
31.6362,-106.2905,Socorro Mission Number 1 Colonia,TX
30.5668,-100.6434,Sonora,TX
31.6726,-106.2397,Sparks,TX
36.1984,-101.1924,Spearman,TX
32.1293,-101.7885,Stanton,TX
31.8362,-100.9848,Sterling City,TX
35.827,-101.4429,Stinnett,TX
36.3361,-102.0721,Stratford,TX
33.4562,-102.4894,Sundown,TX
36.0167,-101.8246,Sunray,TX
32.471,-100.4059,Sweetwater,TX
33.1668,-101.7938,Tahoka,TX
31.4454,-106.0883,Tornillo,TX
34.5359,-101.7585,Tulia,TX
29.3749,-100.8318,Val Verde Park,TX
31.0403,-104.8307,Van Horn,TX
35.2428,-102.4283,Vega,TX
31.9512,-106.6025,Vinton,TX
34.8562,-100.2137,Wellington,TX
31.8423,-102.4988,West Odessa,TX
31.9587,-106.5781,Westway,TX
35.4453,-100.271,Wheeler,TX
33.5059,-102.0091,Wolfforth,TX
38.9222,-111.9341,Aurora,UT
38.2769,-112.6411,Beaver,UT
37.6242,-109.4782,Blanding,UT
39.62,-110.8343,Carbonville,UT
39.2122,-111.0196,Castle Dale,UT
37.6775,-113.0619,Cedar City,UT
39.3522,-112.5772,Delta,UT
39.5477,-110.4149,East Carbon City,UT
37.7733,-113.0244,Enoch,UT
39.3597,-111.5863,Ephraim,UT
37.5736,-113.7191,Enterprise,UT
39.6264,-111.4396,Fairview,UT
39.0936,-111.1332,Ferron,UT
38.9689,-112.3235,Fillmore,UT
39.63,-111.6352,Fountain Green,UT
39.9963,-111.8433,Genola,UT
39.1552,-111.8183,Gunnison,UT
39.6841,-110.8546,Helper,UT
37.0036,-112.9669,Hildale,UT
39.3266,-110.9646,Huntington,UT
37.1753,-113.29,Hurricane,UT
37.1686,-113.6794,Ivins,UT
38.2375,-112.2199,Junction,UT
37.0475,-112.5263,Kanab,UT
37.2011,-113.2697,LaVerkin,UT
38.4028,-111.643,Loa,UT
39.2683,-111.6369,Manti,UT
38.3969,-113.0108,Milford,UT
38.5733,-109.5498,Moab,UT
38.63,-112.1208,Monroe,UT
37.8714,-109.3429,Monticello,UT
39.525,-111.5905,Moroni,UT
39.5469,-111.4555,Mount Pleasant,UT
39.7102,-111.8363,Nephi,UT
39.2272,-111.0535,Orangeville,UT
37.8228,-112.4358,Panguitch,UT
37.8422,-112.828,Parowan,UT
39.5994,-110.8107,Price,UT
38.7725,-112.0841,Richfield,UT
37.1041,-113.5841,Saint George,UT
38.9577,-111.8599,Salina,UT
37.133,-113.6541,Santa Clara,UT
39.9755,-111.7852,Santaquin,UT
39.6594,-110.8535,Spring Glen,UT
37.2533,-113.2847,Toquerville,UT
37.1305,-113.5083,Washington,UT
39.5425,-110.7354,Wellington,UT
34.8672,-111.8054,West Sedona,AZ
38.9796,-121.3755,Sheridan,CA
36.4388,-118.9045,Three Rivers,CA
35.5941,-119.341,Wasco,CA
37.361,-118.4551,West Bishop,CA
38.8683,-107.592,Paonia,CO
37.8067,-100.3482,Cimarron,KS
35.8928,-106.0231,Pojoaque,NM
36.9086,-116.7592,Beatty,NV
39.086,-119.7841,Indian Hills,NV
33.8112,-102.1638,Anton,TX
36.265,-101.4063,Gruver,TX
33.6743,-101.3877,Ralls,TX
33.4765,-100.8557,Spur,TX
39.1252,-111.8191,Centerfield,UT
32.3717,-112.8607,Ajo,AZ
33.8673,-112.1468,Anthem,AZ
33.4151,-111.5496,Apache Junction,AZ
31.7273,-111.0612,Arivaca Junction,AZ
32.7559,-111.671,Arizona City,AZ
33.4356,-112.3496,Avondale,AZ
32.4378,-111.3154,Avra Valley,AZ
34.5757,-113.1763,Bagdad,AZ
36.8994,-113.9327,Beaver Dam,AZ
31.9679,-110.2945,Benson,AZ
34.7803,-111.7626,Big Park,AZ
40.0758,-102.2232,Wray,CO
47.8124,-116.8966,Rathdrum,ID
58.3019,-134.4197,Juneau,AK
46.9181,-104.0044,Beach,ND
55.3422,-131.6478,Ketchikan,AK
40.6044,-111.8294,Little Cottonwood Creek Valley,UT
40.053,-111.6735,Salem,UT
41.6385,-111.9338,Wellsville,UT
47.3262,-122.1815,Lea Hill,WA
55.1292,-131.5722,Metlakatla,AK
56.8125,-132.9556,Petersburg,AK
57.0532,-135.3309,Sitka,AK
56.4708,-132.3767,Wrangell,AK
41.4871,-120.5425,Alturas,CA
40.4482,-122.2978,Anderson,CA
40.8665,-124.0828,Arcata,CA
40.8424,-124.0637,Bayside,CA
40.7726,-124.1839,Bayview,CA
40.6407,-122.2325,Bella Vista,CA
40.8829,-123.9839,Blue Lake,CA
40.8824,-121.6608,Burney,CA
40.6804,-122.3711,Central Valley (historical),CA
40.3063,-121.2319,Chester,CA
40.3857,-122.2808,Cottonwood,CA
41.7559,-124.2018,Crescent City,CA
40.7698,-124.1428,Cutten,CA
41.2082,-122.272,Dunsmuir,CA
40.8021,-124.1637,Eureka,CA
40.5762,-124.2639,Ferndale,CA
40.5982,-124.1573,Fortuna,CA
40.0563,-122.1503,Gerber,CA
40.1396,-120.9511,Greenville,CA
41.7927,-123.3808,Happy Camp,CA
40.5543,-123.1831,Hayfork,CA
40.726,-124.1898,Humboldt Hill,CA
40.5476,-124.0973,Hydesville,CA
40.2966,-120.5241,Janesville,CA
40.3843,-120.5875,Johnstonville,CA
40.7074,-122.8075,Lewiston,CA
40.0213,-122.1003,Los Molinos,CA
41.2557,-122.1394,McCloud,CA
40.9465,-124.1006,McKinleyville,CA
41.7282,-122.5278,Montague,CA
41.3102,-122.3123,Mount Shasta,CA
40.7887,-124.1303,Myrtletown,CA
40.5638,-122.2389,Palo Cedro,CA
40.7332,-124.1523,Pine Hills,CA
40.1785,-122.2358,Red Bluff,CA
40.5865,-122.3917,Redding,CA
40.1201,-123.8234,Redway,CA
40.4993,-124.1064,Rio Dell,CA
40.5993,-122.492,Shasta,CA
40.6804,-122.3708,Shasta Lake,CA
40.4924,-121.8892,Shingletown,CA
40.4163,-120.653,Susanville,CA
41.956,-121.4775,Tulelake,CA
40.731,-122.942,Weaverville,CA
41.4226,-122.3861,Weed,CA
40.306,-121.0058,Westwood,CA
40.9396,-123.6314,Willow Creek,CA
41.7354,-122.6345,Yreka,CA
40.1605,-103.2144,Akron,CO
40.1091,-104.7625,Aristocrat Ranchettes,CO
40.5825,-104.7319,Ault,CO
40.3083,-105.0811,Berthoud,CO
40.015,-105.2706,Boulder,CO
40.2589,-103.6238,Brush,CO
40.3494,-105.0778,Campion,CO
40.5153,-107.5464,Craig,CO
40.0847,-104.9394,Dacono,CO
40.5303,-104.7113,Eaton,CO
40.0503,-105.05,Erie,CO
40.3772,-105.5217,Estes Park,CO
40.3764,-104.6922,Evans,CO
40.1125,-104.9366,Firestone,CO
40.5853,-105.0844,Fort Collins,CO
40.0847,-104.813,Fort Lupton,CO
40.2503,-103.7999,Fort Morgan,CO
40.0992,-104.9372,Frederick,CO
40.2819,-104.7777,Gilcrest,CO
40.0861,-105.9395,Granby,CO
40.4233,-104.7091,Greeley,CO
40.4953,-107.2573,Hayden,CO
40.5844,-102.3024,Holyoke,CO
40.073,-106.1028,Hot Sulphur Springs,CO
40.0736,-104.643,Hudson,CO
40.3369,-104.9122,Johnstown,CO
40.9883,-102.2643,Julesburg,CO
40.1083,-104.52,Keenesburg,CO
40.3875,-104.5616,Kersey,CO
40.0589,-106.3889,Kremmling,CO
40.3489,-104.7019,La Salle,CO
40.6264,-105.1378,Laporte,CO
40.0072,-104.7161,Lochbuie,CO
40.1672,-105.1019,Longmont,CO
40.3978,-105.075,Loveland,CO
40.2247,-105.2714,Lyons,CO
40.2333,-104.9986,Mead,CO
40.0375,-107.9131,Meeker,CO
40.3294,-104.8552,Milliken,CO
40.1039,-105.1708,Niwot,CO
40.215,-104.8227,Platteville,CO
40.0875,-108.8048,Rangely,CO
40.5241,-104.8511,Severance,CO
40.485,-106.8317,Steamboat Springs,CO
40.6255,-103.2077,Sterling,CO
40.7316,-106.2836,Walden,CO
40.7039,-105.0086,Wellington,CO
40.4775,-104.9014,Windsor,CO
40.1222,-102.7252,Yuma,CO
42.9441,-112.8383,Aberdeen,ID
42.786,-112.8544,American Falls,ID
43.4696,-111.9666,Ammon,ID
43.6366,-113.3003,Arco,ID
44.0716,-111.4483,Ashton,ID
43.4635,-114.2606,Bellevue,ID
43.1905,-112.345,Blackfoot,ID
43.6135,-116.2035,Boise,ID
48.6913,-116.3163,Bonners Ferry,ID
42.5991,-114.7595,Buhl,ID
42.5357,-113.7928,Burley,ID
43.6629,-116.6874,Caldwell,ID
44.5163,-116.0418,Cascade,ID
44.5046,-114.2317,Challis,ID
42.9207,-112.4661,Chubbuck,ID
47.6777,-116.7805,Coeur d'Alene,ID
44.7299,-116.4382,Council,ID
47.7296,-116.7702,Dalton Gardens,ID
43.7233,-111.1113,Driggs,ID
44.1763,-112.2308,Dubois,ID
43.6954,-116.354,Eagle,ID
43.8735,-116.4993,Emmett,ID
43.3466,-114.7917,Fairfield,ID
42.5702,-114.6078,Filer,ID
43.0333,-112.4383,Fort Hall,ID
44.0077,-116.9166,Fruitland,ID
43.6221,-116.2382,Garden City,ID
42.9549,-115.3009,Glenns Ferry,ID
42.9388,-114.7131,Gooding,ID
45.9265,-116.1224,Grangeville,ID
43.5196,-114.3153,Hailey,ID
42.5307,-114.301,Hansen,ID
47.766,-116.7866,Hayden,ID
42.5585,-113.7639,Heyburn,ID
43.6177,-116.9338,Homedale,ID
43.8285,-115.8345,Idaho City,ID
43.4666,-112.0341,Idaho Falls,ID
43.5263,-111.933,Iona,ID
42.7241,-114.5186,Jerome,ID
46.2271,-116.0293,Kamiah,ID
47.5383,-116.1193,Kellogg,ID
43.6807,-114.3637,Ketchum,ID
42.5338,-114.3648,Kimberly,ID
43.4918,-116.4201,Kuna,ID
46.4049,-116.8049,Lapwai,ID
46.4166,-117.0177,Lewiston,ID
46.3804,-116.9754,Lewiston Orchards,ID
43.513,-111.9644,Lincoln,ID
42.1916,-112.2508,Malad City,ID
43.5454,-116.8132,Marsing,ID
44.911,-116.0987,McCall,ID
43.6121,-116.3915,Meridian,ID
43.7068,-116.6201,Middleton,ID
42.3222,-111.2977,Montpelier,ID
43.2227,-112.4425,Moreland,ID
46.7324,-117.0002,Moscow,ID
43.133,-115.6912,Mountain Home,ID
43.2182,-116.5523,Murphy,ID
43.5407,-116.5635,Nampa,ID
43.9699,-116.819,New Plymouth,ID
46.2349,-116.2407,Nezperce,ID
46.4793,-116.2551,Orofino,ID
47.506,-115.9993,Osburn,ID
42.2272,-111.401,Paris,ID
43.7852,-116.9432,Parma,ID
42.608,-113.7833,Paul,ID
44.0782,-116.9338,Payette,ID
47.5388,-116.2374,Pinehurst,ID
47.3352,-116.8885,Plummer,ID
42.8713,-112.4455,Pocatello,ID
48.3055,-116.5338,Ponderay,ID
47.718,-116.9516,Post Falls,ID
42.0963,-111.8766,Preston,ID
48.181,-116.9116,Priest River,ID
43.826,-111.7897,Rexburg,ID
43.6724,-111.915,Rigby,ID
42.6191,-113.6772,Rupert,ID
43.9663,-111.6822,Saint Anthony,ID
47.3143,-116.5627,Saint Maries,ID
45.1758,-113.8959,Salmon,ID
48.2766,-116.5533,Sandpoint,ID
43.3813,-112.1233,Shelley,ID
42.936,-114.4059,Shoshone,ID
42.6544,-111.6047,Soda Springs,ID
47.9663,-116.8685,Spirit Lake,ID
43.6921,-116.4935,Star,ID
43.873,-111.7483,Sugar City,ID
43.6971,-114.3517,Sun Valley,ID
42.563,-114.4609,Twin Falls,ID
43.5963,-111.9639,Ucon,ID
43.6027,-111.1113,Victor,ID
47.4741,-115.9279,Wallace,ID
44.251,-116.9693,Weiser,ID
42.7757,-114.7042,Wendell,ID
43.6765,-116.9118,Wilder,ID
45.5205,-109.4429,Absarokee,MT
46.1285,-112.9423,Anaconda,MT
46.367,-104.2847,Baker,MT
45.776,-111.1769,Belgrade,MT
45.2846,-111.3683,Big Sky,MT
45.8349,-109.9555,Big Timber,MT
48.0633,-114.0726,Bigfork,MT
45.7833,-108.5007,Billings,MT
46.2366,-112.1208,Boulder,MT
45.6797,-111.0386,Bozeman,MT
45.4439,-105.4075,Broadus,MT
48.5569,-113.0134,Browning,MT
46.0038,-112.5347,Butte,MT
48.5105,-110.9675,Chester,MT
48.59,-109.2313,Chinook,MT
47.8124,-112.1836,Choteau,MT
47.4167,-105.5922,Circle,MT
46.4652,-111.9864,Clancy,MT
46.7691,-113.7126,Clinton,MT
45.8842,-106.6236,Colstrip,MT
48.3725,-114.1815,Columbia Falls,MT
45.6366,-109.2521,Columbus,MT
48.1703,-111.9461,Conrad,MT
45.6016,-107.4612,Crow Agency,MT
48.633,-112.3262,Cut Bank,MT
46.3958,-112.73,Deer Lodge,MT
45.2163,-112.6375,Dillon,MT
46.5897,-111.9155,East Helena,MT
46.8708,-113.9446,East Missoula,MT
45.8889,-104.5527,Ekalaka,MT
48.88,-115.0535,Eureka,MT
48.2258,-114.2762,Evergreen,MT
46.2664,-106.6778,Forsyth,MT
48.4825,-108.7654,Fort Belknap Agency,MT
47.8183,-110.6674,Fort Benton,MT
45.6296,-111.1861,Four Corners,MT
47.0149,-114.2298,Frenchtown,MT
48.197,-106.6367,Glasgow,MT
47.1053,-104.7125,Glendive,MT
47.5002,-111.3008,Great Falls,MT
46.2469,-114.1604,Hamilton,MT
45.7325,-107.612,Hardin,MT
46.4355,-109.8344,Harlowton,MT
48.55,-109.6841,Havre,MT
46.5927,-112.0361,Helena,MT
46.2928,-107.2342,Hysham,MT
47.3208,-106.9101,Jordan,MT
48.1958,-114.3129,Kalispell,MT
48.0194,-114.2246,Lakeside,MT
45.623,-106.6667,Lame Deer,MT
45.6691,-108.7715,Laurel,MT
47.0625,-109.4282,Lewistown,MT
48.3883,-115.556,Libby,MT
46.9549,-112.6817,Lincoln,MT
45.6624,-110.561,Livingston,MT
45.8191,-108.4149,Lockwood,MT
46.7588,-114.0809,Lolo,MT
48.3597,-107.8743,Malta,MT
45.8566,-111.3325,Manhattan,MT
46.4083,-105.8406,Miles City,MT
46.8721,-113.994,Missoula,MT
46.5377,-111.9328,Montana City,MT
48.5703,-113.0095,North Browning,MT
46.8633,-114.0484,Orchard Homes,MT
47.6002,-114.119,Pablo,MT
46.3321,-113.2942,Philipsburg,MT
47.4602,-114.8829,Plains,MT
48.7747,-104.5625,Plentywood,MT
47.6936,-114.1632,Polson,MT
45.1858,-109.2468,Red Lodge,MT
47.5288,-114.1015,Ronan,MT
46.4452,-108.5418,Roundup,MT
46.2972,-109.2588,Ryegate,MT
48.7925,-105.4208,Scobey,MT
47.1794,-113.4845,Seeley Lake,MT
48.5053,-111.857,Shelby,MT
47.7167,-104.1563,Sidney,MT
48.0802,-114.2215,Somers,MT
48.5461,-113.0143,South Browning,MT
47.1536,-110.2183,Stanford,MT
46.5099,-114.0932,Stevensville,MT
47.5369,-111.4814,Sun Prairie,MT
47.1916,-114.8918,Superior,MT
46.7931,-105.3122,Terry,MT
47.5972,-115.3443,Thompson Falls,MT
45.8924,-111.5522,Three Forks,MT
46.3191,-111.5208,Townsend,MT
45.2938,-111.9461,Virginia City,MT
46.1813,-112.7848,Warm Springs,MT
47.1108,-104.7497,West Glendive,MT
44.6621,-111.1041,West Yellowstone,MT
46.5483,-110.9022,White Sulphur Springs,MT
48.4111,-114.3376,Whitefish,MT
45.8708,-112.0975,Whitehall,MT
46.985,-104.1883,Wibaux,MT
47.0028,-108.3521,Winnett,MT
48.0906,-105.6406,Wolf Point,MT
46.4822,-103.3218,Amidon,ND
47.2633,-101.778,Beulah,ND
46.8083,-100.7837,Bismarck,ND
48.8272,-100.4457,Bottineau,ND
48.8031,-102.246,Bowbells,ND
46.1831,-103.3949,Bowman,ND
48.2753,-101.4288,Burlington,ND
46.4178,-101.5649,Carson,ND
47.1164,-101.2996,Center,ND
48.9142,-103.2949,Crosby,ND
46.8792,-102.7896,Dickinson,ND
46.0869,-100.6301,Fort Yates,ND
47.6522,-101.4157,Garrison,ND
47.2944,-101.6227,Hazen,ND
46.0014,-102.6368,Hettinger,ND
48.6748,-102.0827,Kenmare,ND
46.7625,-100.7004,Lincoln,ND
46.2667,-100.2329,Linton,ND
46.8267,-100.8896,Mandan,ND
47.23,-102.7702,Manning,ND
47.4858,-100.4432,McClusky,ND
46.9139,-103.5243,Medora,ND
48.2325,-101.2963,Minot,ND
48.7634,-101.5132,Mohall,ND
46.3725,-102.3271,Mott,ND
47.9808,-102.4902,New Town,ND
48.3172,-102.3905,Stanley,ND
47.3211,-101.3816,Stanton,ND
48.3972,-102.9382,Tioga,ND
48.3458,-100.4054,Towner,ND
48.0561,-100.9293,Velva,ND
47.2892,-101.029,Washburn,ND
47.8022,-103.2832,Watford City,ND
48.147,-103.618,Williston,ND
42.1016,-102.8722,Alliance,NE
41.5716,-101.6916,Arthur,NE
41.755,-103.3241,Bayard,NE
40.0492,-101.5329,Benkelman,NE
41.6653,-103.0991,Bridgeport,NE
40.282,-100.1657,Cambridge,NE
42.8294,-102.9999,Chadron,NE
41.0928,-102.4707,Chappell,NE
41.8258,-103.6605,Gering,NE
42.8047,-102.2032,Gordon,NE
40.9295,-100.1607,Gothenburg,NE
40.8419,-101.7252,Grant,NE
41.5564,-103.7386,Harrisburg,NE
42.6872,-103.8827,Harrison,NE
40.5108,-101.0196,Hayes Center,NE
42.0005,-101.7618,Hyannis,NE
40.5169,-101.6432,Imperial,NE
41.2358,-103.663,Kimball,NE
40.2019,-100.6257,McCook,NE
41.9402,-103.8086,Mitchell,NE
42.0428,-101.0427,Mullen,NE
41.1239,-100.7654,North Platte,NE
41.1281,-101.7196,Ogallala,NE
41.405,-102.3444,Oshkosh,NE
42.7183,-102.4641,Rushville,NE
41.8666,-103.6672,Scottsbluff,NE
41.1428,-102.978,Sidney,NE
41.4803,-100.5129,Stapleton,NE
40.5328,-100.3835,Stockville,NE
41.1569,-101.1263,Sutherland,NE
41.8475,-103.6616,Terrytown,NE
41.9783,-100.5763,Thedford,NE
40.1756,-101.0129,Trenton,NE
41.5528,-100.9577,Tryon,NE
42.8728,-100.551,Valentine,NE
40.6421,-116.9343,Battle Mountain,NV
40.7138,-116.104,Carlin,NV
40.8324,-115.7631,Elko,NV
41.9832,-114.6748,Jackpot,NV
40.1793,-118.4735,Lovelock,NV
40.7266,-115.5859,Spring Creek,NV
41.1116,-114.9645,Wells,NV
40.7391,-114.0734,West Wendover,NV
40.973,-117.7357,Winnemucca,NV
44.6365,-123.1059,Albany,OR
45.4943,-122.8671,Aloha,OR
42.2068,-121.7372,Altamont,OR
45.1157,-123.2073,Amity,OR
42.1946,-122.7095,Ashland,OR
46.1879,-123.8312,Astoria,OR
45.8118,-118.4905,Athena,OR
44.8409,-122.8709,Aumsville,OR
44.7749,-117.8344,Baker City,OR
43.119,-124.4085,Bandon,OR
45.6187,-123.1143,Banks,OR
43.3543,-124.3132,Barview,OR
45.5226,-123.8893,Bay City,OR
45.2879,-122.5356,Beavercreek,OR
45.4871,-122.8037,Beaverton,OR
44.0582,-121.3153,Bend,OR
45.5579,-122.8676,Bethany,OR
45.8399,-119.7006,Boardman,OR
42.0526,-124.284,Brookings,OR
44.3935,-122.9848,Brownsville,OR
43.3559,-124.2048,Bunker Hill,OR
43.5863,-119.0541,Burns,OR
45.2629,-122.6926,Canby,OR
45.8918,-123.9615,Cannon Beach,OR
44.3896,-118.9502,Canyon City,OR
42.9273,-123.2812,Canyonville,OR
45.2943,-123.1765,Carlton,OR
45.6698,-121.8906,Cascade Locks,OR
42.1629,-123.6481,Cave Junction,OR
45.5048,-122.7984,Cedar Hills,OR
45.5248,-122.8109,Cedar Mill,OR
42.376,-122.9164,Central Point,OR
45.6276,-121.2434,Chenoweth,OR
45.4076,-122.5704,Clackamas,OR
46.1012,-123.2068,Clatskanie,OR
44.1371,-123.0665,Coburg,OR
45.8901,-122.8071,Columbia City,OR
45.2343,-120.185,Condon,OR
43.3665,-124.2179,Coos Bay,OR
43.1771,-124.1876,Coquille,OR
45.5198,-123.0598,Cornelius,OR
44.5646,-123.262,Corvallis,OR
43.7976,-123.0595,Cottage Grove,OR
43.9179,-123.0245,Creswell,OR
43.7035,-122.8476,Culp Creek,OR
44.5257,-121.2131,Culver,OR
44.9193,-123.317,Dallas,OR
45.4176,-122.459,Damascus,OR
45.2207,-123.0762,Dayton,OR
44.8085,-124.0632,Depoe Bay,OR
43.9915,-121.3584,Deschutes River Woods,OR
43.6587,-123.3187,Drain,OR
45.2782,-123.0109,Dundee,OR
43.8832,-124.1151,Dunes City,OR
45.4021,-122.7529,Durham,OR
42.4726,-122.8028,Eagle Point,OR
45.5649,-117.9174,Elgin,OR
45.4263,-117.2788,Enterprise,OR
45.2896,-122.3337,Estacada,OR
44.0521,-123.0867,Eugene,OR
45.5384,-122.434,Fairview,OR
43.9826,-124.0998,Florence,OR
45.5198,-123.1107,Forest Grove,OR
44.9982,-120.2161,Fossil,OR
44.9279,-122.9837,Four Corners,OR
46.0243,-123.9112,Gearhart,OR
45.1082,-122.8976,Gervais,OR
45.3807,-122.5948,Gladstone,OR
43.3015,-123.1012,Glide,OR
42.4318,-123.0506,Gold Hill,OR
45.0601,-123.6093,Grand Ronde,OR
42.4393,-123.3307,Grants Pass,OR
43.1604,-123.3679,Green,OR
45.4982,-122.4315,Gresham,OR
45.4468,-122.5304,Happy Valley,OR
42.0532,-124.2676,Harbor,OR
44.274,-123.1706,Harrisburg,OR
44.986,-122.9829,Hayesville,OR
45.3532,-119.5578,Heppner,OR
45.8404,-119.2895,Hermiston,OR
45.5229,-122.9898,Hillsboro,OR
43.564,-119.0811,Hines,OR
45.7054,-121.5215,Hood River,OR
45.1823,-122.8079,Hubbard,OR
44.8512,-123.1868,Independence,OR
45.8957,-119.4914,Irrigon,OR
42.3135,-122.967,Jacksonville,OR
44.7196,-123.0104,Jefferson,OR
45.3912,-122.6126,Jennings Lodge,OR
44.416,-118.953,John Day,OR
45.3543,-117.2296,Joseph,OR
44.2193,-123.2057,Junction City,OR
44.9901,-123.0262,Keizer,OR
45.4026,-122.804,King City,OR
42.2249,-121.7817,Klamath Falls,OR
45.3246,-118.0877,La Grande,OR
43.6704,-121.5036,La Pine,OR
45.2443,-123.1148,Lafayette,OR
45.4207,-122.6706,Lake Oswego,OR
43.5757,-124.1751,Lakeside,OR
42.1888,-120.3458,Lakeview,OR
44.5365,-122.907,Lebanon,OR
45.4798,-122.5673,Lents,OR
44.8504,-124.0468,Lincoln Beach,OR
44.9582,-124.0179,Lincoln City,OR
43.9185,-122.7837,Lowell,OR
44.7746,-122.6151,Lyons,OR
44.6335,-121.1295,Madras,OR
45.2101,-123.1987,McMinnville,OR
42.3265,-122.8756,Medford,OR
42.5173,-123.4198,Merlin,OR
45.4465,-122.759,Metzger,OR
44.754,-122.4781,Mill City,OR
44.681,-123.0615,Millersburg,OR
45.9326,-118.3877,Milton-Freewater,OR
45.4462,-122.6393,Milwaukie,OR
45.6704,-118.6836,Mission,OR
45.1473,-122.577,Molalla,OR
44.8484,-123.234,Monmouth,OR
45.484,-120.7312,Moro,OR
45.0679,-122.8001,Mount Angel,OR
45.3554,-121.9806,Mount Hood Village,OR
45.2215,-122.582,Mulino,OR
43.0201,-123.2931,Myrtle Creek,OR
43.0648,-124.139,Myrtle Point,OR
42.3623,-123.3678,New Hope,OR
45.3001,-122.9732,Newberg,OR
44.6368,-124.0534,Newport,OR
43.4065,-124.2243,North Bend,OR
45.5971,-122.9934,North Plains,OR
43.8768,-116.9949,Nyssa,OR
45.4168,-122.6401,Oak Grove,OR
45.5412,-122.8412,Oak Hills,OR
43.7465,-122.4617,Oakridge,OR
45.6271,-121.5431,Odell,OR
44.0266,-116.9629,Ontario,OR
45.3573,-122.6068,Oregon City,OR
45.2023,-123.9629,Pacific City,OR
45.6721,-118.7886,Pendleton,OR
44.5401,-123.3676,Philomath,OR
42.2754,-122.8181,Phoenix,OR
45.4832,-118.83,Pilot Rock,OR
42.7457,-124.4973,Port Orford,OR
45.5234,-122.6762,Portland,OR
44.2998,-120.8345,Prineville,OR
46.089,-122.9359,Rainier,OR
45.4807,-122.762,Raleigh Hills,OR
44.2726,-121.1739,Redmond,OR
42.4221,-123.3873,Redwood,OR
43.7023,-124.0968,Reedsport,OR
42.9509,-123.3642,Riddle,OR
45.5501,-122.877,Rockcreek,OR
45.6134,-123.9429,Rockaway Beach,OR
42.4359,-123.172,Rogue River,OR
45.0104,-123.8804,Rose Lodge,OR
43.2165,-123.3417,Roseburg,OR
45.864,-122.8065,Saint Helens,OR
44.9429,-123.0351,Salem,OR
45.3973,-122.2615,Sandy,OR
45.7543,-122.8776,Scappoose,OR
45.9932,-123.9226,Seaside,OR
42.6107,-122.8125,Shady Cove,OR
45.0993,-123.3948,Sheridan,OR
45.3565,-122.8401,Sherwood,OR
44.7218,-123.9201,Siletz,OR
45.0051,-122.7832,Silverton,OR
44.291,-121.5492,Sisters,OR
44.5062,-122.9031,South Lebanon,OR
44.0462,-123.022,Springfield,OR
45.3573,-122.7226,Stafford,OR
45.7804,-119.2172,Stanfield,OR
44.8007,-122.7945,Stayton,OR
44.8296,-122.7945,Sublimity,OR
45.4268,-122.5276,Sunnyside,OR
43.884,-121.4386,Sunriver,OR
43.3901,-123.3126,Sutherlin,OR
44.3976,-122.7362,Sweet Home,OR
42.2457,-122.7887,Talent,OR
44.5412,-123.1081,Tangent,OR
44.3529,-121.1778,Terrebonne,OR
45.5946,-121.1787,The Dalles,OR
43.8201,-121.4692,Three Rivers,OR
45.4312,-122.7715,Tigard,OR
45.4564,-123.8455,Tillamook,OR
44.6215,-123.9385,Toledo,OR
42.9846,-123.3117,Tri-City,OR
45.5393,-122.3873,Troutdale,OR
45.384,-122.764,Tualatin,OR
44.8432,-122.9529,Turner,OR
45.9173,-119.3425,Umatilla,OR
45.2085,-117.8652,Union,OR
43.9821,-117.2382,Vale,OR
44.0487,-123.3509,Veneta,OR
45.8587,-123.1929,Vernonia,OR
44.4268,-124.0687,Waldport,OR
44.7634,-121.2662,Warm Springs,OR
45.819,-122.849,Warren,OR
46.1651,-123.9238,Warrenton,OR
45.5176,-122.7695,West Haven,OR
45.3657,-122.6123,West Linn,OR
45.4987,-122.7645,West Slope,OR
42.4374,-122.8589,White City,OR
45.0787,-123.4859,Willamina,OR
42.2187,-123.2739,Williams,OR
45.2998,-122.7737,Wilsonville,OR
43.1223,-123.4126,Winston,OR
45.5343,-122.4187,Wood Village,OR
45.1437,-122.8554,Woodburn,OR
45.3415,-123.1873,Yamhill,OR
43.5984,-123.2834,Yoncalla,OR
44.6714,-103.8521,Belle Fourche,SD
45.5203,-102.4613,Bison,SD
44.1511,-103.308,Blackhawk,SD
44.1125,-103.0682,Box Elder,SD
45.5842,-103.546,Buffalo,SD
44.0078,-103.3155,Colonial Pine Hills,SD
43.7666,-103.5988,Custer,SD
44.3766,-103.7296,Deadwood,SD
45.0475,-101.601,Dupree,SD
45.0025,-101.2335,Eagle Butte,SD
44.3536,-100.3737,Fort Pierre,SD
43.4316,-103.4744,Hot Springs,SD
43.8339,-101.5099,Kadoka,SD
44.3522,-103.7652,Lead,SD
45.9408,-102.1593,Lemmon,SD
43.1725,-101.7327,Martin,SD
45.9214,-101.3496,McIntosh,SD
43.3058,-100.6582,Mission,SD
45.5372,-100.4279,Mobridge,SD
45.7253,-100.0684,Mound City,SD
43.8883,-100.7129,Murdo,SD
45.0042,-101.2338,North Eagle Butte,SD
44.5067,-103.8922,North Spearfish,SD
43.1886,-102.7396,Oglala,SD
44.708,-100.0598,Onida,SD
44.0394,-101.6651,Philip,SD
44.3683,-100.351,Pierre,SD
43.0255,-102.5563,Pine Ridge,SD
43.2397,-102.331,Porcupine,SD
44.0805,-103.231,Rapid City,SD
44.0625,-103.1463,Rapid Valley,SD
43.2328,-100.8535,Rosebud,SD
45.5064,-100.0321,Selby,SD
44.4908,-103.8594,Spearfish,SD
44.4097,-103.5091,Sturgis,SD
45.4291,-101.074,Timber Lake,SD
43.568,-100.7454,White River,SD
40.4533,-111.778,Alpine,UT
40.0983,-111.7313,Benjamin,UT
41.7874,-111.9302,Benson,UT
40.4897,-111.9388,Bluffdale,UT
40.8894,-111.8808,Bountiful,UT
41.5102,-112.0155,Brigham City,UT
40.7066,-111.8219,Canyon Rim,UT
40.4141,-111.7585,Cedar Hills,UT
40.6913,-111.898,Centerfield,UT
40.918,-111.8722,Centerville,UT
41.1108,-112.026,Clearfield,UT
41.1397,-112.0505,Clinton,UT
40.9177,-111.3994,Coalville,UT
40.6197,-111.8102,Cottonwood Heights,UT
40.5247,-111.8638,Draper,UT
40.1633,-110.4029,Duchesne,UT
40.3141,-112.0069,Eagle Mountain,UT
40.7,-111.8105,East Millcreek,UT
40.0113,-111.6769,Elk Ridge,UT
41.6905,-112.1411,Elwood,UT
40.6127,-112.3044,Erda,UT
40.9805,-111.8874,Farmington,UT
41.2972,-112.0277,Farr West,UT
40.6105,-111.2807,Francis,UT
41.0322,-111.9022,Fruit Heights,UT
41.741,-112.1616,Garland,UT
40.573,-111.806,Granite,UT
40.5999,-112.4644,Grantsville,UT
41.2813,-111.9883,Harrisville,UT
40.5069,-111.4132,Heber,UT
40.5141,-112.033,Herriman,UT
40.45,-111.7702,Highland,UT
40.6688,-111.8247,Holladay,UT
41.6385,-112.0794,Honeyville,UT
41.1638,-112.1224,Hooper,UT
41.7988,-111.8191,Hyde Park,UT
41.6341,-111.8522,Hyrum,UT
40.643,-111.2807,Kamas,UT
41.0352,-111.9386,Kaysville,UT
40.66,-111.9963,Kearns,UT
41.0602,-111.9711,Layton,UT
40.3916,-111.8508,Lehi,UT
41.9758,-111.8563,Lewiston,UT
41.3336,-111.8636,Liberty,UT
40.3433,-111.7208,Lindon,UT
41.7355,-111.8344,Logan,UT
40.4772,-109.5868,Maeser,UT
40.7091,-112.1016,Magna,UT
40.988,-109.7227,Manila,UT
40.1302,-111.5785,Mapleton,UT
41.2516,-112.0255,Marriott-Slaterville,UT
41.7099,-111.9777,Mendon,UT
40.6111,-111.8999,Midvale,UT
40.5122,-111.4744,Midway,UT
40.6869,-111.8755,Millcreek,UT
41.6816,-111.823,Millville,UT
41.0361,-111.6769,Morgan,UT
40.6855,-111.7885,Mount Olympus,UT
41.143,-111.7916,Mountain Green,UT
40.6669,-111.888,Murray,UT
40.4269,-109.4993,Naples,UT
41.6744,-111.833,Nibley,UT
41.7694,-111.8047,North Logan,UT
41.3072,-111.9602,North Ogden,UT
40.8486,-111.9069,North Salt Lake,UT
40.7147,-111.3007,Oakley,UT
41.223,-111.9738,Ogden,UT
40.6305,-112.0338,Oquirrh,UT
40.2969,-111.6946,Orem,UT
40.6461,-111.498,Park City,UT
40.0444,-111.7322,Payson,UT
41.4649,-112.0324,Perry,UT
41.298,-112.0861,Plain City,UT
40.3641,-111.7385,Pleasant Grove,UT
41.3183,-111.9922,Pleasant View,UT
41.7063,-111.8172,Providence,UT
40.2338,-111.6585,Provo,UT
41.6658,-111.1821,Randolph,UT
41.9227,-111.8136,Richmond,UT
41.7216,-111.8213,River Heights,UT
41.1769,-112.0038,Riverdale,UT
40.5219,-111.9391,Riverton,UT
40.2994,-109.9888,Roosevelt,UT
41.1616,-112.0263,Roy,UT
40.7608,-111.8911,Salt Lake City,UT
40.5916,-111.8841,Sandy City,UT
40.5811,-111.8508,Sandy Hills,UT
40.3491,-111.9047,Saratoga Springs,UT
41.8383,-111.8327,Smithfield,UT
40.6944,-111.5438,Snyderville,UT
40.5638,-111.9494,South Jordan Heights,UT
40.5622,-111.9297,South Jordan,UT
41.1919,-111.9713,South Ogden,UT
40.7188,-111.8883,South Salt Lake,UT
41.1324,-111.9302,South Weber,UT
41.3633,-112.0358,South Willard,UT
40.115,-111.6549,Spanish Fork,UT
40.1652,-111.6107,Springville,UT
40.6377,-112.2961,Stansbury park,UT
40.7458,-111.6116,Summit Park,UT
41.1363,-112.031,Sunset,UT
41.0894,-112.0647,Syracuse,UT
40.6677,-111.9388,Taylorsville,UT
40.5308,-112.2983,Tooele,UT
41.7119,-112.1655,Tremonton,UT
41.1441,-111.9233,Uintah,UT
40.4555,-109.5288,Vernal,UT
41.1727,-111.9766,Washington Terrace,UT
40.7371,-114.0375,Wendover,UT
40.8938,-111.9019,West Bountiful,UT
41.203,-112.0511,West Haven,UT
40.6097,-111.9391,West Jordan,UT
40.0608,-111.7883,West Mountain,UT
41.1183,-112.0841,West Point,UT
40.6916,-112.0011,West Valley City,UT
40.5658,-111.8644,White City,UT
41.4091,-112.0361,Willard,UT
40.7063,-111.8374,Willard,UT
41.3333,-111.8272,Wolf Creek,UT
40.0153,-111.6487,Woodland Hills,UT
40.8716,-111.8922,Woods Cross,UT
46.9754,-123.8157,Aberdeen,WA
46.5596,-120.622,Ahtanum,WA
47.6446,-117.5933,Airway Heights,WA
47.1696,-122.2293,Alderton,WA
47.822,-122.2821,Alderwood Manor,WA
47.279,-122.2521,Algona,WA
47.3856,-122.8276,Allyn,WA
45.9101,-122.4465,Amboy,WA
47.6329,-121.9662,Ames Lake,WA
48.5126,-122.6127,Anacortes,WA
48.202,-122.0621,Arlington Heights,WA
48.1987,-122.1251,Arlington,WA
47.2995,-122.6207,Artondale,WA
46.3393,-117.0482,Asotin,WA
47.3073,-122.2284,Auburn,WA
45.6932,-122.599,Barberton,WA
46.594,-119.1522,Basin City,WA
45.7809,-122.5334,Battle Ground,WA
47.4507,-122.8274,Belfair,WA
47.6104,-122.2007,Bellevue,WA
48.7595,-122.4882,Bellingham,WA
46.2632,-119.4878,Benton City,WA
47.494,-122.6312,Bethel,WA
48.4029,-122.2413,Big Lake,WA
48.9179,-122.7446,Birch Bay,WA
47.3087,-122.0032,Black Diamond,WA
48.9937,-122.7471,Blaine,WA
47.1771,-122.1865,Bonney Lake,WA
47.7623,-122.2054,Bothell,WA
47.4893,-122.3151,Boulevard Park,WA
47.5673,-122.6326,Bremerton,WA
48.096,-119.7806,Brewster,WA
48.0082,-119.6712,Bridgeport,WA
47.7845,-122.2743,Brier,WA
45.7329,-122.5465,Brush Prairie,WA
48.239,-122.1579,Bryant,WA
47.1632,-122.0268,Buckley,WA
46.1999,-119.0131,Burbank,WA
47.4704,-122.3468,Burien,WA
47.4179,-122.631,Burley,WA
48.4757,-122.3254,Burlington,WA
48.174,-122.5282,Camano,WA
45.5871,-122.3995,Camas,WA
47.3751,-122.5893,Canterwood,WA
47.6479,-121.914,Carnation,WA
45.7254,-121.8192,Carson,WA
47.1346,-119.3281,Cascade Valley,WA
47.5224,-120.4698,Cashmere,WA
46.2751,-122.9076,Castle Rock,WA
47.8479,-122.0993,Cathcart,WA
46.2032,-123.3832,Cathlamet,WA
46.9734,-123.6924,Central Park,WA
46.7162,-122.9543,Centralia,WA
46.6621,-122.964,Chehalis,WA
47.841,-120.0165,Chelan,WA
47.4874,-117.5758,Cheney,WA
48.2763,-117.7155,Chewelah,WA
47.6115,-122.7104,Chico,WA
46.4163,-117.0452,Clarkston,WA
47.1954,-120.9393,Cle Elum,WA
48.4643,-122.234,Clear Lake,WA
47.8337,-122.126,Clearview,WA
47.6318,-122.2179,Clyde Hill,WA
46.8802,-117.3644,Colfax,WA
46.0493,-118.3883,College Place,WA
48.5466,-117.9055,Colville,WA
46.6635,-118.8611,Connell,WA
46.9554,-123.7738,Cosmopolis,WA
47.7443,-122.0773,Cottage Lake,WA
47.9654,-118.9761,Coulee Dam,WA
47.7485,-117.4044,Country Homes,WA
48.2198,-122.6863,Coupeville,WA
47.3582,-122.1222,Covington,WA
45.6173,-121.1795,Dallesport,WA
48.2554,-121.6015,Darrington,WA
47.654,-118.15,Davenport,WA
46.3237,-117.9724,Dayton,WA
47.9543,-117.4769,Deer Park,WA
47.4018,-122.3243,Des Moines,WA
46.6793,-119.9173,Desert Aire,WA
47.6601,-117.276,Dishman,WA
45.7801,-122.6001,Dollar Corner,WA
47.0968,-122.6312,DuPont,WA
47.7423,-121.9857,Duvall,WA
47.5234,-122.6243,East Port Orchard,WA
47.4848,-122.1123,East Renton Highlands,WA
47.4157,-120.2931,East Wenatchee,WA
47.4257,-120.2812,East Wenatchee Bench,WA
47.5727,-122.1458,Eastgate,WA
46.8673,-122.2665,Eatonville,WA
47.2501,-122.2937,Edgewood,WA
47.8107,-122.3774,Edmonds,WA
47.0532,-122.3976,Elk Plain,WA
46.9965,-120.5478,Ellensburg,WA
47.0034,-123.4088,Elma,WA
47.5848,-122.5987,Enetai,WA
47.676,-120.2084,Entiat,WA
47.2043,-121.9915,Enumclaw,WA
47.3176,-119.5537,Ephrata,WA
47.789,-122.3554,Esperance,WA
47.979,-122.2021,Everett,WA
48.9201,-122.3427,Everson,WA
47.4484,-122.1573,Fairwood,WA
47.7668,-117.4174,Fairwood,WA
47.5673,-121.8887,Fall City,WA
45.7096,-122.7073,Felida,WA
47.3223,-122.3126,Federal Way,WA
45.6365,-122.3987,Fern Prairie,WA
48.8465,-122.591,Ferndale,WA
47.2393,-122.3571,Fife,WA
47.259,-122.3457,Fife Heights,WA
46.154,-119.0339,Finley,WA
47.2395,-122.516,Fircrest,WA
45.6846,-122.5751,Five Corners,WA
47.949,-122.1198,Fobes Hill,WA
46.7351,-122.989,Fords Prairie,WA
47.9504,-124.3855,Forks,WA
47.2515,-122.629,Fox Island,WA
47.0962,-122.3587,Frederickson,WA
48.0095,-122.526,Freeland,WA
48.5343,-123.0171,Friday Harbor,WA
46.0521,-118.4027,Garrett,WA
48.7457,-122.4018,Geneva,WA
47.3293,-122.5801,Gig Harbor,WA
46.6582,-120.6134,Gleed,WA
47.8568,-121.6971,Gold Bar,WA
45.8207,-120.8217,Goldendale,WA
47.0529,-122.2943,Graham,WA
46.7879,-123.0113,Grand Mound,WA
46.251,-119.9017,Grandview,WA
46.3421,-120.1873,Granger,WA
47.8901,-120.2137,Granite Falls,WA
48.084,-121.9687,Granite Falls,WA
47.9187,-122.5543,Hansville,WA
45.6715,-122.6629,Hazel Dell,WA
46.1315,-119.1142,Highland,WA
47.4218,-121.9729,Hobart,WA
45.7379,-122.487,Hockinson,WA
47.2748,-122.7638,Home,WA
46.9809,-123.8893,Hoquiam,WA
47.747,-122.5257,Indianola,WA
47.5301,-122.0326,Issaquah,WA
46.0085,-122.8445,Kalama,WA
46.1468,-122.9084,Kelso,WA
47.7573,-122.244,Kenmore,WA
46.2112,-119.1372,Kennewick,WA
47.3809,-122.2348,Kent,WA
48.6107,-118.0558,Kettle Falls,WA
47.3406,-122.7454,Key Center,WA
47.7987,-122.4982,Kingston,WA
47.727,-122.1796,Kingsgate,WA
47.6815,-122.2087,Kirkland,WA
46.9832,-120.417,Kittitas,WA
47.4312,-122.4365,Klahanie,WA
45.8623,-122.6704,La Center,WA
47.0343,-122.8232,Lacey,WA
47.7568,-122.281,Lake Forest Park,WA
45.6907,-122.6909,Lake Shore,WA
48.0151,-122.0637,Lake Stevens,WA
47.1718,-122.5185,Lakewood,WA
48.0401,-122.4063,Langley,WA
47.5962,-120.6615,Leavenworth,WA
45.8098,-122.5232,Lewisville,WA
47.6759,-117.1182,Liberty Lake,WA
48.0515,-122.0321,Lochsloy,WA
47.812,-122.6582,Lofall,WA
46.3523,-124.0543,Long Beach,WA
47.209,-122.7568,Longbranch,WA
46.1382,-122.9382,Longview,WA
46.1804,-122.9571,Longview Heights,WA
48.9465,-122.4521,Lynden,WA
47.8209,-122.3151,Lynnwood,WA
46.2148,-119.9967,Mabton,WA
47.9815,-122.046,Machias,WA
47.8051,-122.1132,Maltby,WA
47.5559,-122.5449,Manchester,WA
47.8849,-120.1584,Manson,WA
47.3927,-122.0464,Maple Valley,WA
47.4018,-122.5571,Maplewood,WA
48.7871,-122.5804,Marietta,WA
47.8509,-122.2393,Martha Lake,WA
48.0518,-122.1771,Marysville,WA
46.7379,-119.9028,Mattawa,WA
47.0532,-123.2654,McCleary,WA
47.1398,-122.2365,McMillin,WA
47.7674,-117.3549,Mead,WA
45.7585,-122.5604,Meadow Glade,WA
47.8529,-122.3335,Meadowdale,WA
47.5729,-117.6822,Medical Lake,WA
47.6209,-122.2276,Medina,WA
47.5707,-122.2221,Mercer Island,WA
47.167,-122.4048,Midland,WA
47.8601,-122.2043,Mill Creek,WA
45.6429,-122.494,Mill Plain,WA
47.6813,-117.2827,Millwood,WA
47.2482,-122.3129,Milton,WA
45.659,-122.6487,Minnehaha,WA
47.4623,-121.9957,Mirrormont,WA
47.8554,-121.971,Monroe,WA
46.9812,-123.6027,Montesano,WA
46.5584,-122.2751,Morton,WA
47.1301,-119.2781,Moses Lake,WA
48.4212,-122.3341,Mount Vernon,WA
45.7343,-122.6329,Mount Vista,WA
47.7882,-122.3087,Mountlake Terrace,WA
47.9445,-122.3046,Mukilteo,WA
46.5746,-122.9082,Napavine,WA
47.5534,-122.6646,Navy Yard City,WA
47.539,-122.1557,Newcastle,WA
47.5712,-122.1807,Newport,WA
48.1796,-117.0433,Newport,WA
48.9276,-122.3216,Nooksack,WA
47.4362,-122.3407,Normandy Park,WA
47.4957,-121.7868,North Bend,WA
47.8195,-122.1762,North Creek,WA
47.2068,-122.2823,North Puyallup,WA
46.9631,-122.6029,North Yelm,WA
48.2932,-122.6432,Oak Harbor,WA
46.4918,-124.0521,Ocean Park,WA
46.9737,-124.1563,Ocean Shores,WA
48.3613,-119.5834,Okanogan,WA
47.0379,-122.9007,Olympia,WA
48.411,-119.5276,Omak,WA
47.6499,-117.2399,Opportunity,WA
45.6665,-122.5609,Orchards,WA
48.9391,-119.4356,Oroville,WA
47.0979,-122.2043,Orting,WA
46.826,-119.1753,Othello,WA
47.2645,-122.2501,Pacific,WA
47.1554,-122.434,Parkland,WA
47.5331,-122.6101,Parkwood,WA
46.2396,-119.1006,Pasco,WA
48.9854,-123.078,Point Roberts,WA
46.4749,-117.6027,Pomeroy,WA
48.1181,-123.4307,Port Angeles,WA
47.9254,-122.6835,Port Ludlow,WA
47.5404,-122.6363,Port Orchard,WA
48.117,-122.7605,Port Townsend,WA
47.7359,-122.6465,Poulsbo,WA
47.1376,-122.1487,Prairie Ridge,WA
46.2068,-119.7689,Prosser,WA
46.7313,-117.1796,Pullman,WA
47.389,-122.6254,Purdy,WA
47.1854,-122.2929,Puyallup,WA
47.2343,-119.8525,Quincy,WA
46.8882,-122.6885,Rainier,WA
47.3523,-121.9837,Ravensdale,WA
46.6865,-123.7329,Raymond,WA
47.674,-122.1215,Redmond,WA
47.4829,-122.2171,Renton,WA
48.6482,-118.7378,Republic,WA
46.2857,-119.2845,Richland,WA
45.8151,-122.7426,Ridgefield,WA
47.4665,-121.7504,Riverbend,WA
47.4843,-122.2946,Riverton,WA
47.1274,-118.38,Ritzville,WA
46.8218,-123.0962,Rochester,WA
47.5929,-122.6685,Rocky Point,WA
47.3315,-122.6523,Rosedale,WA
46.901,-119.6306,Royal City,WA
45.7107,-122.649,Salmon Creek,WA
47.6418,-122.0804,Sammamish,WA
47.4485,-122.2922,SeaTac,WA
47.6395,-122.8285,Seabeck,WA
47.6062,-122.3321,Seattle,WA
48.5039,-122.2361,Sedro-Woolley,WA
46.654,-120.5301,Selah,WA
48.0795,-123.1018,Sequim,WA
47.2151,-123.1007,Shelton,WA
47.7557,-122.3415,Shoreline,WA
47.6445,-122.6949,Silverdale,WA
48.1154,-122.0971,Sisco Heights,WA
48.1523,-122.1826,Smokey Point,WA
47.9129,-122.0982,Snohomish,WA
47.5287,-121.8254,Snoqualmie,WA
47.3893,-119.4906,Soap Lake,WA
46.6632,-123.8046,South Bend,WA
47.1412,-122.2701,South Hill,WA
47.512,-122.5018,Southworth,WA
47.104,-122.4346,Spanaway,WA
47.6597,-117.4291,Spokane,WA
47.6732,-117.2394,Spokane Valley,WA
48.2412,-122.3707,Stanwood,WA
47.1698,-122.6026,Steilacoom,WA
45.6957,-121.8845,Stevenson,WA
48.7229,-122.3465,Sudden Valley,WA
47.8626,-121.8165,Sultan,WA
49.0001,-122.2649,Sumas,WA
47.1618,-122.3571,Summit,WA
47.2032,-122.2404,Sumner,WA
46.3237,-120.0087,Sunnyside,WA
47.4729,-120.3367,Sunnyslope,WA
47.7312,-122.5524,Suquamish,WA
47.2529,-122.4443,Tacoma,WA
47.4754,-121.7462,Tanner,WA
46.8568,-122.8529,Tenino,WA
46.6062,-120.4398,Terrace Heights,WA
47.9448,-122.0115,Three Lakes,WA
46.7021,-120.7554,Tieton,WA
48.7052,-119.4395,Tonasket,WA
46.3773,-120.3087,Toppenish,WA
47.7274,-117.4216,Town and Country,WA
47.609,-122.6551,Tracyton,WA
47.6966,-117.2108,Trentwood,WA
47.474,-122.261,Tukwila,WA
48.0684,-122.2918,Tulalip,WA
48.0373,-122.3101,Tulalip Bay,WA
47.0073,-122.9093,Tumwater,WA
46.5573,-120.4751,Union Gap,WA
47.2356,-122.5504,University Place,WA
45.6387,-122.6615,Vancouver,WA
47.4473,-122.4599,Vashon,WA
47.6499,-117.2074,Veradale,WA
45.7737,-122.4245,Venersborg,WA
46.2704,-118.1533,Waitsburg,WA
46.0646,-118.343,Walla Walla,WA
47.2007,-122.3693,Waller,WA
45.6679,-122.599,Walnut Grove,WA
46.4476,-120.4203,Wapato,WA
46.9676,-119.0397,Warden,WA
48.1707,-122.3646,Warm Beach,WA
45.5826,-122.3534,Washougal,WA
47.6471,-120.0712,Waterville,WA
47.379,-122.6426,Wauna,WA
47.4235,-120.3103,Wenatchee,WA
47.5776,-122.1012,West Lake Sammamish,WA
47.9934,-122.1018,West Lake Stevens,WA
46.1679,-122.999,West Longview,WA
46.2454,-119.1828,West Pasco,WA
46.3043,-119.3614,West Richland,WA
46.5921,-120.6051,West Valley,WA
47.4437,-120.3534,West Wenatchee,WA
46.8901,-124.1041,Westport,WA
47.5173,-122.3548,White Center,WA
45.7276,-121.4865,White Salmon,WA
46.4912,-122.9379,Winlock,WA
47.6262,-122.5212,Bainbridge Island,WA
47.2687,-122.584,Wollochet,WA
47.7543,-122.1635,Woodinville,WA
45.9046,-122.744,Woodland,WA
47.8787,-121.8985,Woods Creek,WA
47.7962,-122.3829,Woodway,WA
45.8659,-122.4062,Yacolt,WA
46.6021,-120.5059,Yakima,WA
47.6462,-122.2173,Yarrow Point,WA
46.942,-122.606,Yelm,WA
46.4021,-120.262,Zillah,WA
42.7249,-110.9319,Afton,WY
42.9622,-108.4898,Arapahoe,WY
42.9136,-106.3434,Bar Nunn,WY
44.38,-108.039,Basin,WY
44.3483,-106.6989,Buffalo,WY
42.8666,-106.3131,Casper,WY
41.14,-104.8203,Cheyenne,WY
44.5263,-109.0565,Cody,WY
42.7597,-105.3822,Douglas,WY
43.025,-108.7726,Ethete,WY
41.2683,-110.9632,Evanston,WY
42.86,-106.2684,Evansville,WY
43.0063,-108.8824,Fort Washakie,WY
44.2911,-105.5022,Gillette,WY
42.8614,-105.8722,Glenrock,WY
41.5286,-109.4663,Green River,WY
44.4891,-108.0562,Greybull,WY
42.2697,-104.7416,Guernsey,WY
43.2819,-110.7838,Hoback,WY
43.4799,-110.7624,Jackson,WY
41.7925,-110.5377,Kemmerer,WY
42.833,-108.7307,Lander,WY
41.3114,-105.5911,Laramie,WY
44.8374,-108.3896,Lovell,WY
42.7625,-104.4522,Lusk,WY
41.3274,-110.2929,Lyman,WY
42.5536,-110.1093,Marbleton,WY
42.8405,-106.3659,Mills,WY
44.2633,-104.9502,Moorcroft,WY
43.5252,-110.8447,Moose Wilson Road,WY
41.2688,-110.3399,Mountain View,WY
43.8547,-104.2049,Newcastle,WY
41.6436,-109.2657,North Rock Springs,WY
41.1819,-104.0691,Pine Bluffs,WY
42.8666,-109.861,Pinedale,WY
44.7538,-108.7574,Powell,WY
43.426,-110.7991,Rafter J Ranch,WY
41.2186,-104.7903,Ranchettes,WY
41.7911,-107.2387,Rawlins,WY
43.025,-108.3801,Riverton,WY
41.5875,-109.2029,Rock Springs,WY
41.455,-106.8064,Saratoga,WY
44.7972,-106.9562,Sheridan,WY
44.2411,-105.4222,Sleepy Hollow,WY
41.0969,-104.8064,South Greeley,WY
43.4222,-110.7933,South Park,WY
44.4064,-104.3758,Sundance,WY
43.6461,-108.212,Thermopolis,WY
42.0625,-104.1844,Torrington,WY
44.0997,-104.628,Upton,WY
42.0541,-104.953,Wheatland,WY
43.5008,-110.8752,Wilson,WY
44.0169,-107.9554,Worland,WY
43.7469,-105.4706,Wright,WY
42.4221,-123.3081,Fruitdale,OR
42.4073,-124.4218,Gold Beach,OR
40.3769,-111.7958,American Fork,UT
55.4764,-133.1483,Craig,AK
59.2286,-135.4441,Haines,AK
21.4576,-157.8443,Kahalu'u,HI
21.6803,-157.9511,Kahuku,HI
20.8895,-156.4743,Kahului,HI
21.4024,-157.7405,Kailua,HI
19.6393,-155.9902,Kailua-Kona,HI
21.9242,-159.5269,Kalaheo,HI
19.7286,-155.9817,Kalaoa,HI
21.4093,-157.8009,Kane'ohe,HI
22.0752,-159.319,Kapa'a,HI
20.2339,-155.8019,Kapaau,HI
21.0896,-157.0174,Kaunakakai,HI
19.6227,-155.0374,Kea'au,HI
19.5208,-155.9225,Kealakekua,HI
21.9669,-159.7119,Kekaha,HI
20.7071,-156.3545,Keokea,HI
20.7592,-156.458,Kihei,HI
22.2121,-159.4134,Kilauea,HI
21.9024,-159.4642,Koloa,HI
21.1531,-157.0368,Kualapu'u,HI
19.6036,-155.0572,Kurtistown,HI
20.8743,-156.6766,Lahaina,HI
21.6455,-157.9225,La'ie,HI
20.8276,-156.924,Lana'i City,HI
21.9216,-159.5038,Lawa'i,HI
19.4697,-154.9178,Leilani Estates,HI
19.4675,-154.9172,Leilani Estates,HI
21.9812,-159.3721,Lihue,HI
21.4163,-158.1753,Ma'ili,HI
21.4663,-158.2104,Makaha,HI
21.4758,-158.1992,Makaha Valley,HI
21.3469,-158.0858,Makakilo City,HI
20.8569,-156.3131,Makawao,HI
21.3728,-157.7706,Maunawili,HI
21.45,-158.0011,Mililani Town,HI
21.5797,-158.1531,Mokuleia,HI
19.5558,-155.1081,Mountain View,HI
21.3936,-158.1543,Nanakuli,HI
19.5061,-154.9119,Nanawale Estates,HI
19.5069,-154.9133,Nanawale Estates,HI
21.9245,-159.4856,'Oma'o,HI
19.5608,-155.0153,Orchidlands Estates,HI
19.2025,-155.4769,Pahala,HI
20.9033,-156.3694,Paia,HI
19.7872,-155.0933,Papa'ikou,HI
21.3973,-157.9752,"Pearl City, Manana",HI
19.8336,-155.1072,Pepeekeo,HI
22.2176,-159.4789,Princeville,HI
21.9689,-159.4001,Puhi,HI
20.8367,-156.3367,Pukalani,HI
21.5705,-157.8756,Punalu'u,HI
21.5739,-157.8786,Punaluu,HI
21.6546,-158.0607,Pupukea,HI
21.3981,-158.0303,Village Park,HI
19.4428,-155.234,Volcano,HI
21.5028,-158.0246,Wahiawa,HI
21.5769,-158.1315,Waialua,HI
21.1003,-156.7614,Waialua,HI
21.4434,-158.1859,Waianae,HI
20.8581,-156.5069,Waikapu,HI
19.9394,-155.7893,Waikoloa,HI
19.9325,-155.8278,Waikoloa Village,HI
22.0492,-159.3352,Wailua,HI
20.8486,-156.1364,Wailua,HI
20.8911,-156.5047,Wailuku,HI
21.4047,-157.9433,Waimalu,HI
21.3461,-157.7238,Waimanalo,HI
21.3341,-157.7,Waimanalo Beach,HI
21.9571,-159.6689,Waimea,HI
20.0232,-155.6729,Waimea,HI
19.7447,-155.095,Wainaku,HI
21.3867,-158.0092,Waipahu,HI
21.4182,-157.9991,Waipio,HI
21.4648,-158.0133,Waipi'o Acres,HI
21.5143,-158.0246,Whitmore Village,HI
21.9074,-159.5832,'Ele'ele,HI
21.3156,-158.0072,'Ewa Beach,HI
21.3395,-158.0318,'Ewa Gentry,HI
21.3424,-158.044,'Ewa Villages,HI
19.5122,-155.0803,Fern Acres,HI
21.3794,-157.9217,Halawa,HI
21.3785,-157.9139,Halawa Heights,HI
21.5885,-158.1105,Hale'iwa,HI
20.7581,-155.9903,Hana,HI
21.9977,-159.3592,Hanama'ulu,HI
21.9073,-159.5944,Hanapepe,HI
21.9163,-159.5899,Hanapepe Heights,HI
21.6076,-157.9087,Hau'ula,HI
19.5431,-154.9158,Hawaiian Beaches,HI
19.5381,-155.0522,Hawaiian Acres,HI
19.5933,-154.9731,Hawaiian Paradise Park,HI
19.0686,-155.765,Hawaiian Ocean View,HI
19.5014,-154.9706,Hawaiian Paradise Park,HI
20.2414,-155.8328,Hawi,HI
21.4277,-157.808,He'eia,HI
19.7299,-155.0907,Hilo,HI
19.6198,-155.9483,Holualoa,HI
19.5464,-155.9319,Honalo,HI
20.0793,-155.4669,Honoka'a,HI
21.3069,-157.8583,Honolulu,HI
21.3822,-157.9336,'Aiea,HI
21.4447,-157.8378,'Ahuimanu,HI
21.3278,-157.983,Iroquois Point,HI
21.5544,-157.851,Ka'a'awa,HI
20.9288,-156.6942,Ka'anapali,HI
20.9309,-156.6878,Kaanapali Landing,HI
19.5269,-154.9931,Ainaloa,HI
22.1423,-159.3139,Anahola,HI
19.4969,-155.9217,Captain Cook,HI
61.5422,-149.0333,Butte,AK
60.3686,-151.3064,Cohoe,AK
64.8569,-147.8028,College,AK
60.5428,-145.7575,Cordova,AK
59.6761,-151.5575,Diamond Ridge,AK
59.0397,-158.4575,Dillingham,AK
53.8898,-166.5422,Dutch Harbor,AK
61.3214,-149.5678,Eagle River,AK
64.8472,-148.0144,Ester,AK
64.8378,-147.7164,Fairbanks,AK
59.7361,-151.2953,Fritz Creek,AK
61.5728,-149.2408,Gateway,AK
60.9425,-149.1664,Girdwood,AK
63.8569,-148.9661,Healy,AK
59.6425,-151.5494,Homer,AK
61.5311,-166.0967,Hooper Bay,AK
61.6303,-149.8181,Houston,AK
60.4183,-151.29,Kalifornsky,AK
60.5544,-151.2583,Kenai,AK
57.79,-152.4072,Kodiak,AK
66.8985,-162.5981,Kotzebue,AK
61.6261,-148.9456,Lazy Mountain,AK
61.6247,-149.6011,Meadow Lakes,AK
60.6903,-151.2889,Nikiski,AK
64.5011,-165.4064,Nome,AK
64.7511,-147.3494,North Pole,AK
70.2175,-150.9764,Nuiqsut,AK
61.5997,-149.1128,Palmer,AK
70.2553,-148.3372,Prudhoe Bay,AK
60.5319,-151.0853,Ridgeway,AK
55.3366,-160.4988,Sand Point,AK
60.1043,-149.4435,Seward,AK
60.4878,-151.0583,Soldotna,AK
60.5372,-150.7647,Sterling,AK
61.6269,-149.4281,Tanaina,AK
63.3367,-142.9856,Tok,AK
53.8736,-166.5367,Unalaska,AK
61.1308,-146.3483,Valdez,AK
61.5814,-149.4394,Wasilla,AK
61.7472,-150.0375,Willow,AK
54.1356,-165.7731,Akutan,AK
61.2181,-149.9003,Anchorage,AK
59.7767,-151.8314,Anchor Point,AK
64.8,-147.5333,Badger,AK
71.2906,-156.7887,Barrow,AK
60.1642,-149.395,Bear Creek,AK
60.7922,-161.7558,Bethel,AK
61.5214,-149.9544,Big Lake,AK
34.1322,-84.3007,Milton,GA
34.0289,-84.1986,Johns Creek,GA
27.9398,-80.571,Grant-Valkaria,FL
34.5291,-90.59,Helena-West Helena,AR
44.19,-103.3438,Summerset,SD
45.2652,-93.0502,Columbus,MN
25.5783,-80.3377,Cutler Bay,FL
28.5641,-81.2114,Alafaya,FL
33.0992,-97.4464,New Fairview,TX
38.2585,-76.8439,Cobb Island,MD
44.4253,-72.0151,St Johnsbury,VT
43.5497,-70.5756,Dayton,ME
41.9366,-88.3975,Village of Campton Hills,IL
35.139,-79.006,Fort Bragg,NC
44.5647,-93.3269,Elko New Market,MN
41.3734,-74.1784,South Blooming Grove,NY
34.53,-112.2422,Dewey-Humboldt,AZ
41.2237,-73.0616,City of Milford (balance),CT
38.8947,-76.8865,Peppermill Village,MD
26.1233,-80.18,Boulevard Gardens,FL
28.5469,-82.5247,High Point,FL
26.1409,-80.1803,Roosevelt Gardens,FL
45.9019,-112.6571,Butte-Silver Bow (Balance),MT
47.6044,-122.0377,City of Sammamish,WA
38.007,-122.3188,Bayview,CA
34.7381,-106.6685,Las Maravillas,NM
34.759,-106.6409,Monterey Park,NM
48.9382,-122.1473,Peaceful Valley,WA
40.0157,-122.4007,Rancho Tehama Reserve,CA
34.6496,-106.734,Rio Communities,NM
47.866,-122.1551,Silver Firs,WA
34.7105,-112.0115,Verde Village,AZ
38.4645,-121.3469,Vineyard,CA
33.5506,-84.7605,Chattahoochee Hills,GA
33.9242,-116.4414,Desert Edge,CA
40.3956,-75.9622,Fox Chase,PA
29.8425,-81.3145,Saint Augustine South,FL
37.99,-75.4227,Captains Cove,VA
33.2306,-97.0019,Cross Roads,TX
29.6832,-95.9357,Weston Lakes,TX
41.3855,-72.0688,Conning Towers-Nautilus Park,CT
41.3822,-72.4386,Deep River Center,CT
41.3554,-72.391,Essex Village,CT
41.2816,-72.6762,Guilford Center,CT
41.2792,-72.6005,Madison Center,CT
41.88,-72.9753,New Hartford Center,CT
41.7769,-73.0792,Northwest Harwinton,CT
41.2915,-72.3653,Old Saybrook Center,CT
41.4439,-72.125,Oxoboxo River,CT
41.6769,-71.9249,Plainfield Village,CT
41.8809,-72.8112,Simsbury Center,CT
41.4499,-72.8189,Wallingford Center,CT
41.28,-72.4425,Westbrook Center,CT
41.5445,-73.2048,Woodbury Center,CT
41.6851,-70.9064,Acushnet Center,MA
42.075,-70.6584,Green Harbor-Cedar Crest,MA
41.6923,-70.0694,Harwich Center,MA
43.1141,-71.8992,Hillsborough,NH
43.443,-71.5936,Tilton-Northfield,NH
41.5158,-71.2875,Newport East,RI
41.4461,-71.5004,Wakefield-Peacedale,RI
42.0226,-71.2181,Mansfield Center,MA
41.7042,-70.7629,Marion Center,MA
41.666,-70.8072,Mattapoisett Center,MA
41.8946,-70.9262,Middleborough Center,MA
42.1648,-71.3544,Millis-Clicquot,MA
42.099,-72.3048,Monson Center,MA
41.6903,-70.1025,Northwest Harwich,MA
41.9725,-71.1853,Norton Center,MA
42.1023,-70.6574,Ocean Bluff-Brant Rock,MA
41.6401,-73.2031,Bethlehem Village,CT
41.2774,-72.8151,Branford Center,CT
41.345,-72.1295,Central Waterford,CT
41.5026,-72.8995,Cheshire Village,CT
41.4013,-72.4527,Chester Center,CT
40.7804,-76.5753,Fairview-Ferndale,PA
38.7119,-77.1459,Fort Belvoir,VA
44.0584,-75.7619,Fort Drum,NY
37.2469,-77.3344,Fort Lee,VA
39.1082,-76.7432,Fort Meade,MD
39.4669,-76.1307,Aberdeen Proving Ground,MD
38.8053,-76.8746,Andrews AFB,MD
39.1498,-77.005,Ashton-Sandy Spring,MD
41.4416,-74.1163,Beaverdam Lake-Salisbury Mills,NY
39.5543,-76.3731,Bel Air North,MD
39.5051,-76.3198,Bel Air South,MD
40.269,-75.214,Brittany Farms-Highlands,PA
41.4149,-73.6852,Carmel Hamlet,NY
40.5186,-80.2174,Carnot-Moon,PA
40.3182,-80.1933,Cecil-Bishop,PA
41.6271,-80.3101,Conneaut Lakeshore,PA
42.5943,-76.2259,Cortland West,NY
39.1176,-75.4839,Dover Base Housing,DE
40.9728,-72.1891,East Hampton North,NY
40.0398,-74.5817,McGuire AFB,NJ
39.9659,-74.9644,Moorestown-Lenola,NJ
37.8386,-82.0297,Mount Gay-Shamrock,WV
38.7192,-77.1073,Mount Vernon,VA
38.9857,-76.4877,Naval Academy,MD
41.0221,-80.3568,New Castle Northwest,PA
43.0197,-73.8511,North Ballston Spa,NY
42.4703,-76.4623,Northeast Ithaca,NY
42.1494,-79.9946,Northwest Harborcreek,PA
42.4706,-76.5414,Northwest Ithaca,NY
39.6804,-77.6929,Paramount-Long Meadow,MD
44.6831,-73.5029,Plattsburgh West,NY
41.5855,-80.4796,Pymatuning Central,PA
38.5226,-77.3183,Quantico Station,VA
40.8264,-72.6967,Remsenburg-Speonk,NY
39.0998,-75.5049,Rising Sun-Lebanon,DE
41.8504,-74.0738,Rosendale Village,NY
39.1023,-77.069,Leisure World,MD
39.6864,-77.719,Fountainhead-Orchard Hills,MD
38.9632,-77.09,Friendship Village,MD
43.3351,-73.6825,Glens Falls North,NY
41.1018,-72.3719,Greenport West,NY
39.9154,-77.6011,Guilford,PA
39.9532,-74.2378,Holiday City South,NJ
39.9638,-74.278,Holiday City-Berkeley,NJ
40.8721,-79.9206,Homeacre-Lyndora,PA
42.1928,-76.8078,Horseheads North,NY
42.0885,-79.2811,Jamestown West,NY
41.318,-73.8007,Jefferson Valley-Yorktown,NY
40.328,-76.4064,Lebanon South,PA
40.0042,-74.2663,Leisure Village West-Pine Lake Park,NJ
39.8774,-79.7313,Leith-Hatfield,PA
40.1307,-79.8513,Lynnwood-Pricedale,PA
42.0614,-73.9507,Saugerties South,NY
40.9306,-73.1018,Setauket-East Setauket,NY
40.9104,-79.9156,Shanor-Northvue,PA
40.2986,-79.9941,South Park Township,PA
42.985,-78.878,Tonawanda,NY
39.8636,-75.4255,Village Green-Green Ridge,PA
40.837,-75.6864,Weissport East,PA
39.0431,-74.8654,Whitesboro-Burleigh,NJ
40.3298,-74.4451,Whittingham,NJ
40.1775,-79.9068,Wickerham Manor-Fisher,PA
39.6535,-77.8316,Wilson-Conococheague,MD
39.0676,-75.5375,Woodside East,DE
37.7057,-92.1572,Fort Leonard Wood,MO
39.1108,-96.8139,Fort Riley North,KS
47.9549,-97.3866,Grand Forks Air Force Base,ND
40.0521,-82.5417,Granville South,OH
40.6575,-86.1475,Grissom Air Force Base,IN
46.3465,-87.3863,K. I. Sawyer Air Force Base,MI
44.8909,-88.5441,Legend Lake,WI
42.3642,-85.2665,Level Park-Oak Park,MI
41.9757,-84.2862,Manitou Beach-Devils Lake,MI
48.4209,-101.3391,Minot Air Force Base,ND
41.1538,-81.6438,Montrose-Ghent,OH
44.5122,-103.8939,North Spearfish,SD
41.1202,-95.921,Offutt Air Force Base,NE
38.5427,-89.8504,Scott Air Force Base,IL
41.8817,-86.6141,Shorewood-Tower Hills-Harbert,MI
43.1796,-83.3123,Barnes Lake-Millers Lake,MI
41.29,-80.846,Champion Heights,OH
42.3218,-85.5176,Comstock Northwest,MI
42.5689,-83.3836,West Bloomfield Township,MI
38.7302,-93.5589,Whiteman Air Force Base,MO
39.8111,-84.0573,Wright-Patterson AFB,OH
28.3833,-82.1939,Dade City North,FL
29.0077,-81.3113,De Land Southwest,FL
29.4593,-82.5904,East Bronson,FL
27.9827,-82.3788,East Lake-Orient Park,FL
30.4591,-86.5503,Eglin Air Force Base,FL
36.6543,-87.4606,Fort Campbell North,KY
37.8911,-85.9636,Fort Knox,KY
27.4736,-80.3593,Fort Pierce North,FL
27.4096,-80.3548,Fort Pierce South,FL
31.103,-93.1791,Fort Polk North,LA
31.0511,-93.2158,Fort Polk South,LA
31.3428,-85.7154,Fort Rucker,AL
31.8722,-81.61,Fort Stewart,GA
28.3329,-81.6474,Four Corners,FL
28.1055,-82.5259,Greater Northdale,FL
27.2995,-80.2204,Hutchinson Island South,FL
28.8642,-82.3769,Inverness Highlands North,FL
28.8006,-82.3371,Inverness Highlands South,FL
30.1788,-81.7434,Bellair-Meadowbrook Terrace,FL
33.7267,-84.2725,Candler-McAfee,GA
28.3594,-80.7711,Cocoa West,FL
33.6415,-88.4506,Columbus Air Force Base,MS
29.0493,-81.0619,Samsula-Spruce Creek,FL
32.3784,-87.0074,Selmont-West Selmont,AL
35.0347,-82.4926,Slater-Marietta,SC
27.1863,-81.8521,Southeast Arcadia,FL
30.0853,-85.6073,Tyndall Air Force Base,FL
34.877,-87.6972,Underwood-Petersville,AL
28.0692,-82.4361,University,FL
27.6164,-80.4131,Vero Beach South,FL
34.5164,-81.9858,Watts Mills,SC
33.6525,-85.8742,West End-Cobb Town,AL
28.2517,-82.1656,Zephyrhills North,FL
28.2149,-82.1887,Zephyrhills South,FL
28.2308,-82.2056,Zephyrhills West,FL
25.7065,-80.4388,Kendall West,FL
30.7984,-81.5659,Kings Bay Base,GA
29.0007,-81.424,Lake Mack-Forest Hills,FL
34.1205,-81.2645,Lake Murray of Richland,SC
35.5804,-81.0165,Lake Norman of Catawba,NC
32.5505,-88.6185,Meridian Station,MS
34.7161,-81.585,Monarch Mill,SC
30.5111,-81.8093,Nassau Village-Ratliff,FL
28.2603,-82.6926,New Port Richey East,FL
28.5501,-82.5589,North Weeki Wachee,FL
33.9809,-81.1429,Oak Grove,SC
27.9239,-82.3794,Palm River-Clair Mel,FL
34.6839,-86.6476,Redstone Arsenal,AL
32.6091,-83.5844,Robins Air Force Base,GA
46.3874,-117.083,Clarkston Heights-Vineland,WA
38.9943,-104.8637,Air Force Academy,CO
37.4774,-105.8422,Alamosa East,CO
44.2249,-105.4741,Antelope Valley-Crestview,WY
36.9606,-121.834,Aptos Hills-Larkin Valley,CA
38.6025,-121.3785,Arden-Arcade,CA
48.3381,-122.6744,Ault Field,WA
47.7227,-122.7145,Bangor Trident Base,WA
39.1092,-121.3544,Beale Air Force Base,CA
41.7525,-124.1587,Bertsch-Oceanview,CA
34.7809,-111.7623,Village of Oak Creek (Big Park),AZ
38.1155,-122.5132,Black Point-Green Point,CA
36.9847,-119.8746,Bonadelle Ranchos-Madera Ranchos,CA
46.8767,-113.8868,Bonner-West Riverside,MT
37.6021,-121.0052,Bret Harte,CA
47.4943,-122.2409,Bryn Mawr-Skyway,WA
33.3147,-117.316,Camp Pendleton North,CA
33.2284,-117.3793,Camp Pendleton South,CA
34.3969,-103.3244,Cannon Air Force Base,NM
32.764,-116.9688,Casa de Oro-Mount Helix,CA
38.9435,-105.0024,Cascade-Chipita Park,CO
33.4037,-110.8154,Central Heights-Midland City,AZ
39.4645,-121.2634,Challenge-Brownsville,CA
34.9164,-117.9353,Edwards Air Force Base,CA
47.5972,-122.7023,Erlands Point-Kitsap Lake,WA
47.6188,-117.6483,Fairchild Air Force Base,WA
38.0401,-122.5755,Lucas Valley-Marinwood,CA
47.5055,-111.183,Malmstrom Air Force Base,MT
47.4441,-122.0974,Maple Heights-Lake Desire,WA
33.8921,-117.2631,March Air Force Base,CA
48.7897,-122.5537,Marietta-Alderwood,WA
47.134,-122.4916,McChord Air Force Base,WA
38.3214,-122.4868,Fetters Hot Springs-Agua Caliente,CA
33.9677,-118.2444,Florence-Graham,CA
31.8136,-106.4122,Fort Bliss,TX
31.1349,-97.7756,Fort Hood,TX
47.1079,-122.5769,Fort Lewis,WA
41.112,-104.7855,Fox Farm-College,WY
45.464,-122.7589,Garden Home-Whitford,OR
40.0633,-105.1711,Gunbarrel,CO
34.4141,-110.5696,Heber-Overgaard,AZ
46.6988,-111.9521,Helena Valley Northeast,MT
46.7289,-112.0627,Helena Valley Northwest,MT
46.6153,-111.9216,Helena Valley Southeast,MT
46.6629,-112.0604,Helena Valley West Central,MT
46.5967,-112.113,Helena West Side,MT
37.5227,-122.3451,Highlands-Baywood Park,CA
37.4045,-120.8504,Hilmar-Irwin,CA
32.8483,-106.0998,Holloman Air Force Base,NM
33.7443,-116.7259,Idyllwild-Pine Cove,CA
47.7205,-122.2317,Inglewood-Finn Hill,WA
34.2322,-118.2353,La Crescenta-Montrose,CA
29.3866,-98.618,Lackland Air Force Base,TX
38.0179,-122.6912,Lagunitas-Forest Knolls,CA
47.6926,-121.9151,Lake Marcel-Stillwater,WA
47.3325,-122.1029,Lake Morton-Berrydale,WA
47.3334,-122.2769,Lakeland North,WA
47.2784,-122.2833,Lakeland South,WA
38.5134,-122.7509,Larkfield-Wikiup,CA
29.3566,-100.7835,Laughlin Air Force Base,TX
39.2576,-106.3014,Leadville North,CO
36.871,-111.4328,LeChee,AZ
36.2633,-119.9048,Lemoore Station,CA
37.3864,-118.4153,Dixon Lane-Meadow Creek,CA
47.4105,-122.1737,East Hill-Meridian,WA
31.4538,-110.2164,Sierra Vista Southeast,AZ
35.0328,-107.614,Skyline-Ganipa,NM
38.7842,-119.3443,Smith Valley,NV
47.3901,-120.2896,South Wenatchee,WA
47.1943,-119.3172,Moses Lake North,WA
43.0496,-115.8656,Mountain Home Air Force Base,ID
36.2461,-115.0572,Nellis Air Force Base,NV
35.265,-114.0323,New Kingman-Butler,AZ
39.0883,-122.9054,North Lakeport,CA
45.4142,-122.6001,Oatfield,OR
36.0508,-106.069,Ohkay Owingeh,NM
39.5113,-121.4752,Oroville East,CA
47.7099,-117.0798,Otis Orchards-East Farms,WA
36.0564,-119.1492,Poplar-Cotton Center,CA
48.1067,-123.3717,Port Angeles East,WA
48.0327,-122.7853,Port Hadlock-Irondale,WA
43.2645,-123.3033,Roseburg North,OR
38.7473,-104.7144,Security-Widefield,CO
36.3033,-109.2157,Tsaile,AZ
47.6789,-122.0283,Union Hill-Novelty Hill,WA
32.1324,-111.1141,Valencia West,AZ
34.7483,-120.5182,Vandenberg Air Force Base,CA
33.9955,-118.3483,View Park-Windsor Hills,CA
46.0518,-118.304,Walla Walla East,WA
46.4029,-117.064,West Clarkston-Highland,WA
45.5161,-122.7681,West Haven-Sylvan,OR
37.6175,-121.0391,West Modesto,CA
39.7326,-105.1785,West Pleasant View,CO
46.184,-122.9172,West Side Highway,WA
33.976,-118.0691,West Whittier-Los Nietos,CA
41.0449,-124.1024,Westhaven-Moonstone,CA
37.7407,-119.5779,Yosemite Valley,CA
36.1171,-115.33,Summerlin South,NV
39.1502,-120.1612,Sunnyside-Tahoe City,CA
37.9138,-121.2832,Taft Mosswood,CA
37.8783,-122.5362,Tamalpais-Homestead Valley,CA
47.0512,-122.7808,Tanglewilde-Thompson Place,WA
20.9219,-156.3051,Haiku-Pauwela,HI
21.3397,-157.9602,Hickam Field,HI
19.4563,-155.8647,Honaunau-Napoopoo,HI
19.5718,-155.9617,Kahaluu-Keauhou,HI
21.4434,-157.7498,Marine Corps Base Hawaii - MCBH,HI
21.3524,-158.0865,Makakilo,HI
20.9707,-156.6705,Napili-Honokowai,HI
21.4984,-158.0651,Schofield Barracks,HI
21.3939,-158.0267,Royal Kunia,HI
20.9249,-156.5076,Waihee-Waiehu,HI
22.0648,-159.3848,Wailua Homesteads,HI
63.8722,-145.2177,Deltana,AK
64.6633,-147.0544,Eielson Air Force Base,AK
61.6389,-149.1421,Farm Loop,AK
61.744,-149.2361,Fishhook,AK
61.5126,-149.6001,Knik-Fairview,AK
57.7659,-152.6,Kodiak Station,AK
61.6071,-149.3086,Lakes,AK
64.524,-146.9021,Salcha,AK
61.7963,-148.8505,Sutton-Alpine,AK
62.1613,-149.8508,Y,AK
33.1911,-111.528,San Tan Valley,AZ
43.8152,-72.1494,Lyme Town Offices,NH
41.4631,-87.1447,Shorewood Forest,IN
37.4211,-77.6793,Woodlake,VA
39.3046,-86.1184,Cordry Sweetwater Lakes,IN
39.5777,-104.8294,Dove Valley,CO
37.9567,-86.1165,Doe Valley,KY
35.3368,-106.593,Enchanted Hills,NM
29.9271,-95.6267,Oak Cliff Place,TX
34.1973,-118.644,West Hills,CA
38.9258,-77.4016,Oak Hill,VA
41.637,-71.66,West Greenwich,RI
40.6008,-74.6482,Bridgewater,NJ
40.6082,-74.518,Warren Township,NJ
41.1324,-87.9684,Limestone,IL
39.4717,-104.8948,Castle Pines North,CO
39.8286,-86.3822,Fairfield Heights,IN
41.7002,-86.2379,Notre Dame,IN
40.8483,-74.5815,Randolph,NJ
33.4375,-82.6907,Firing Range,GA
33.4122,-82.6752,West Warrenton,GA
41.8219,-71.5067,Johnston,RI
41.1112,-111.9771,Hill Air Force Bace,UT
61.257,-149.6314,Elmendorf Air Force Base,AK
34.5134,-93.0543,Hot Springs National Park,AR
33.7402,-86.6494,Dixiana,AL
33.4308,-86.6109,Shoal Creek,AL
34.8915,-92.1595,Little Rock Air Force Base,AR
40.685,-80.1071,Cranberry Township,PA
37.2734,-76.7415,Williamsburg,VA
30.7568,-81.5717,St Marys,GA
34.0867,-118.2702,Silver Lake,CA
34.0781,-118.2607,Echo Park,CA
38.8951,-77.0364,Washington,DC
